cluster_representative,structure_id,cluster_size,cluster_rank,is_singleton,is_representative,cluster_percentage_of_dataset,cluster_size_percentile,in_top_10_clusters,in_top_20_clusters,in_top_50_clusters,cumulative_coverage_at_rank,dataset_shannon_entropy,dataset_max_shannon_entropy,dataset_normalized_shannon,dataset_simpson_index,dataset_inverse_simpson,dataset_effective_n_clusters,dataset_evenness,dataset_total_structures,dataset_total_clusters,dataset_singleton_clusters,dataset_largest_cluster_size,dataset_mean_cluster_size,dataset_median_cluster_size,dataset_redundancy_pct,dataset
S10_4FXE_1006_49_158_0001_0001_m_4FXE_12556_206_254_0001_0001_m_combined_2_dldesign_0_af2pred,S10_4FXE_1006_49_158_0001_0001_m_4FXE_12556_206_254_0001_0001_m_combined_2_dldesign_0_af2pred,1,35,True,True,0.2028397565922921,15.720081135902635,False,False,True,82.96146044624746,5.721193378963802,7.554588851677638,0.7573136660763881,0.06280626540327257,15.921978381919429,15.921978381919429,0.7573136660763881,493,188,154,91,2.622340425531915,1.0,61.86612576064909,seed_guided
S10_4FXE_1006_49_158_0001_0001_m_4FXE_13069_356_317_0001_0001_m_combined_2_dldesign_0_af2pred,S10_4FXE_1006_49_158_0001_0001_m_4FXE_13069_356_317_0001_0001_m_combined_2_dldesign_0_af2pred,1,36,True,True,0.2028397565922921,15.720081135902635,False,False,True,94.32048681541582,5.721193378963802,7.554588851677638,0.7573136660763881,0.06280626540327257,15.921978381919429,15.921978381919429,0.7573136660763881,493,188,154,91,2.622340425531915,1.0,61.86612576064909,seed_guided
S10_4FXE_1006_49_158_0001_0001_m_4FXE_14937_205_253_0001_0001_m_combined_1_dldesign_0_af2pred,S10_4FXE_1006_49_158_0001_0001_m_4FXE_14937_205_253_0001_0001_m_combined_1_dldesign_0_af2pred,1,37,True,True,0.2028397565922921,15.720081135902635,False,False,True,88.03245436105476,5.721193378963802,7.554588851677638,0.7573136660763881,0.06280626540327257,15.921978381919429,15.921978381919429,0.7573136660763881,493,188,154,91,2.622340425531915,1.0,61.86612576064909,seed_guided
S10_4FXE_1006_49_158_0001_0001_m_4FXE_5700_1223_1203_0001_0001_m_combined_4_dldesign_0_af2pred,S10_4FXE_1006_49_158_0001_0001_m_4FXE_5700_1223_1203_0001_0001_m_combined_4_dldesign_0_af2pred,1,38,True,True,0.2028397565922921,15.720081135902635,False,False,True,88.23529411764706,5.721193378963802,7.554588851677638,0.7573136660763881,0.06280626540327257,15.921978381919429,15.921978381919429,0.7573136660763881,493,188,154,91,2.622340425531915,1.0,61.86612576064909,seed_guided
S10_4FXE_1006_551_660_0001_0001_m_4FXE_10442_225_12_0001_0001_m_combined_1_dldesign_0_af2pred,S10_4FXE_1006_551_660_0001_0001_m_4FXE_10442_225_12_0001_0001_m_combined_1_dldesign_0_af2pred,1,39,True,True,0.2028397565922921,15.720081135902635,False,False,True,88.43813387423936,5.721193378963802,7.554588851677638,0.7573136660763881,0.06280626540327257,15.921978381919429,15.921978381919429,0.7573136660763881,493,188,154,91,2.622340425531915,1.0,61.86612576064909,seed_guided
S10_4FXE_1006_551_660_0001_0001_m_4FXE_10940_224_349_0001_0001_m_combined_2_dldesign_0_af2pred,S10_4FXE_1006_551_660_0001_0001_m_4FXE_10940_224_349_0001_0001_m_combined_2_dldesign_0_af2pred,1,40,True,True,0.2028397565922921,15.720081135902635,False,False,True,88.64097363083164,5.721193378963802,7.554588851677638,0.7573136660763881,0.06280626540327257,15.921978381919429,15.921978381919429,0.7573136660763881,493,188,154,91,2.622340425531915,1.0,61.86612576064909,seed_guided
S10_4FXE_1006_551_660_0001_0001_m_4FXE_13069_356_317_0001_0001_m_combined_0_dldesign_0_af2pred,S10_4FXE_1006_551_660_0001_0001_m_4FXE_13069_356_317_0001_0001_m_combined_0_dldesign_0_af2pred,1,41,True,True,0.2028397565922921,15.720081135902635,False,False,True,88.84381338742394,5.721193378963802,7.554588851677638,0.7573136660763881,0.06280626540327257,15.921978381919429,15.921978381919429,0.7573136660763881,493,188,154,91,2.622340425531915,1.0,61.86612576064909,seed_guided
S10_4FXE_1006_551_660_0001_0001_m_4FXE_13069_356_317_0001_0001_m_combined_2_dldesign_0_af2pred,S10_4FXE_1006_551_660_0001_0001_m_4FXE_13069_356_317_0001_0001_m_combined_2_dldesign_0_af2pred,1,42,True,True,0.2028397565922921,15.720081135902635,False,False,True,89.04665314401623,5.721193378963802,7.554588851677638,0.7573136660763881,0.06280626540327257,15.921978381919429,15.921978381919429,0.7573136660763881,493,188,154,91,2.622340425531915,1.0,61.86612576064909,seed_guided
S10_4FXE_1006_551_660_0001_0001_m_4FXE_14423_1003_1126_0001_0001_m_combined_4_dldesign_0_af2pred,S10_4FXE_1006_551_660_0001_0001_m_4FXE_14423_1003_1126_0001_0001_m_combined_4_dldesign_0_af2pred,1,43,True,True,0.2028397565922921,15.720081135902635,False,False,True,89.24949290060852,5.721193378963802,7.554588851677638,0.7573136660763881,0.06280626540327257,15.921978381919429,15.921978381919429,0.7573136660763881,493,188,154,91,2.622340425531915,1.0,61.86612576064909,seed_guided
S10_4FXE_1006_551_660_0001_0001_m_4FXE_14895_212_353_0001_0001_m_combined_1_dldesign_0_af2pred,S10_4FXE_1006_551_660_0001_0001_m_4FXE_14895_212_353_0001_0001_m_combined_1_dldesign_0_af2pred,1,44,True,True,0.2028397565922921,15.720081135902635,False,False,True,89.45233265720081,5.721193378963802,7.554588851677638,0.7573136660763881,0.06280626540327257,15.921978381919429,15.921978381919429,0.7573136660763881,493,188,154,91,2.622340425531915,1.0,61.86612576064909,seed_guided
S10_4FXE_1006_551_660_0001_0001_m_4FXE_16306_151_176_0001_0001_m_combined_4_dldesign_0_af2pred,S10_4FXE_1006_551_660_0001_0001_m_4FXE_16306_151_176_0001_0001_m_combined_4_dldesign_0_af2pred,1,45,True,True,0.2028397565922921,15.720081135902635,False,False,True,89.65517241379311,5.721193378963802,7.554588851677638,0.7573136660763881,0.06280626540327257,15.921978381919429,15.921978381919429,0.7573136660763881,493,188,154,91,2.622340425531915,1.0,61.86612576064909,seed_guided
S10_4FXE_1006_551_660_0001_0001_m_4FXE_19766_93_45_0001_0001_m_combined_1_dldesign_0_af2pred,S10_4FXE_1006_551_660_0001_0001_m_4FXE_19766_93_45_0001_0001_m_combined_1_dldesign_0_af2pred,1,46,True,True,0.2028397565922921,15.720081135902635,False,False,True,89.8580121703854,5.721193378963802,7.554588851677638,0.7573136660763881,0.06280626540327257,15.921978381919429,15.921978381919429,0.7573136660763881,493,188,154,91,2.622340425531915,1.0,61.86612576064909,seed_guided
S10_4FXE_1006_551_660_0001_0001_m_4FXE_22410_133_110_0001_0001_m_combined_1_dldesign_0_af2pred,S10_4FXE_1006_551_660_0001_0001_m_4FXE_22410_133_110_0001_0001_m_combined_1_dldesign_0_af2pred,1,47,True,True,0.2028397565922921,15.720081135902635,False,False,True,90.06085192697769,5.721193378963802,7.554588851677638,0.7573136660763881,0.06280626540327257,15.921978381919429,15.921978381919429,0.7573136660763881,493,188,154,91,2.622340425531915,1.0,61.86612576064909,seed_guided
S10_4FXE_1006_551_660_0001_0001_m_4FXE_434_195_114_0001_0001_m_combined_2_dldesign_0_af2pred,S10_4FXE_1006_551_660_0001_0001_m_4FXE_434_195_114_0001_0001_m_combined_2_dldesign_0_af2pred,1,48,True,True,0.2028397565922921,15.720081135902635,False,False,True,90.26369168356997,5.721193378963802,7.554588851677638,0.7573136660763881,0.06280626540327257,15.921978381919429,15.921978381919429,0.7573136660763881,493,188,154,91,2.622340425531915,1.0,61.86612576064909,seed_guided
S10_4FXE_1006_551_660_0001_0001_m_4FXE_6811_212_260_0001_0001_m_combined_1_dldesign_0_af2pred,S10_4FXE_1006_551_660_0001_0001_m_4FXE_6811_212_260_0001_0001_m_combined_1_dldesign_0_af2pred,1,49,True,True,0.2028397565922921,15.720081135902635,False,False,True,90.46653144016227,5.721193378963802,7.554588851677638,0.7573136660763881,0.06280626540327257,15.921978381919429,15.921978381919429,0.7573136660763881,493,188,154,91,2.622340425531915,1.0,61.86612576064909,seed_guided
S10_4FXE_10640_11_98_0001_0001_m_4FXE_20055_128_151_0001_0001_m_combined_1_dldesign_0_af2pred,S10_4FXE_10640_11_98_0001_0001_m_4FXE_20055_128_151_0001_0001_m_combined_1_dldesign_0_af2pred,1,50,True,True,0.2028397565922921,15.720081135902635,False,False,True,90.66937119675457,5.721193378963802,7.554588851677638,0.7573136660763881,0.06280626540327257,15.921978381919429,15.921978381919429,0.7573136660763881,493,188,154,91,2.622340425531915,1.0,61.86612576064909,seed_guided
S10_4FXE_10640_11_98_0001_0001_m_4FXE_7253_174_120_0001_0001_m_combined_2_dldesign_0_af2pred,S10_4FXE_10640_11_98_0001_0001_m_4FXE_7253_174_120_0001_0001_m_combined_2_dldesign_0_af2pred,3,13,False,True,0.6085192697768763,39.553752535496955,False,True,True,59.63488843813388,5.721193378963802,7.554588851677638,0.7573136660763881,0.06280626540327257,15.921978381919429,15.921978381919429,0.7573136660763881,493,188,154,91,2.622340425531915,1.0,61.86612576064909,seed_guided
S10_4FXE_10640_11_98_0001_0001_m_4FXE_7253_174_120_0001_0001_m_combined_2_dldesign_0_af2pred,S10_4FXE_23190_4_60_0001_0001_m_4FXE_7253_174_120_0001_0001_m_combined_0_dldesign_0_af2pred,3,13,False,False,0.6085192697768763,39.553752535496955,False,True,True,59.63488843813388,5.721193378963802,7.554588851677638,0.7573136660763881,0.06280626540327257,15.921978381919429,15.921978381919429,0.7573136660763881,493,188,154,91,2.622340425531915,1.0,61.86612576064909,seed_guided
S10_4FXE_10640_11_98_0001_0001_m_4FXE_7253_174_120_0001_0001_m_combined_2_dldesign_0_af2pred,S10_4FXE_23478_492_566_0001_0001_m_4FXE_5349_20_34_0001_0001_m_combined_4_dldesign_0_af2pred,3,13,False,False,0.6085192697768763,39.553752535496955,False,True,True,59.63488843813388,5.721193378963802,7.554588851677638,0.7573136660763881,0.06280626540327257,15.921978381919429,15.921978381919429,0.7573136660763881,493,188,154,91,2.622340425531915,1.0,61.86612576064909,seed_guided
S10_4FXE_10640_211_298_0001_0001_m_4FXE_13069_356_317_0001_0001_m_combined_0_dldesign_0_af2pred,S10_4FXE_10640_211_298_0001_0001_m_4FXE_13069_356_317_0001_0001_m_combined_0_dldesign_0_af2pred,1,51,True,True,0.2028397565922921,15.720081135902635,False,False,False,90.87221095334685,5.721193378963802,7.554588851677638,0.7573136660763881,0.06280626540327257,15.921978381919429,15.921978381919429,0.7573136660763881,493,188,154,91,2.622340425531915,1.0,61.86612576064909,seed_guided
S10_4FXE_10640_211_298_0001_0001_m_4FXE_14395_200_248_0001_0001_m_combined_1_dldesign_0_af2pred,S10_4FXE_10640_211_298_0001_0001_m_4FXE_14395_200_248_0001_0001_m_combined_1_dldesign_0_af2pred,1,52,True,True,0.2028397565922921,15.720081135902635,False,False,False,91.07505070993915,5.721193378963802,7.554588851677638,0.7573136660763881,0.06280626540327257,15.921978381919429,15.921978381919429,0.7573136660763881,493,188,154,91,2.622340425531915,1.0,61.86612576064909,seed_guided
S10_4FXE_11030_21_105_0001_0001_m_4FXE_13069_356_317_0001_0001_m_combined_2_dldesign_0_af2pred,S10_4FXE_11030_21_105_0001_0001_m_4FXE_13069_356_317_0001_0001_m_combined_2_dldesign_0_af2pred,1,53,True,True,0.2028397565922921,15.720081135902635,False,False,False,91.27789046653145,5.721193378963802,7.554588851677638,0.7573136660763881,0.06280626540327257,15.921978381919429,15.921978381919429,0.7573136660763881,493,188,154,91,2.622340425531915,1.0,61.86612576064909,seed_guided
S10_4FXE_11030_21_105_0001_0001_m_4FXE_14423_1003_1126_0001_0001_m_combined_4_dldesign_0_af2pred,S10_4FXE_11030_21_105_0001_0001_m_4FXE_14423_1003_1126_0001_0001_m_combined_4_dldesign_0_af2pred,2,20,False,True,0.4056795131845842,34.38133874239351,False,True,True,68.76267748478702,5.721193378963802,7.554588851677638,0.7573136660763881,0.06280626540327257,15.921978381919429,15.921978381919429,0.7573136660763881,493,188,154,91,2.622340425531915,1.0,61.86612576064909,seed_guided
S10_4FXE_11030_21_105_0001_0001_m_4FXE_14423_1003_1126_0001_0001_m_combined_4_dldesign_0_af2pred,S10_4FXE_11030_21_106_0001_0001_m_4FXE_14423_1003_1126_0001_0001_m_combined_4_dldesign_0_af2pred,2,20,False,False,0.4056795131845842,34.38133874239351,False,True,True,68.76267748478702,5.721193378963802,7.554588851677638,0.7573136660763881,0.06280626540327257,15.921978381919429,15.921978381919429,0.7573136660763881,493,188,154,91,2.622340425531915,1.0,61.86612576064909,seed_guided
S10_4FXE_11030_21_105_0001_0001_m_4FXE_5700_275_259_0001_0001_m_combined_3_dldesign_0_af2pred,S10_4FXE_11030_21_105_0001_0001_m_4FXE_5700_275_259_0001_0001_m_combined_3_dldesign_0_af2pred,1,54,True,True,0.2028397565922921,15.720081135902635,False,False,False,87.82961460446248,5.721193378963802,7.554588851677638,0.7573136660763881,0.06280626540327257,15.921978381919429,15.921978381919429,0.7573136660763881,493,188,154,91,2.622340425531915,1.0,61.86612576064909,seed_guided
S10_4FXE_11030_21_106_0001_0001_m_4FXE_18778_130_141_0001_0001_m_combined_2_dldesign_0_af2pred,S10_4FXE_11030_21_106_0001_0001_m_4FXE_18778_130_141_0001_0001_m_combined_2_dldesign_0_af2pred,1,55,True,True,0.2028397565922921,15.720081135902635,False,False,False,87.62677484787018,5.721193378963802,7.554588851677638,0.7573136660763881,0.06280626540327257,15.921978381919429,15.921978381919429,0.7573136660763881,493,188,154,91,2.622340425531915,1.0,61.86612576064909,seed_guided
S10_4FXE_11920_355_310_0001_0001_m_4FXE_12775_374_602_0001_0001_m_combined_4_dldesign_0_af2pred,S10_4FXE_11920_355_310_0001_0001_m_4FXE_12775_374_602_0001_0001_m_combined_4_dldesign_0_af2pred,2,21,False,True,0.4056795131845842,34.38133874239351,False,False,True,67.95131845841784,5.721193378963802,7.554588851677638,0.7573136660763881,0.06280626540327257,15.921978381919429,15.921978381919429,0.7573136660763881,493,188,154,91,2.622340425531915,1.0,61.86612576064909,seed_guided
S10_4FXE_11920_355_310_0001_0001_m_4FXE_12775_374_602_0001_0001_m_combined_4_dldesign_0_af2pred,S10_4FXE_14734_106_36_0001_0001_m_4FXE_13069_356_317_0001_0001_m_combined_4_dldesign_0_af2pred,2,21,False,False,0.4056795131845842,34.38133874239351,False,False,True,67.95131845841784,5.721193378963802,7.554588851677638,0.7573136660763881,0.06280626540327257,15.921978381919429,15.921978381919429,0.7573136660763881,493,188,154,91,2.622340425531915,1.0,61.86612576064909,seed_guided
S10_4FXE_11920_355_310_0001_0001_m_4FXE_13069_356_317_0001_0001_m_combined_1_dldesign_0_af2pred,S10_4FXE_11920_355_310_0001_0001_m_4FXE_13069_356_317_0001_0001_m_combined_1_dldesign_0_af2pred,1,56,True,True,0.2028397565922921,15.720081135902635,False,False,False,87.4239350912779,5.721193378963802,7.554588851677638,0.7573136660763881,0.06280626540327257,15.921978381919429,15.921978381919429,0.7573136660763881,493,188,154,91,2.622340425531915,1.0,61.86612576064909,seed_guided
S10_4FXE_11920_355_310_0001_0001_m_4FXE_13069_356_317_0001_0001_m_combined_2_dldesign_0_af2pred,S10_4FXE_11920_355_310_0001_0001_m_4FXE_13069_356_317_0001_0001_m_combined_2_dldesign_0_af2pred,2,22,False,True,0.4056795131845842,34.38133874239351,False,False,True,68.35699797160244,5.721193378963802,7.554588851677638,0.7573136660763881,0.06280626540327257,15.921978381919429,15.921978381919429,0.7573136660763881,493,188,154,91,2.622340425531915,1.0,61.86612576064909,seed_guided
S10_4FXE_11920_355_310_0001_0001_m_4FXE_13069_356_317_0001_0001_m_combined_2_dldesign_0_af2pred,S10_4FXE_11920_355_310_0001_0001_m_4FXE_18778_130_141_0001_0001_m_combined_3_dldesign_0_af2pred,2,22,False,False,0.4056795131845842,34.38133874239351,False,False,True,68.35699797160244,5.721193378963802,7.554588851677638,0.7573136660763881,0.06280626540327257,15.921978381919429,15.921978381919429,0.7573136660763881,493,188,154,91,2.622340425531915,1.0,61.86612576064909,seed_guided
S10_4FXE_11920_355_310_0001_0001_m_4FXE_13069_356_317_0001_0001_m_combined_3_dldesign_0_af2pred,S10_4FXE_11920_355_310_0001_0001_m_4FXE_13069_356_317_0001_0001_m_combined_3_dldesign_0_af2pred,1,57,True,True,0.2028397565922921,15.720081135902635,False,False,False,87.2210953346856,5.721193378963802,7.554588851677638,0.7573136660763881,0.06280626540327257,15.921978381919429,15.921978381919429,0.7573136660763881,493,188,154,91,2.622340425531915,1.0,61.86612576064909,seed_guided
S10_4FXE_11920_355_310_0001_0001_m_4FXE_2307_203_251_0001_0001_m_combined_0_dldesign_0_af2pred,S10_4FXE_11920_355_310_0001_0001_m_4FXE_2307_203_251_0001_0001_m_combined_0_dldesign_0_af2pred,1,58,True,True,0.2028397565922921,15.720081135902635,False,False,False,83.56997971602433,5.721193378963802,7.554588851677638,0.7573136660763881,0.06280626540327257,15.921978381919429,15.921978381919429,0.7573136660763881,493,188,154,91,2.622340425531915,1.0,61.86612576064909,seed_guided
S10_4FXE_11920_866_821_0001_0001_m_4FXE_10442_225_12_0001_0001_m_combined_0_dldesign_0_af2pred,S10_4FXE_11920_866_821_0001_0001_m_4FXE_10442_225_12_0001_0001_m_combined_0_dldesign_0_af2pred,1,59,True,True,0.2028397565922921,15.720081135902635,False,False,False,83.77281947261663,5.721193378963802,7.554588851677638,0.7573136660763881,0.06280626540327257,15.921978381919429,15.921978381919429,0.7573136660763881,493,188,154,91,2.622340425531915,1.0,61.86612576064909,seed_guided
S10_4FXE_11920_866_821_0001_0001_m_4FXE_10675_503_537_0001_0001_m_combined_1_dldesign_0_af2pred,S10_4FXE_11920_866_821_0001_0001_m_4FXE_10675_503_537_0001_0001_m_combined_1_dldesign_0_af2pred,3,14,False,True,0.6085192697768763,39.553752535496955,False,True,True,61.4604462474645,5.721193378963802,7.554588851677638,0.7573136660763881,0.06280626540327257,15.921978381919429,15.921978381919429,0.7573136660763881,493,188,154,91,2.622340425531915,1.0,61.86612576064909,seed_guided
S10_4FXE_11920_866_821_0001_0001_m_4FXE_10675_503_537_0001_0001_m_combined_1_dldesign_0_af2pred,S10_4FXE_11920_866_821_0001_0001_m_4FXE_7253_174_120_0001_0001_m_combined_2_dldesign_0_af2pred,3,14,False,False,0.6085192697768763,39.553752535496955,False,True,True,61.4604462474645,5.721193378963802,7.554588851677638,0.7573136660763881,0.06280626540327257,15.921978381919429,15.921978381919429,0.7573136660763881,493,188,154,91,2.622340425531915,1.0,61.86612576064909,seed_guided
S10_4FXE_11920_866_821_0001_0001_m_4FXE_10675_503_537_0001_0001_m_combined_1_dldesign_0_af2pred,S10_4FXE_6951_264_40_0001_0001_m_4FXE_17073_78_300_0001_0001_m_combined_3_dldesign_0_af2pred,3,14,False,False,0.6085192697768763,39.553752535496955,False,True,True,61.4604462474645,5.721193378963802,7.554588851677638,0.7573136660763881,0.06280626540327257,15.921978381919429,15.921978381919429,0.7573136660763881,493,188,154,91,2.622340425531915,1.0,61.86612576064909,seed_guided
S10_4FXE_11920_866_821_0001_0001_m_4FXE_13069_356_317_0001_0001_m_combined_0_dldesign_0_af2pred,S10_4FXE_11920_866_821_0001_0001_m_4FXE_13069_356_317_0001_0001_m_combined_0_dldesign_0_af2pred,1,60,True,True,0.2028397565922921,15.720081135902635,False,False,False,83.97565922920893,5.721193378963802,7.554588851677638,0.7573136660763881,0.06280626540327257,15.921978381919429,15.921978381919429,0.7573136660763881,493,188,154,91,2.622340425531915,1.0,61.86612576064909,seed_guided
S10_4FXE_11920_866_821_0001_0001_m_4FXE_13069_356_317_0001_0001_m_combined_1_dldesign_0_af2pred,S10_4FXE_11920_866_821_0001_0001_m_4FXE_13069_356_317_0001_0001_m_combined_1_dldesign_0_af2pred,1,61,True,True,0.2028397565922921,15.720081135902635,False,False,False,84.17849898580121,5.721193378963802,7.554588851677638,0.7573136660763881,0.06280626540327257,15.921978381919429,15.921978381919429,0.7573136660763881,493,188,154,91,2.622340425531915,1.0,61.86612576064909,seed_guided
S10_4FXE_11920_866_821_0001_0001_m_4FXE_13069_356_317_0001_0001_m_combined_4_dldesign_0_af2pred,S10_4FXE_11920_866_821_0001_0001_m_4FXE_13069_356_317_0001_0001_m_combined_4_dldesign_0_af2pred,1,62,True,True,0.2028397565922921,15.720081135902635,False,False,False,84.38133874239351,5.721193378963802,7.554588851677638,0.7573136660763881,0.06280626540327257,15.921978381919429,15.921978381919429,0.7573136660763881,493,188,154,91,2.622340425531915,1.0,61.86612576064909,seed_guided
S10_4FXE_11920_866_821_0001_0001_m_4FXE_1458_57_6_0001_0001_m_combined_1_dldesign_0_af2pred,S10_4FXE_11920_866_821_0001_0001_m_4FXE_1458_57_6_0001_0001_m_combined_1_dldesign_0_af2pred,1,63,True,True,0.2028397565922921,15.720081135902635,False,False,False,84.5841784989858,5.721193378963802,7.554588851677638,0.7573136660763881,0.06280626540327257,15.921978381919429,15.921978381919429,0.7573136660763881,493,188,154,91,2.622340425531915,1.0,61.86612576064909,seed_guided
S10_4FXE_11920_866_821_0001_0001_m_4FXE_9228_307_430_0001_0001_m_combined_0_dldesign_0_af2pred,S10_4FXE_11920_866_821_0001_0001_m_4FXE_9228_307_430_0001_0001_m_combined_0_dldesign_0_af2pred,1,64,True,True,0.2028397565922921,15.720081135902635,False,False,False,84.78701825557809,5.721193378963802,7.554588851677638,0.7573136660763881,0.06280626540327257,15.921978381919429,15.921978381919429,0.7573136660763881,493,188,154,91,2.622340425531915,1.0,61.86612576064909,seed_guided
S10_4FXE_12201_1091_1166_0001_0001_m_4FXE_13069_356_317_0001_0001_m_combined_0_dldesign_0_af2pred,S10_4FXE_12201_1091_1166_0001_0001_m_4FXE_13069_356_317_0001_0001_m_combined_0_dldesign_0_af2pred,1,65,True,True,0.2028397565922921,15.720081135902635,False,False,False,84.98985801217039,5.721193378963802,7.554588851677638,0.7573136660763881,0.06280626540327257,15.921978381919429,15.921978381919429,0.7573136660763881,493,188,154,91,2.622340425531915,1.0,61.86612576064909,seed_guided
S10_4FXE_12201_1091_1166_0001_0001_m_4FXE_19766_93_45_0001_0001_m_combined_1_dldesign_0_af2pred,S10_4FXE_12201_1091_1166_0001_0001_m_4FXE_19766_93_45_0001_0001_m_combined_1_dldesign_0_af2pred,1,66,True,True,0.2028397565922921,15.720081135902635,False,False,False,83.36713995943205,5.721193378963802,7.554588851677638,0.7573136660763881,0.06280626540327257,15.921978381919429,15.921978381919429,0.7573136660763881,493,188,154,91,2.622340425531915,1.0,61.86612576064909,seed_guided
S10_4FXE_12201_1091_1166_0001_0001_m_4FXE_5700_1223_1203_0001_0001_m_combined_1_dldesign_0_af2pred,S10_4FXE_12201_1091_1166_0001_0001_m_4FXE_5700_1223_1203_0001_0001_m_combined_1_dldesign_0_af2pred,1,67,True,True,0.2028397565922921,15.720081135902635,False,False,False,85.19269776876268,5.721193378963802,7.554588851677638,0.7573136660763881,0.06280626540327257,15.921978381919429,15.921978381919429,0.7573136660763881,493,188,154,91,2.622340425531915,1.0,61.86612576064909,seed_guided
S10_4FXE_6951_264_40_0001_0001_m_4FXE_22897_91_119_0001_0001_m_combined_2_dldesign_0_af2pred,S10_4FXE_6951_264_40_0001_0001_m_4FXE_22897_91_119_0001_0001_m_combined_2_dldesign_0_af2pred,1,120,True,True,0.2028397565922921,15.720081135902635,False,False,False,82.75862068965517,5.721193378963802,7.554588851677638,0.7573136660763881,0.06280626540327257,15.921978381919429,15.921978381919429,0.7573136660763881,493,188,154,91,2.622340425531915,1.0,61.86612576064909,seed_guided
S10_4FXE_6951_264_40_0001_0001_m_4FXE_5700_1223_1203_0001_0001_m_combined_4_dldesign_0_af2pred,S10_4FXE_6951_264_40_0001_0001_m_4FXE_5700_1223_1203_0001_0001_m_combined_4_dldesign_0_af2pred,1,121,True,True,0.2028397565922921,15.720081135902635,False,False,False,72.81947261663286,5.721193378963802,7.554588851677638,0.7573136660763881,0.06280626540327257,15.921978381919429,15.921978381919429,0.7573136660763881,493,188,154,91,2.622340425531915,1.0,61.86612576064909,seed_guided
S10_4FXE_772_210_293_0001_0001_m_4FXE_16430_125_88_0001_0001_m_combined_2_dldesign_0_af2pred,S10_4FXE_772_210_293_0001_0001_m_4FXE_16430_125_88_0001_0001_m_combined_2_dldesign_0_af2pred,1,122,True,True,0.2028397565922921,15.720081135902635,False,False,False,73.02231237322515,5.721193378963802,7.554588851677638,0.7573136660763881,0.06280626540327257,15.921978381919429,15.921978381919429,0.7573136660763881,493,188,154,91,2.622340425531915,1.0,61.86612576064909,seed_guided
S10_4FXE_772_210_293_0001_0001_m_4FXE_2307_203_251_0001_0001_m_combined_2_dldesign_0_af2pred,S10_4FXE_772_210_293_0001_0001_m_4FXE_2307_203_251_0001_0001_m_combined_2_dldesign_0_af2pred,1,123,True,True,0.2028397565922921,15.720081135902635,False,False,False,73.22515212981745,5.721193378963802,7.554588851677638,0.7573136660763881,0.06280626540327257,15.921978381919429,15.921978381919429,0.7573136660763881,493,188,154,91,2.622340425531915,1.0,61.86612576064909,seed_guided
S10_4FXE_772_210_293_0001_0001_m_4FXE_6794_69_50_0001_0001_m_combined_1_dldesign_0_af2pred,S10_4FXE_772_210_293_0001_0001_m_4FXE_6794_69_50_0001_0001_m_combined_1_dldesign_0_af2pred,1,124,True,True,0.2028397565922921,15.720081135902635,False,False,False,73.63083164300203,5.721193378963802,7.554588851677638,0.7573136660763881,0.06280626540327257,15.921978381919429,15.921978381919429,0.7573136660763881,493,188,154,91,2.622340425531915,1.0,61.86612576064909,seed_guided
S10_4FXE_8422_56_40_0001_0001_m_4FXE_7253_174_120_0001_0001_m_combined_2_dldesign_0_af2pred,S10_4FXE_8422_56_40_0001_0001_m_4FXE_7253_174_120_0001_0001_m_combined_2_dldesign_0_af2pred,1,125,True,True,0.2028397565922921,15.720081135902635,False,False,False,73.83367139959432,5.721193378963802,7.554588851677638,0.7573136660763881,0.06280626540327257,15.921978381919429,15.921978381919429,0.7573136660763881,493,188,154,91,2.622340425531915,1.0,61.86612576064909,seed_guided
S10l_4FXE_5700_748_731_0001_0001_m_4FXE_17494_98_65_0001_0001_m_combined_4_dldesign_0_af2pred,S10l_4FXE_5700_748_731_0001_0001_m_4FXE_17494_98_65_0001_0001_m_combined_4_dldesign_0_af2pred,1,126,True,True,0.2028397565922921,15.720081135902635,False,False,False,72.61663286004057,5.721193378963802,7.554588851677638,0.7573136660763881,0.06280626540327257,15.921978381919429,15.921978381919429,0.7573136660763881,493,188,154,91,2.622340425531915,1.0,61.86612576064909,seed_guided
S10l_4FXE_5700_748_731_0001_0001_m_4FXE_20044_401_510_0001_0001_m_combined_3_dldesign_0_af2pred,S10l_4FXE_5700_748_731_0001_0001_m_4FXE_20044_401_510_0001_0001_m_combined_3_dldesign_0_af2pred,1,127,True,True,0.2028397565922921,15.720081135902635,False,False,False,74.0365111561866,5.721193378963802,7.554588851677638,0.7573136660763881,0.06280626540327257,15.921978381919429,15.921978381919429,0.7573136660763881,493,188,154,91,2.622340425531915,1.0,61.86612576064909,seed_guided
S10l_4FXE_5700_748_731_0001_0001_m_4FXE_772_210_293_0001_0001_m_combined_3_dldesign_0_af2pred,S10l_4FXE_5700_748_731_0001_0001_m_4FXE_772_210_293_0001_0001_m_combined_3_dldesign_0_af2pred,1,128,True,True,0.2028397565922921,15.720081135902635,False,False,False,74.4421906693712,5.721193378963802,7.554588851677638,0.7573136660763881,0.06280626540327257,15.921978381919429,15.921978381919429,0.7573136660763881,493,188,154,91,2.622340425531915,1.0,61.86612576064909,seed_guided
S9_4FXE_1006_49_158_0001_0001_m_4FXE_434_195_114_0001_0001_m_combined_1_dldesign_0_af2pred,S9_4FXE_1006_49_158_0001_0001_m_4FXE_434_195_114_0001_0001_m_combined_1_dldesign_0_af2pred,1,129,True,True,0.2028397565922921,15.720081135902635,False,False,False,74.64503042596348,5.721193378963802,7.554588851677638,0.7573136660763881,0.06280626540327257,15.921978381919429,15.921978381919429,0.7573136660763881,493,188,154,91,2.622340425531915,1.0,61.86612576064909,seed_guided
S9_4FXE_1006_551_660_0001_0001_m_4FXE_10442_225_12_0001_0001_m_combined_1_dldesign_0_af2pred,S9_4FXE_1006_551_660_0001_0001_m_4FXE_10442_225_12_0001_0001_m_combined_1_dldesign_0_af2pred,1,130,True,True,0.2028397565922921,15.720081135902635,False,False,False,75.05070993914808,5.721193378963802,7.554588851677638,0.7573136660763881,0.06280626540327257,15.921978381919429,15.921978381919429,0.7573136660763881,493,188,154,91,2.622340425531915,1.0,61.86612576064909,seed_guided
S9_4FXE_1006_551_660_0001_0001_m_4FXE_1458_57_6_0001_0001_m_combined_0_dldesign_0_af2pred,S9_4FXE_1006_551_660_0001_0001_m_4FXE_1458_57_6_0001_0001_m_combined_0_dldesign_0_af2pred,2,30,False,True,0.4056795131845842,34.38133874239351,False,False,True,66.7342799188641,5.721193378963802,7.554588851677638,0.7573136660763881,0.06280626540327257,15.921978381919429,15.921978381919429,0.7573136660763881,493,188,154,91,2.622340425531915,1.0,61.86612576064909,seed_guided
S9_4FXE_1006_551_660_0001_0001_m_4FXE_1458_57_6_0001_0001_m_combined_0_dldesign_0_af2pred,S9_4FXE_11920_355_310_0001_0001_m_4FXE_1458_57_6_0001_0001_m_combined_0_dldesign_0_af2pred,2,30,False,False,0.4056795131845842,34.38133874239351,False,False,True,66.7342799188641,5.721193378963802,7.554588851677638,0.7573136660763881,0.06280626540327257,15.921978381919429,15.921978381919429,0.7573136660763881,493,188,154,91,2.622340425531915,1.0,61.86612576064909,seed_guided
S9_4FXE_1006_551_660_0001_0001_m_4FXE_49_301_277_0001_0001_m_combined_1_dldesign_0_af2pred,S9_4FXE_1006_551_660_0001_0001_m_4FXE_49_301_277_0001_0001_m_combined_1_dldesign_0_af2pred,2,31,False,True,0.4056795131845842,34.38133874239351,False,False,True,63.894523326572006,5.721193378963802,7.554588851677638,0.7573136660763881,0.06280626540327257,15.921978381919429,15.921978381919429,0.7573136660763881,493,188,154,91,2.622340425531915,1.0,61.86612576064909,seed_guided
S9_4FXE_1006_551_660_0001_0001_m_4FXE_49_301_277_0001_0001_m_combined_1_dldesign_0_af2pred,S9_4FXE_16879_129_97_0001_0001_m_4FXE_6811_212_260_0001_0001_m_combined_1_dldesign_0_af2pred,2,31,False,False,0.4056795131845842,34.38133874239351,False,False,True,63.894523326572006,5.721193378963802,7.554588851677638,0.7573136660763881,0.06280626540327257,15.921978381919429,15.921978381919429,0.7573136660763881,493,188,154,91,2.622340425531915,1.0,61.86612576064909,seed_guided
S9_4FXE_1006_551_660_0001_0001_m_4FXE_5349_20_34_0001_0001_m_combined_1_dldesign_0_af2pred,S9_4FXE_1006_551_660_0001_0001_m_4FXE_5349_20_34_0001_0001_m_combined_1_dldesign_0_af2pred,1,131,True,True,0.2028397565922921,15.720081135902635,False,False,False,70.58823529411765,5.721193378963802,7.554588851677638,0.7573136660763881,0.06280626540327257,15.921978381919429,15.921978381919429,0.7573136660763881,493,188,154,91,2.622340425531915,1.0,61.86612576064909,seed_guided
S9_4FXE_1006_551_660_0001_0001_m_4FXE_6794_69_50_0001_0001_m_combined_0_dldesign_0_af2pred,S9_4FXE_1006_551_660_0001_0001_m_4FXE_6794_69_50_0001_0001_m_combined_0_dldesign_0_af2pred,1,132,True,True,0.2028397565922921,15.720081135902635,False,False,False,72.00811359026369,5.721193378963802,7.554588851677638,0.7573136660763881,0.06280626540327257,15.921978381919429,15.921978381919429,0.7573136660763881,493,188,154,91,2.622340425531915,1.0,61.86612576064909,seed_guided
S9_4FXE_10640_11_98_0001_0001_m_4FXE_10675_503_537_0001_0001_m_combined_0_dldesign_0_af2pred,S9_4FXE_10640_11_98_0001_0001_m_4FXE_10675_503_537_0001_0001_m_combined_0_dldesign_0_af2pred,1,133,True,True,0.2028397565922921,15.720081135902635,False,False,False,69.3711967545639,5.721193378963802,7.554588851677638,0.7573136660763881,0.06280626540327257,15.921978381919429,15.921978381919429,0.7573136660763881,493,188,154,91,2.622340425531915,1.0,61.86612576064909,seed_guided
S9_4FXE_10640_11_98_0001_0001_m_4FXE_5700_1223_1203_0001_0001_m_combined_0_dldesign_0_af2pred,S9_4FXE_10640_11_98_0001_0001_m_4FXE_5700_1223_1203_0001_0001_m_combined_0_dldesign_0_af2pred,1,134,True,True,0.2028397565922921,15.720081135902635,False,False,False,69.57403651115618,5.721193378963802,7.554588851677638,0.7573136660763881,0.06280626540327257,15.921978381919429,15.921978381919429,0.7573136660763881,493,188,154,91,2.622340425531915,1.0,61.86612576064909,seed_guided
S9_4FXE_10640_211_298_0001_0001_m_4FXE_10940_224_349_0001_0001_m_combined_0_dldesign_0_af2pred,S9_4FXE_10640_211_298_0001_0001_m_4FXE_10940_224_349_0001_0001_m_combined_0_dldesign_0_af2pred,1,135,True,True,0.2028397565922921,15.720081135902635,False,False,False,69.77687626774848,5.721193378963802,7.554588851677638,0.7573136660763881,0.06280626540327257,15.921978381919429,15.921978381919429,0.7573136660763881,493,188,154,91,2.622340425531915,1.0,61.86612576064909,seed_guided
S9_4FXE_10640_211_298_0001_0001_m_4FXE_14423_1003_1126_0001_0001_m_combined_1_dldesign_0_af2pred,S9_4FXE_10640_211_298_0001_0001_m_4FXE_14423_1003_1126_0001_0001_m_combined_1_dldesign_0_af2pred,4,12,False,True,0.8113590263691683,42.90060851926978,False,True,True,58.41784989858012,5.721193378963802,7.554588851677638,0.7573136660763881,0.06280626540327257,15.921978381919429,15.921978381919429,0.7573136660763881,493,188,154,91,2.622340425531915,1.0,61.86612576064909,seed_guided
S9_4FXE_10640_211_298_0001_0001_m_4FXE_14423_1003_1126_0001_0001_m_combined_1_dldesign_0_af2pred,S9_4FXE_10640_211_298_0001_0001_m_4FXE_10940_224_349_0001_0001_m_combined_1_dldesign_0_af2pred,4,12,False,False,0.8113590263691683,42.90060851926978,False,True,True,58.41784989858012,5.721193378963802,7.554588851677638,0.7573136660763881,0.06280626540327257,15.921978381919429,15.921978381919429,0.7573136660763881,493,188,154,91,2.622340425531915,1.0,61.86612576064909,seed_guided
S9_4FXE_10640_211_298_0001_0001_m_4FXE_14423_1003_1126_0001_0001_m_combined_1_dldesign_0_af2pred,S9_4FXE_14742_24_58_0001_0001_m_4FXE_14395_200_248_0001_0001_m_combined_1_dldesign_0_af2pred,4,12,False,False,0.8113590263691683,42.90060851926978,False,True,True,58.41784989858012,5.721193378963802,7.554588851677638,0.7573136660763881,0.06280626540327257,15.921978381919429,15.921978381919429,0.7573136660763881,493,188,154,91,2.622340425531915,1.0,61.86612576064909,seed_guided
S9_4FXE_10640_211_298_0001_0001_m_4FXE_14423_1003_1126_0001_0001_m_combined_1_dldesign_0_af2pred,S9_4FXE_872_34_4_0001_0001_m_4FXE_14423_1003_1126_0001_0001_m_combined_1_dldesign_0_af2pred,4,12,False,False,0.8113590263691683,42.90060851926978,False,True,True,58.41784989858012,5.721193378963802,7.554588851677638,0.7573136660763881,0.06280626540327257,15.921978381919429,15.921978381919429,0.7573136660763881,493,188,154,91,2.622340425531915,1.0,61.86612576064909,seed_guided
S9_4FXE_11030_21_106_0001_0001_m_4FXE_18778_130_141_0001_0001_m_combined_0_dldesign_0_af2pred,S9_4FXE_11030_21_106_0001_0001_m_4FXE_18778_130_141_0001_0001_m_combined_0_dldesign_0_af2pred,1,136,True,True,0.2028397565922921,15.720081135902635,False,False,False,70.18255578093306,5.721193378963802,7.554588851677638,0.7573136660763881,0.06280626540327257,15.921978381919429,15.921978381919429,0.7573136660763881,493,188,154,91,2.622340425531915,1.0,61.86612576064909,seed_guided
S9_4FXE_11920_355_310_0001_0001_m_4FXE_10675_503_537_0001_0001_m_combined_1_dldesign_0_af2pred,S9_4FXE_11920_355_310_0001_0001_m_4FXE_10675_503_537_0001_0001_m_combined_1_dldesign_0_af2pred,1,137,True,True,0.2028397565922921,15.720081135902635,False,False,False,69.1683569979716,5.721193378963802,7.554588851677638,0.7573136660763881,0.06280626540327257,15.921978381919429,15.921978381919429,0.7573136660763881,493,188,154,91,2.622340425531915,1.0,61.86612576064909,seed_guided
S9_4FXE_12201_1091_1166_0001_0001_m_4FXE_22410_133_110_0001_0001_m_combined_1_dldesign_0_af2pred,S9_4FXE_12201_1091_1166_0001_0001_m_4FXE_22410_133_110_0001_0001_m_combined_1_dldesign_0_af2pred,1,138,True,True,0.2028397565922921,15.720081135902635,False,False,False,70.79107505070994,5.721193378963802,7.554588851677638,0.7573136660763881,0.06280626540327257,15.921978381919429,15.921978381919429,0.7573136660763881,493,188,154,91,2.622340425531915,1.0,61.86612576064909,seed_guided
S9_4FXE_12201_1091_1166_0001_0001_m_4FXE_23279_201_249_0001_0001_m_combined_1_dldesign_0_af2pred,S9_4FXE_12201_1091_1166_0001_0001_m_4FXE_23279_201_249_0001_0001_m_combined_1_dldesign_0_af2pred,1,139,True,True,0.2028397565922921,15.720081135902635,False,False,False,70.99391480730223,5.721193378963802,7.554588851677638,0.7573136660763881,0.06280626540327257,15.921978381919429,15.921978381919429,0.7573136660763881,493,188,154,91,2.622340425531915,1.0,61.86612576064909,seed_guided
S9_4FXE_1226_54_24_0001_0001_m_4FXE_10442_225_12_0001_0001_m_combined_0_dldesign_0_af2pred,S9_4FXE_1226_54_24_0001_0001_m_4FXE_10442_225_12_0001_0001_m_combined_0_dldesign_0_af2pred,1,140,True,True,0.2028397565922921,15.720081135902635,False,False,False,71.39959432048681,5.721193378963802,7.554588851677638,0.7573136660763881,0.06280626540327257,15.921978381919429,15.921978381919429,0.7573136660763881,493,188,154,91,2.622340425531915,1.0,61.86612576064909,seed_guided
S9_4FXE_1226_54_24_0001_0001_m_4FXE_10675_503_537_0001_0001_m_combined_0_dldesign_0_af2pred,S9_4FXE_1226_54_24_0001_0001_m_4FXE_10675_503_537_0001_0001_m_combined_0_dldesign_0_af2pred,1,141,True,True,0.2028397565922921,15.720081135902635,False,False,False,71.60243407707911,5.721193378963802,7.554588851677638,0.7573136660763881,0.06280626540327257,15.921978381919429,15.921978381919429,0.7573136660763881,493,188,154,91,2.622340425531915,1.0,61.86612576064909,seed_guided
S9_4FXE_1226_54_24_0001_0001_m_4FXE_14937_205_253_0001_0001_m_combined_1_dldesign_0_af2pred,S9_4FXE_1226_54_24_0001_0001_m_4FXE_14937_205_253_0001_0001_m_combined_1_dldesign_0_af2pred,1,142,True,True,0.2028397565922921,15.720081135902635,False,False,False,71.8052738336714,5.721193378963802,7.554588851677638,0.7573136660763881,0.06280626540327257,15.921978381919429,15.921978381919429,0.7573136660763881,493,188,154,91,2.622340425531915,1.0,61.86612576064909,seed_guided
S9_4FXE_14734_106_36_0001_0001_m_4FXE_14423_1003_1126_0001_0001_m_combined_0_dldesign_0_af2pred,S9_4FXE_14734_106_36_0001_0001_m_4FXE_14423_1003_1126_0001_0001_m_combined_0_dldesign_0_af2pred,1,143,True,True,0.2028397565922921,15.720081135902635,False,False,False,75.65922920892496,5.721193378963802,7.554588851677638,0.7573136660763881,0.06280626540327257,15.921978381919429,15.921978381919429,0.7573136660763881,493,188,154,91,2.622340425531915,1.0,61.86612576064909,seed_guided
S9_4FXE_14734_106_36_0001_0001_m_4FXE_16430_125_88_0001_0001_m_combined_0_dldesign_0_af2pred,S9_4FXE_14734_106_36_0001_0001_m_4FXE_16430_125_88_0001_0001_m_combined_0_dldesign_0_af2pred,1,144,True,True,0.2028397565922921,15.720081135902635,False,False,False,72.41379310344827,5.721193378963802,7.554588851677638,0.7573136660763881,0.06280626540327257,15.921978381919429,15.921978381919429,0.7573136660763881,493,188,154,91,2.622340425531915,1.0,61.86612576064909,seed_guided
S9_4FXE_14734_106_36_0001_0001_m_4FXE_20643_531_554_0001_0001_m_combined_1_dldesign_0_af2pred,S9_4FXE_14734_106_36_0001_0001_m_4FXE_20643_531_554_0001_0001_m_combined_1_dldesign_0_af2pred,3,15,False,True,0.6085192697768763,39.553752535496955,False,True,True,62.06896551724138,5.721193378963802,7.554588851677638,0.7573136660763881,0.06280626540327257,15.921978381919429,15.921978381919429,0.7573136660763881,493,188,154,91,2.622340425531915,1.0,61.86612576064909,seed_guided
S9_4FXE_14734_106_36_0001_0001_m_4FXE_20643_531_554_0001_0001_m_combined_1_dldesign_0_af2pred,S9_4FXE_14734_106_36_0001_0001_m_4FXE_5700_275_259_0001_0001_m_combined_0_dldesign_0_af2pred,3,15,False,False,0.6085192697768763,39.553752535496955,False,True,True,62.06896551724138,5.721193378963802,7.554588851677638,0.7573136660763881,0.06280626540327257,15.921978381919429,15.921978381919429,0.7573136660763881,493,188,154,91,2.622340425531915,1.0,61.86612576064909,seed_guided
S9_4FXE_14734_106_36_0001_0001_m_4FXE_20643_531_554_0001_0001_m_combined_1_dldesign_0_af2pred,S9_4FXE_872_34_4_0001_0001_m_4FXE_12775_374_602_0001_0001_m_combined_0_dldesign_0_af2pred,3,15,False,False,0.6085192697768763,39.553752535496955,False,True,True,62.06896551724138,5.721193378963802,7.554588851677638,0.7573136660763881,0.06280626540327257,15.921978381919429,15.921978381919429,0.7573136660763881,493,188,154,91,2.622340425531915,1.0,61.86612576064909,seed_guided
S9_4FXE_14742_24_58_0001_0001_m_4FXE_12775_374_602_0001_0001_m_combined_0_dldesign_0_af2pred,S9_4FXE_14742_24_58_0001_0001_m_4FXE_12775_374_602_0001_0001_m_combined_0_dldesign_0_af2pred,1,145,True,True,0.2028397565922921,15.720081135902635,False,False,False,82.55578093306288,5.721193378963802,7.554588851677638,0.7573136660763881,0.06280626540327257,15.921978381919429,15.921978381919429,0.7573136660763881,493,188,154,91,2.622340425531915,1.0,61.86612576064909,seed_guided
S9_4FXE_16391_40_23_0001_0001_m_4FXE_20643_531_554_0001_0001_m_combined_0_dldesign_0_af2pred,S9_4FXE_16391_40_23_0001_0001_m_4FXE_20643_531_554_0001_0001_m_combined_0_dldesign_0_af2pred,1,146,True,True,0.2028397565922921,15.720081135902635,False,False,False,82.1501014198783,5.721193378963802,7.554588851677638,0.7573136660763881,0.06280626540327257,15.921978381919429,15.921978381919429,0.7573136660763881,493,188,154,91,2.622340425531915,1.0,61.86612576064909,seed_guided
S9_4FXE_16539_5_83_0001_0001_m_4FXE_20643_531_554_0001_0001_m_combined_1_dldesign_0_af2pred,S9_4FXE_16539_5_83_0001_0001_m_4FXE_20643_531_554_0001_0001_m_combined_1_dldesign_0_af2pred,1,147,True,True,0.2028397565922921,15.720081135902635,False,False,False,81.947261663286,5.721193378963802,7.554588851677638,0.7573136660763881,0.06280626540327257,15.921978381919429,15.921978381919429,0.7573136660763881,493,188,154,91,2.622340425531915,1.0,61.86612576064909,seed_guided
S9_4FXE_16879_129_97_0001_0001_m_4FXE_13069_356_317_0001_0001_m_combined_0_dldesign_0_af2pred,S9_4FXE_16879_129_97_0001_0001_m_4FXE_13069_356_317_0001_0001_m_combined_0_dldesign_0_af2pred,1,148,True,True,0.2028397565922921,15.720081135902635,False,False,False,81.74442190669372,5.721193378963802,7.554588851677638,0.7573136660763881,0.06280626540327257,15.921978381919429,15.921978381919429,0.7573136660763881,493,188,154,91,2.622340425531915,1.0,61.86612576064909,seed_guided
S9_4FXE_16879_129_97_0001_0001_m_4FXE_18778_130_141_0001_0001_m_combined_0_dldesign_0_af2pred,S9_4FXE_16879_129_97_0001_0001_m_4FXE_18778_130_141_0001_0001_m_combined_0_dldesign_0_af2pred,2,32,False,True,0.4056795131845842,34.38133874239351,False,False,True,64.3002028397566,5.721193378963802,7.554588851677638,0.7573136660763881,0.06280626540327257,15.921978381919429,15.921978381919429,0.7573136660763881,493,188,154,91,2.622340425531915,1.0,61.86612576064909,seed_guided
S9_4FXE_16879_129_97_0001_0001_m_4FXE_18778_130_141_0001_0001_m_combined_0_dldesign_0_af2pred,S9_4FXE_11920_355_310_0001_0001_m_4FXE_10940_224_349_0001_0001_m_combined_0_dldesign_0_af2pred,2,32,False,False,0.4056795131845842,34.38133874239351,False,False,True,64.3002028397566,5.721193378963802,7.554588851677638,0.7573136660763881,0.06280626540327257,15.921978381919429,15.921978381919429,0.7573136660763881,493,188,154,91,2.622340425531915,1.0,61.86612576064909,seed_guided
S9_4FXE_16879_129_97_0001_0001_m_4FXE_5700_275_259_0001_0001_m_combined_1_dldesign_0_af2pred,S9_4FXE_16879_129_97_0001_0001_m_4FXE_5700_275_259_0001_0001_m_combined_1_dldesign_0_af2pred,1,149,True,True,0.2028397565922921,15.720081135902635,False,False,False,80.93306288032454,5.721193378963802,7.554588851677638,0.7573136660763881,0.06280626540327257,15.921978381919429,15.921978381919429,0.7573136660763881,493,188,154,91,2.622340425531915,1.0,61.86612576064909,seed_guided
S9_4FXE_16879_129_97_0001_0001_m_4FXE_6024_206_254_0001_0001_m_combined_0_dldesign_0_af2pred,S9_4FXE_16879_129_97_0001_0001_m_4FXE_6024_206_254_0001_0001_m_combined_0_dldesign_0_af2pred,1,150,True,True,0.2028397565922921,15.720081135902635,False,False,False,80.73022312373224,5.721193378963802,7.554588851677638,0.7573136660763881,0.06280626540327257,15.921978381919429,15.921978381919429,0.7573136660763881,493,188,154,91,2.622340425531915,1.0,61.86612576064909,seed_guided
S9_4FXE_18567_236_1288_0001_0001_m_4FXE_13069_356_317_0001_0001_m_combined_0_dldesign_0_af2pred,S9_4FXE_18567_236_1288_0001_0001_m_4FXE_13069_356_317_0001_0001_m_combined_0_dldesign_0_af2pred,1,151,True,True,0.2028397565922921,15.720081135902635,False,False,False,80.52738336713996,5.721193378963802,7.554588851677638,0.7573136660763881,0.06280626540327257,15.921978381919429,15.921978381919429,0.7573136660763881,493,188,154,91,2.622340425531915,1.0,61.86612576064909,seed_guided
S10_4FXE_1226_54_24_0001_0001_m_4FXE_10442_225_12_0001_0001_m_combined_0_dldesign_0_af2pred,S10_4FXE_1226_54_24_0001_0001_m_4FXE_10442_225_12_0001_0001_m_combined_0_dldesign_0_af2pred,1,68,True,True,0.2028397565922921,15.720081135902635,False,False,False,85.59837728194726,5.721193378963802,7.554588851677638,0.7573136660763881,0.06280626540327257,15.921978381919429,15.921978381919429,0.7573136660763881,493,188,154,91,2.622340425531915,1.0,61.86612576064909,seed_guided
S10_4FXE_1226_54_24_0001_0001_m_4FXE_12775_63_291_0001_0001_m_combined_0_dldesign_0_af2pred,S10_4FXE_1226_54_24_0001_0001_m_4FXE_12775_63_291_0001_0001_m_combined_0_dldesign_0_af2pred,1,69,True,True,0.2028397565922921,15.720081135902635,False,False,False,85.80121703853955,5.721193378963802,7.554588851677638,0.7573136660763881,0.06280626540327257,15.921978381919429,15.921978381919429,0.7573136660763881,493,188,154,91,2.622340425531915,1.0,61.86612576064909,seed_guided
S10_4FXE_1226_54_24_0001_0001_m_4FXE_14423_1003_1126_0001_0001_m_combined_4_dldesign_0_af2pred,S10_4FXE_1226_54_24_0001_0001_m_4FXE_14423_1003_1126_0001_0001_m_combined_4_dldesign_0_af2pred,1,70,True,True,0.2028397565922921,15.720081135902635,False,False,False,86.00405679513185,5.721193378963802,7.554588851677638,0.7573136660763881,0.06280626540327257,15.921978381919429,15.921978381919429,0.7573136660763881,493,188,154,91,2.622340425531915,1.0,61.86612576064909,seed_guided
S10_4FXE_1226_54_24_0001_0001_m_4FXE_5700_1223_1203_0001_0001_m_combined_0_dldesign_0_af2pred,S10_4FXE_1226_54_24_0001_0001_m_4FXE_5700_1223_1203_0001_0001_m_combined_0_dldesign_0_af2pred,1,71,True,True,0.2028397565922921,15.720081135902635,False,False,False,86.20689655172414,5.721193378963802,7.554588851677638,0.7573136660763881,0.06280626540327257,15.921978381919429,15.921978381919429,0.7573136660763881,493,188,154,91,2.622340425531915,1.0,61.86612576064909,seed_guided
S10_4FXE_14734_106_36_0001_0001_m_4FXE_13069_356_317_0001_0001_m_combined_0_dldesign_0_af2pred,S10_4FXE_14734_106_36_0001_0001_m_4FXE_13069_356_317_0001_0001_m_combined_0_dldesign_0_af2pred,1,72,True,True,0.2028397565922921,15.720081135902635,False,False,False,86.40973630831643,5.721193378963802,7.554588851677638,0.7573136660763881,0.06280626540327257,15.921978381919429,15.921978381919429,0.7573136660763881,493,188,154,91,2.622340425531915,1.0,61.86612576064909,seed_guided
S10_4FXE_14734_106_36_0001_0001_m_4FXE_6024_206_254_0001_0001_m_combined_2_dldesign_0_af2pred,S10_4FXE_14734_106_36_0001_0001_m_4FXE_6024_206_254_0001_0001_m_combined_2_dldesign_0_af2pred,1,73,True,True,0.2028397565922921,15.720081135902635,False,False,False,86.61257606490872,5.721193378963802,7.554588851677638,0.7573136660763881,0.06280626540327257,15.921978381919429,15.921978381919429,0.7573136660763881,493,188,154,91,2.622340425531915,1.0,61.86612576064909,seed_guided
S10_4FXE_16391_40_23_0001_0001_m_4FXE_13069_356_317_0001_0001_m_combined_0_dldesign_0_af2pred,S10_4FXE_16391_40_23_0001_0001_m_4FXE_13069_356_317_0001_0001_m_combined_0_dldesign_0_af2pred,1,74,True,True,0.2028397565922921,15.720081135902635,False,False,False,86.81541582150102,5.721193378963802,7.554588851677638,0.7573136660763881,0.06280626540327257,15.921978381919429,15.921978381919429,0.7573136660763881,493,188,154,91,2.622340425531915,1.0,61.86612576064909,seed_guided
S10_4FXE_16391_40_23_0001_0001_m_4FXE_14423_1003_1126_0001_0001_m_combined_2_dldesign_0_af2pred,S10_4FXE_16391_40_23_0001_0001_m_4FXE_14423_1003_1126_0001_0001_m_combined_2_dldesign_0_af2pred,1,75,True,True,0.2028397565922921,15.720081135902635,False,False,False,87.0182555780933,5.721193378963802,7.554588851677638,0.7573136660763881,0.06280626540327257,15.921978381919429,15.921978381919429,0.7573136660763881,493,188,154,91,2.622340425531915,1.0,61.86612576064909,seed_guided
S10_4FXE_16539_5_83_0001_0001_m_4FXE_5700_275_259_0001_0001_m_combined_3_dldesign_0_af2pred,S10_4FXE_16539_5_83_0001_0001_m_4FXE_5700_275_259_0001_0001_m_combined_3_dldesign_0_af2pred,39,4,False,True,7.910750507099391,58.21501014198783,True,True,True,45.84178498985801,5.721193378963802,7.554588851677638,0.7573136660763881,0.06280626540327257,15.921978381919429,15.921978381919429,0.7573136660763881,493,188,154,91,2.622340425531915,1.0,61.86612576064909,seed_guided
S10_4FXE_16539_5_83_0001_0001_m_4FXE_5700_275_259_0001_0001_m_combined_3_dldesign_0_af2pred,S10_4FXE_10640_211_298_0001_0001_m_4FXE_6811_212_260_0001_0001_m_combined_3_dldesign_0_af2pred,39,4,False,False,7.910750507099391,58.21501014198783,True,True,True,45.84178498985801,5.721193378963802,7.554588851677638,0.7573136660763881,0.06280626540327257,15.921978381919429,15.921978381919429,0.7573136660763881,493,188,154,91,2.622340425531915,1.0,61.86612576064909,seed_guided
S10_4FXE_16539_5_83_0001_0001_m_4FXE_5700_275_259_0001_0001_m_combined_3_dldesign_0_af2pred,S10_4FXE_3312_13_95_0001_0001_m_4FXE_20643_531_554_0001_0001_m_combined_3_dldesign_0_af2pred,39,4,False,False,7.910750507099391,58.21501014198783,True,True,True,45.84178498985801,5.721193378963802,7.554588851677638,0.7573136660763881,0.06280626540327257,15.921978381919429,15.921978381919429,0.7573136660763881,493,188,154,91,2.622340425531915,1.0,61.86612576064909,seed_guided
S10_4FXE_16539_5_83_0001_0001_m_4FXE_5700_275_259_0001_0001_m_combined_3_dldesign_0_af2pred,S10_4FXE_772_210_293_0001_0001_m_4FXE_10442_225_12_0001_0001_m_combined_2_dldesign_0_af2pred,39,4,False,False,7.910750507099391,58.21501014198783,True,True,True,45.84178498985801,5.721193378963802,7.554588851677638,0.7573136660763881,0.06280626540327257,15.921978381919429,15.921978381919429,0.7573136660763881,493,188,154,91,2.622340425531915,1.0,61.86612576064909,seed_guided
S10_4FXE_16539_5_83_0001_0001_m_4FXE_5700_275_259_0001_0001_m_combined_3_dldesign_0_af2pred,S10_4FXE_10640_11_98_0001_0001_m_4FXE_14423_1003_1126_0001_0001_m_combined_1_dldesign_0_af2pred,39,4,False,False,7.910750507099391,58.21501014198783,True,True,True,45.84178498985801,5.721193378963802,7.554588851677638,0.7573136660763881,0.06280626540327257,15.921978381919429,15.921978381919429,0.7573136660763881,493,188,154,91,2.622340425531915,1.0,61.86612576064909,seed_guided
S10_4FXE_16539_5_83_0001_0001_m_4FXE_5700_275_259_0001_0001_m_combined_3_dldesign_0_af2pred,S10_4FXE_19568_44_89_0001_0001_m_4FXE_14895_212_353_0001_0001_m_combined_4_dldesign_0_af2pred,39,4,False,False,7.910750507099391,58.21501014198783,True,True,True,45.84178498985801,5.721193378963802,7.554588851677638,0.7573136660763881,0.06280626540327257,15.921978381919429,15.921978381919429,0.7573136660763881,493,188,154,91,2.622340425531915,1.0,61.86612576064909,seed_guided
S10_4FXE_16539_5_83_0001_0001_m_4FXE_5700_275_259_0001_0001_m_combined_3_dldesign_0_af2pred,S10_4FXE_10640_211_298_0001_0001_m_4FXE_14423_1003_1126_0001_0001_m_combined_1_dldesign_0_af2pred,39,4,False,False,7.910750507099391,58.21501014198783,True,True,True,45.84178498985801,5.721193378963802,7.554588851677638,0.7573136660763881,0.06280626540327257,15.921978381919429,15.921978381919429,0.7573136660763881,493,188,154,91,2.622340425531915,1.0,61.86612576064909,seed_guided
S10_4FXE_16539_5_83_0001_0001_m_4FXE_5700_275_259_0001_0001_m_combined_3_dldesign_0_af2pred,S10_4FXE_10640_211_298_0001_0001_m_4FXE_18778_130_141_0001_0001_m_combined_1_dldesign_0_af2pred,39,4,False,False,7.910750507099391,58.21501014198783,True,True,True,45.84178498985801,5.721193378963802,7.554588851677638,0.7573136660763881,0.06280626540327257,15.921978381919429,15.921978381919429,0.7573136660763881,493,188,154,91,2.622340425531915,1.0,61.86612576064909,seed_guided
S10_4FXE_16539_5_83_0001_0001_m_4FXE_5700_275_259_0001_0001_m_combined_3_dldesign_0_af2pred,S10_4FXE_10640_211_298_0001_0001_m_4FXE_434_195_114_0001_0001_m_combined_4_dldesign_0_af2pred,39,4,False,False,7.910750507099391,58.21501014198783,True,True,True,45.84178498985801,5.721193378963802,7.554588851677638,0.7573136660763881,0.06280626540327257,15.921978381919429,15.921978381919429,0.7573136660763881,493,188,154,91,2.622340425531915,1.0,61.86612576064909,seed_guided
S10_4FXE_16539_5_83_0001_0001_m_4FXE_5700_275_259_0001_0001_m_combined_3_dldesign_0_af2pred,S10_4FXE_10640_211_298_0001_0001_m_4FXE_5700_275_259_0001_0001_m_combined_0_dldesign_0_af2pred,39,4,False,False,7.910750507099391,58.21501014198783,True,True,True,45.84178498985801,5.721193378963802,7.554588851677638,0.7573136660763881,0.06280626540327257,15.921978381919429,15.921978381919429,0.7573136660763881,493,188,154,91,2.622340425531915,1.0,61.86612576064909,seed_guided
S10_4FXE_16539_5_83_0001_0001_m_4FXE_5700_275_259_0001_0001_m_combined_3_dldesign_0_af2pred,S10_4FXE_12164_172_107_0001_0001_m_4FXE_14423_1003_1126_0001_0001_m_combined_0_dldesign_0_af2pred,39,4,False,False,7.910750507099391,58.21501014198783,True,True,True,45.84178498985801,5.721193378963802,7.554588851677638,0.7573136660763881,0.06280626540327257,15.921978381919429,15.921978381919429,0.7573136660763881,493,188,154,91,2.622340425531915,1.0,61.86612576064909,seed_guided
S10_4FXE_16539_5_83_0001_0001_m_4FXE_5700_275_259_0001_0001_m_combined_3_dldesign_0_af2pred,S10_4FXE_12164_172_107_0001_0001_m_4FXE_20643_531_554_0001_0001_m_combined_0_dldesign_0_af2pred,39,4,False,False,7.910750507099391,58.21501014198783,True,True,True,45.84178498985801,5.721193378963802,7.554588851677638,0.7573136660763881,0.06280626540327257,15.921978381919429,15.921978381919429,0.7573136660763881,493,188,154,91,2.622340425531915,1.0,61.86612576064909,seed_guided
S10_4FXE_16539_5_83_0001_0001_m_4FXE_5700_275_259_0001_0001_m_combined_3_dldesign_0_af2pred,S10_4FXE_12164_172_107_0001_0001_m_4FXE_6794_69_50_0001_0001_m_combined_3_dldesign_0_af2pred,39,4,False,False,7.910750507099391,58.21501014198783,True,True,True,45.84178498985801,5.721193378963802,7.554588851677638,0.7573136660763881,0.06280626540327257,15.921978381919429,15.921978381919429,0.7573136660763881,493,188,154,91,2.622340425531915,1.0,61.86612576064909,seed_guided
S10_4FXE_16539_5_83_0001_0001_m_4FXE_5700_275_259_0001_0001_m_combined_3_dldesign_0_af2pred,S10_4FXE_772_210_293_0001_0001_m_4FXE_14895_809_950_0001_0001_m_combined_1_dldesign_0_af2pred,39,4,False,False,7.910750507099391,58.21501014198783,True,True,True,45.84178498985801,5.721193378963802,7.554588851677638,0.7573136660763881,0.06280626540327257,15.921978381919429,15.921978381919429,0.7573136660763881,493,188,154,91,2.622340425531915,1.0,61.86612576064909,seed_guided
S10_4FXE_16539_5_83_0001_0001_m_4FXE_5700_275_259_0001_0001_m_combined_3_dldesign_0_af2pred,S10_4FXE_10640_11_98_0001_0001_m_4FXE_18778_130_141_0001_0001_m_combined_3_dldesign_0_af2pred,39,4,False,False,7.910750507099391,58.21501014198783,True,True,True,45.84178498985801,5.721193378963802,7.554588851677638,0.7573136660763881,0.06280626540327257,15.921978381919429,15.921978381919429,0.7573136660763881,493,188,154,91,2.622340425531915,1.0,61.86612576064909,seed_guided
S10_4FXE_16539_5_83_0001_0001_m_4FXE_5700_275_259_0001_0001_m_combined_3_dldesign_0_af2pred,S10_4FXE_10640_11_98_0001_0001_m_4FXE_5700_275_259_0001_0001_m_combined_3_dldesign_0_af2pred,39,4,False,False,7.910750507099391,58.21501014198783,True,True,True,45.84178498985801,5.721193378963802,7.554588851677638,0.7573136660763881,0.06280626540327257,15.921978381919429,15.921978381919429,0.7573136660763881,493,188,154,91,2.622340425531915,1.0,61.86612576064909,seed_guided
S10_4FXE_16539_5_83_0001_0001_m_4FXE_5700_275_259_0001_0001_m_combined_3_dldesign_0_af2pred,S10_4FXE_772_210_293_0001_0001_m_4FXE_10442_225_12_0001_0001_m_combined_0_dldesign_0_af2pred,39,4,False,False,7.910750507099391,58.21501014198783,True,True,True,45.84178498985801,5.721193378963802,7.554588851677638,0.7573136660763881,0.06280626540327257,15.921978381919429,15.921978381919429,0.7573136660763881,493,188,154,91,2.622340425531915,1.0,61.86612576064909,seed_guided
S10_4FXE_16539_5_83_0001_0001_m_4FXE_5700_275_259_0001_0001_m_combined_3_dldesign_0_af2pred,S10_4FXE_772_210_293_0001_0001_m_4FXE_9228_307_430_0001_0001_m_combined_1_dldesign_0_af2pred,39,4,False,False,7.910750507099391,58.21501014198783,True,True,True,45.84178498985801,5.721193378963802,7.554588851677638,0.7573136660763881,0.06280626540327257,15.921978381919429,15.921978381919429,0.7573136660763881,493,188,154,91,2.622340425531915,1.0,61.86612576064909,seed_guided
S10_4FXE_16539_5_83_0001_0001_m_4FXE_5700_275_259_0001_0001_m_combined_3_dldesign_0_af2pred,S10_4FXE_10640_211_298_0001_0001_m_4FXE_22897_91_119_0001_0001_m_combined_2_dldesign_0_af2pred,39,4,False,False,7.910750507099391,58.21501014198783,True,True,True,45.84178498985801,5.721193378963802,7.554588851677638,0.7573136660763881,0.06280626540327257,15.921978381919429,15.921978381919429,0.7573136660763881,493,188,154,91,2.622340425531915,1.0,61.86612576064909,seed_guided
S10_4FXE_16539_5_83_0001_0001_m_4FXE_5700_275_259_0001_0001_m_combined_3_dldesign_0_af2pred,S10_4FXE_17494_98_65_0001_0001_m_4FXE_20643_531_554_0001_0001_m_combined_2_dldesign_0_af2pred,39,4,False,False,7.910750507099391,58.21501014198783,True,True,True,45.84178498985801,5.721193378963802,7.554588851677638,0.7573136660763881,0.06280626540327257,15.921978381919429,15.921978381919429,0.7573136660763881,493,188,154,91,2.622340425531915,1.0,61.86612576064909,seed_guided
S10_4FXE_16539_5_83_0001_0001_m_4FXE_5700_275_259_0001_0001_m_combined_3_dldesign_0_af2pred,S10_4FXE_17494_98_65_0001_0001_m_4FXE_20738_40_52_0001_0001_m_combined_0_dldesign_0_af2pred,39,4,False,False,7.910750507099391,58.21501014198783,True,True,True,45.84178498985801,5.721193378963802,7.554588851677638,0.7573136660763881,0.06280626540327257,15.921978381919429,15.921978381919429,0.7573136660763881,493,188,154,91,2.622340425531915,1.0,61.86612576064909,seed_guided
S10_4FXE_16539_5_83_0001_0001_m_4FXE_5700_275_259_0001_0001_m_combined_3_dldesign_0_af2pred,S10_4FXE_17494_98_65_0001_0001_m_4FXE_5700_1223_1203_0001_0001_m_combined_1_dldesign_0_af2pred,39,4,False,False,7.910750507099391,58.21501014198783,True,True,True,45.84178498985801,5.721193378963802,7.554588851677638,0.7573136660763881,0.06280626540327257,15.921978381919429,15.921978381919429,0.7573136660763881,493,188,154,91,2.622340425531915,1.0,61.86612576064909,seed_guided
S10_4FXE_16539_5_83_0001_0001_m_4FXE_5700_275_259_0001_0001_m_combined_3_dldesign_0_af2pred,S10_4FXE_19568_44_89_0001_0001_m_4FXE_10940_224_349_0001_0001_m_combined_3_dldesign_0_af2pred,39,4,False,False,7.910750507099391,58.21501014198783,True,True,True,45.84178498985801,5.721193378963802,7.554588851677638,0.7573136660763881,0.06280626540327257,15.921978381919429,15.921978381919429,0.7573136660763881,493,188,154,91,2.622340425531915,1.0,61.86612576064909,seed_guided
S10_4FXE_16539_5_83_0001_0001_m_4FXE_5700_275_259_0001_0001_m_combined_3_dldesign_0_af2pred,S10_4FXE_19568_44_89_0001_0001_m_4FXE_16243_203_251_0001_0001_m_combined_4_dldesign_0_af2pred,39,4,False,False,7.910750507099391,58.21501014198783,True,True,True,45.84178498985801,5.721193378963802,7.554588851677638,0.7573136660763881,0.06280626540327257,15.921978381919429,15.921978381919429,0.7573136660763881,493,188,154,91,2.622340425531915,1.0,61.86612576064909,seed_guided
S10_4FXE_16539_5_83_0001_0001_m_4FXE_5700_275_259_0001_0001_m_combined_3_dldesign_0_af2pred,S10_4FXE_19800_130_232_0001_0001_m_4FXE_5700_275_259_0001_0001_m_combined_0_dldesign_0_af2pred,39,4,False,False,7.910750507099391,58.21501014198783,True,True,True,45.84178498985801,5.721193378963802,7.554588851677638,0.7573136660763881,0.06280626540327257,15.921978381919429,15.921978381919429,0.7573136660763881,493,188,154,91,2.622340425531915,1.0,61.86612576064909,seed_guided
S10_4FXE_16539_5_83_0001_0001_m_4FXE_5700_275_259_0001_0001_m_combined_3_dldesign_0_af2pred,S10_4FXE_3312_13_95_0001_0001_m_4FXE_20643_531_554_0001_0001_m_combined_4_dldesign_0_af2pred,39,4,False,False,7.910750507099391,58.21501014198783,True,True,True,45.84178498985801,5.721193378963802,7.554588851677638,0.7573136660763881,0.06280626540327257,15.921978381919429,15.921978381919429,0.7573136660763881,493,188,154,91,2.622340425531915,1.0,61.86612576064909,seed_guided
S10_4FXE_16539_5_83_0001_0001_m_4FXE_5700_275_259_0001_0001_m_combined_3_dldesign_0_af2pred,S10_4FXE_17494_98_65_0001_0001_m_4FXE_20738_40_52_0001_0001_m_combined_2_dldesign_0_af2pred,39,4,False,False,7.910750507099391,58.21501014198783,True,True,True,45.84178498985801,5.721193378963802,7.554588851677638,0.7573136660763881,0.06280626540327257,15.921978381919429,15.921978381919429,0.7573136660763881,493,188,154,91,2.622340425531915,1.0,61.86612576064909,seed_guided
S10_4FXE_16539_5_83_0001_0001_m_4FXE_5700_275_259_0001_0001_m_combined_3_dldesign_0_af2pred,S10_4FXE_3312_13_95_0001_0001_m_4FXE_20738_40_52_0001_0001_m_combined_2_dldesign_0_af2pred,39,4,False,False,7.910750507099391,58.21501014198783,True,True,True,45.84178498985801,5.721193378963802,7.554588851677638,0.7573136660763881,0.06280626540327257,15.921978381919429,15.921978381919429,0.7573136660763881,493,188,154,91,2.622340425531915,1.0,61.86612576064909,seed_guided
S10_4FXE_16539_5_83_0001_0001_m_4FXE_5700_275_259_0001_0001_m_combined_3_dldesign_0_af2pred,S10_4FXE_5300_471_535_0001_0001_m_4FXE_18778_130_141_0001_0001_m_combined_0_dldesign_0_af2pred,39,4,False,False,7.910750507099391,58.21501014198783,True,True,True,45.84178498985801,5.721193378963802,7.554588851677638,0.7573136660763881,0.06280626540327257,15.921978381919429,15.921978381919429,0.7573136660763881,493,188,154,91,2.622340425531915,1.0,61.86612576064909,seed_guided
S10_4FXE_16539_5_83_0001_0001_m_4FXE_5700_275_259_0001_0001_m_combined_3_dldesign_0_af2pred,S10_4FXE_5590_422_395_0001_0001_m_4FXE_20643_531_554_0001_0001_m_combined_2_dldesign_0_af2pred,39,4,False,False,7.910750507099391,58.21501014198783,True,True,True,45.84178498985801,5.721193378963802,7.554588851677638,0.7573136660763881,0.06280626540327257,15.921978381919429,15.921978381919429,0.7573136660763881,493,188,154,91,2.622340425531915,1.0,61.86612576064909,seed_guided
S10_4FXE_16539_5_83_0001_0001_m_4FXE_5700_275_259_0001_0001_m_combined_3_dldesign_0_af2pred,S10_4FXE_5590_422_395_0001_0001_m_4FXE_20738_40_52_0001_0001_m_combined_4_dldesign_0_af2pred,39,4,False,False,7.910750507099391,58.21501014198783,True,True,True,45.84178498985801,5.721193378963802,7.554588851677638,0.7573136660763881,0.06280626540327257,15.921978381919429,15.921978381919429,0.7573136660763881,493,188,154,91,2.622340425531915,1.0,61.86612576064909,seed_guided
S10_4FXE_16539_5_83_0001_0001_m_4FXE_5700_275_259_0001_0001_m_combined_3_dldesign_0_af2pred,S10_4FXE_5590_422_395_0001_0001_m_4FXE_22410_133_110_0001_0001_m_combined_4_dldesign_0_af2pred,39,4,False,False,7.910750507099391,58.21501014198783,True,True,True,45.84178498985801,5.721193378963802,7.554588851677638,0.7573136660763881,0.06280626540327257,15.921978381919429,15.921978381919429,0.7573136660763881,493,188,154,91,2.622340425531915,1.0,61.86612576064909,seed_guided
S10_4FXE_16539_5_83_0001_0001_m_4FXE_5700_275_259_0001_0001_m_combined_3_dldesign_0_af2pred,S10_4FXE_10640_211_298_0001_0001_m_4FXE_22897_91_119_0001_0001_m_combined_1_dldesign_0_af2pred,39,4,False,False,7.910750507099391,58.21501014198783,True,True,True,45.84178498985801,5.721193378963802,7.554588851677638,0.7573136660763881,0.06280626540327257,15.921978381919429,15.921978381919429,0.7573136660763881,493,188,154,91,2.622340425531915,1.0,61.86612576064909,seed_guided
S10_4FXE_16539_5_83_0001_0001_m_4FXE_5700_275_259_0001_0001_m_combined_3_dldesign_0_af2pred,S10_4FXE_772_210_293_0001_0001_m_4FXE_16306_151_176_0001_0001_m_combined_2_dldesign_0_af2pred,39,4,False,False,7.910750507099391,58.21501014198783,True,True,True,45.84178498985801,5.721193378963802,7.554588851677638,0.7573136660763881,0.06280626540327257,15.921978381919429,15.921978381919429,0.7573136660763881,493,188,154,91,2.622340425531915,1.0,61.86612576064909,seed_guided
S10_4FXE_16539_5_83_0001_0001_m_4FXE_5700_275_259_0001_0001_m_combined_3_dldesign_0_af2pred,S10_4FXE_772_210_293_0001_0001_m_4FXE_5700_1223_1203_0001_0001_m_combined_4_dldesign_0_af2pred,39,4,False,False,7.910750507099391,58.21501014198783,True,True,True,45.84178498985801,5.721193378963802,7.554588851677638,0.7573136660763881,0.06280626540327257,15.921978381919429,15.921978381919429,0.7573136660763881,493,188,154,91,2.622340425531915,1.0,61.86612576064909,seed_guided
S10_4FXE_16539_5_83_0001_0001_m_4FXE_5700_275_259_0001_0001_m_combined_3_dldesign_0_af2pred,S10_4FXE_872_34_4_0001_0001_m_4FXE_12556_206_254_0001_0001_m_combined_1_dldesign_0_af2pred,39,4,False,False,7.910750507099391,58.21501014198783,True,True,True,45.84178498985801,5.721193378963802,7.554588851677638,0.7573136660763881,0.06280626540327257,15.921978381919429,15.921978381919429,0.7573136660763881,493,188,154,91,2.622340425531915,1.0,61.86612576064909,seed_guided
S10_4FXE_16539_5_83_0001_0001_m_4FXE_5700_275_259_0001_0001_m_combined_3_dldesign_0_af2pred,S10_4FXE_872_34_4_0001_0001_m_4FXE_14423_1003_1126_0001_0001_m_combined_1_dldesign_0_af2pred,39,4,False,False,7.910750507099391,58.21501014198783,True,True,True,45.84178498985801,5.721193378963802,7.554588851677638,0.7573136660763881,0.06280626540327257,15.921978381919429,15.921978381919429,0.7573136660763881,493,188,154,91,2.622340425531915,1.0,61.86612576064909,seed_guided
S10_4FXE_16539_5_83_0001_0001_m_4FXE_5700_275_259_0001_0001_m_combined_3_dldesign_0_af2pred,S10_4FXE_872_34_4_0001_0001_m_4FXE_5700_275_259_0001_0001_m_combined_3_dldesign_0_af2pred,39,4,False,False,7.910750507099391,58.21501014198783,True,True,True,45.84178498985801,5.721193378963802,7.554588851677638,0.7573136660763881,0.06280626540327257,15.921978381919429,15.921978381919429,0.7573136660763881,493,188,154,91,2.622340425531915,1.0,61.86612576064909,seed_guided
S10_4FXE_16539_5_83_0001_0001_m_4FXE_5700_275_259_0001_0001_m_combined_3_dldesign_0_af2pred,S10_4FXE_772_210_293_0001_0001_m_4FXE_434_195_114_0001_0001_m_combined_4_dldesign_0_af2pred,39,4,False,False,7.910750507099391,58.21501014198783,True,True,True,45.84178498985801,5.721193378963802,7.554588851677638,0.7573136660763881,0.06280626540327257,15.921978381919429,15.921978381919429,0.7573136660763881,493,188,154,91,2.622340425531915,1.0,61.86612576064909,seed_guided
S10_4FXE_16879_129_97_0001_0001_m_4FXE_10940_224_349_0001_0001_m_combined_2_dldesign_0_af2pred,S10_4FXE_16879_129_97_0001_0001_m_4FXE_10940_224_349_0001_0001_m_combined_2_dldesign_0_af2pred,1,76,True,True,0.2028397565922921,15.720081135902635,False,False,False,91.48073022312373,5.721193378963802,7.554588851677638,0.7573136660763881,0.06280626540327257,15.921978381919429,15.921978381919429,0.7573136660763881,493,188,154,91,2.622340425531915,1.0,61.86612576064909,seed_guided
S10_4FXE_16879_129_97_0001_0001_m_4FXE_12556_206_254_0001_0001_m_combined_1_dldesign_0_af2pred,S10_4FXE_16879_129_97_0001_0001_m_4FXE_12556_206_254_0001_0001_m_combined_1_dldesign_0_af2pred,1,77,True,True,0.2028397565922921,15.720081135902635,False,False,False,91.68356997971603,5.721193378963802,7.554588851677638,0.7573136660763881,0.06280626540327257,15.921978381919429,15.921978381919429,0.7573136660763881,493,188,154,91,2.622340425531915,1.0,61.86612576064909,seed_guided
S10_4FXE_16879_129_97_0001_0001_m_4FXE_13069_356_317_0001_0001_m_combined_3_dldesign_0_af2pred,S10_4FXE_16879_129_97_0001_0001_m_4FXE_13069_356_317_0001_0001_m_combined_3_dldesign_0_af2pred,1,78,True,True,0.2028397565922921,15.720081135902635,False,False,False,91.88640973630832,5.721193378963802,7.554588851677638,0.7573136660763881,0.06280626540327257,15.921978381919429,15.921978381919429,0.7573136660763881,493,188,154,91,2.622340425531915,1.0,61.86612576064909,seed_guided
S10_4FXE_16879_129_97_0001_0001_m_4FXE_6024_206_254_0001_0001_m_combined_4_dldesign_0_af2pred,S10_4FXE_16879_129_97_0001_0001_m_4FXE_6024_206_254_0001_0001_m_combined_4_dldesign_0_af2pred,1,79,True,True,0.2028397565922921,15.720081135902635,False,False,False,96.14604462474645,5.721193378963802,7.554588851677638,0.7573136660763881,0.06280626540327257,15.921978381919429,15.921978381919429,0.7573136660763881,493,188,154,91,2.622340425531915,1.0,61.86612576064909,seed_guided
S10_4FXE_16879_129_97_0001_0001_m_4FXE_9228_307_430_0001_0001_m_combined_2_dldesign_0_af2pred,S10_4FXE_16879_129_97_0001_0001_m_4FXE_9228_307_430_0001_0001_m_combined_2_dldesign_0_af2pred,2,23,False,True,0.4056795131845842,34.38133874239351,False,False,True,67.54563894523326,5.721193378963802,7.554588851677638,0.7573136660763881,0.06280626540327257,15.921978381919429,15.921978381919429,0.7573136660763881,493,188,154,91,2.622340425531915,1.0,61.86612576064909,seed_guided
S10_4FXE_16879_129_97_0001_0001_m_4FXE_9228_307_430_0001_0001_m_combined_2_dldesign_0_af2pred,S9_4FXE_19568_44_89_0001_0001_m_4FXE_13069_356_317_0001_0001_m_combined_1_dldesign_0_af2pred,2,23,False,False,0.4056795131845842,34.38133874239351,False,False,True,67.54563894523326,5.721193378963802,7.554588851677638,0.7573136660763881,0.06280626540327257,15.921978381919429,15.921978381919429,0.7573136660763881,493,188,154,91,2.622340425531915,1.0,61.86612576064909,seed_guided
S10_4FXE_17494_98_65_0001_0001_m_4FXE_12556_206_254_0001_0001_m_combined_4_dldesign_0_af2pred,S10_4FXE_17494_98_65_0001_0001_m_4FXE_12556_206_254_0001_0001_m_combined_4_dldesign_0_af2pred,8,8,False,True,1.6227180527383367,45.740365111561864,True,True,True,54.36105476673428,5.721193378963802,7.554588851677638,0.7573136660763881,0.06280626540327257,15.921978381919429,15.921978381919429,0.7573136660763881,493,188,154,91,2.622340425531915,1.0,61.86612576064909,seed_guided
S10_4FXE_17494_98_65_0001_0001_m_4FXE_12556_206_254_0001_0001_m_combined_4_dldesign_0_af2pred,S10_4FXE_17494_98_65_0001_0001_m_4FXE_1458_57_6_0001_0001_m_combined_4_dldesign_0_af2pred,8,8,False,False,1.6227180527383367,45.740365111561864,True,True,True,54.36105476673428,5.721193378963802,7.554588851677638,0.7573136660763881,0.06280626540327257,15.921978381919429,15.921978381919429,0.7573136660763881,493,188,154,91,2.622340425531915,1.0,61.86612576064909,seed_guided
S10_4FXE_17494_98_65_0001_0001_m_4FXE_12556_206_254_0001_0001_m_combined_4_dldesign_0_af2pred,S10_4FXE_17494_98_65_0001_0001_m_4FXE_2307_203_251_0001_0001_m_combined_1_dldesign_0_af2pred,8,8,False,False,1.6227180527383367,45.740365111561864,True,True,True,54.36105476673428,5.721193378963802,7.554588851677638,0.7573136660763881,0.06280626540327257,15.921978381919429,15.921978381919429,0.7573136660763881,493,188,154,91,2.622340425531915,1.0,61.86612576064909,seed_guided
S10_4FXE_17494_98_65_0001_0001_m_4FXE_12556_206_254_0001_0001_m_combined_4_dldesign_0_af2pred,S10_4FXE_17494_98_65_0001_0001_m_4FXE_5700_1223_1203_0001_0001_m_combined_3_dldesign_0_af2pred,8,8,False,False,1.6227180527383367,45.740365111561864,True,True,True,54.36105476673428,5.721193378963802,7.554588851677638,0.7573136660763881,0.06280626540327257,15.921978381919429,15.921978381919429,0.7573136660763881,493,188,154,91,2.622340425531915,1.0,61.86612576064909,seed_guided
S10_4FXE_17494_98_65_0001_0001_m_4FXE_12556_206_254_0001_0001_m_combined_4_dldesign_0_af2pred,S10_4FXE_17494_98_65_0001_0001_m_4FXE_5700_1223_1203_0001_0001_m_combined_4_dldesign_0_af2pred,8,8,False,False,1.6227180527383367,45.740365111561864,True,True,True,54.36105476673428,5.721193378963802,7.554588851677638,0.7573136660763881,0.06280626540327257,15.921978381919429,15.921978381919429,0.7573136660763881,493,188,154,91,2.622340425531915,1.0,61.86612576064909,seed_guided
S10_4FXE_17494_98_65_0001_0001_m_4FXE_12556_206_254_0001_0001_m_combined_4_dldesign_0_af2pred,S10_4FXE_17494_98_65_0001_0001_m_4FXE_6024_206_254_0001_0001_m_combined_3_dldesign_0_af2pred,8,8,False,False,1.6227180527383367,45.740365111561864,True,True,True,54.36105476673428,5.721193378963802,7.554588851677638,0.7573136660763881,0.06280626540327257,15.921978381919429,15.921978381919429,0.7573136660763881,493,188,154,91,2.622340425531915,1.0,61.86612576064909,seed_guided
S10_4FXE_17494_98_65_0001_0001_m_4FXE_12556_206_254_0001_0001_m_combined_4_dldesign_0_af2pred,S10_4FXE_1818_148_175_0001_0001_m_4FXE_10940_224_349_0001_0001_m_combined_1_dldesign_0_af2pred,8,8,False,False,1.6227180527383367,45.740365111561864,True,True,True,54.36105476673428,5.721193378963802,7.554588851677638,0.7573136660763881,0.06280626540327257,15.921978381919429,15.921978381919429,0.7573136660763881,493,188,154,91,2.622340425531915,1.0,61.86612576064909,seed_guided
S10_4FXE_17494_98_65_0001_0001_m_4FXE_12556_206_254_0001_0001_m_combined_4_dldesign_0_af2pred,S10_4FXE_1818_148_175_0001_0001_m_4FXE_14423_1003_1126_0001_0001_m_combined_3_dldesign_0_af2pred,8,8,False,False,1.6227180527383367,45.740365111561864,True,True,True,54.36105476673428,5.721193378963802,7.554588851677638,0.7573136660763881,0.06280626540327257,15.921978381919429,15.921978381919429,0.7573136660763881,493,188,154,91,2.622340425531915,1.0,61.86612576064909,seed_guided
S10_4FXE_17494_98_65_0001_0001_m_4FXE_12775_63_291_0001_0001_m_combined_1_dldesign_0_af2pred,S10_4FXE_17494_98_65_0001_0001_m_4FXE_12775_63_291_0001_0001_m_combined_1_dldesign_0_af2pred,1,80,True,True,0.2028397565922921,15.720081135902635,False,False,False,96.55172413793103,5.721193378963802,7.554588851677638,0.7573136660763881,0.06280626540327257,15.921978381919429,15.921978381919429,0.7573136660763881,493,188,154,91,2.622340425531915,1.0,61.86612576064909,seed_guided
S10_4FXE_17494_98_65_0001_0001_m_4FXE_14895_212_353_0001_0001_m_combined_3_dldesign_0_af2pred,S10_4FXE_17494_98_65_0001_0001_m_4FXE_14895_212_353_0001_0001_m_combined_3_dldesign_0_af2pred,1,81,True,True,0.2028397565922921,15.720081135902635,False,False,False,96.75456389452333,5.721193378963802,7.554588851677638,0.7573136660763881,0.06280626540327257,15.921978381919429,15.921978381919429,0.7573136660763881,493,188,154,91,2.622340425531915,1.0,61.86612576064909,seed_guided
S10_4FXE_1818_148_175_0001_0001_m_4FXE_6794_69_50_0001_0001_m_combined_1_dldesign_0_af2pred,S10_4FXE_1818_148_175_0001_0001_m_4FXE_6794_69_50_0001_0001_m_combined_1_dldesign_0_af2pred,1,82,True,True,0.2028397565922921,15.720081135902635,False,False,False,96.95740365111561,5.721193378963802,7.554588851677638,0.7573136660763881,0.06280626540327257,15.921978381919429,15.921978381919429,0.7573136660763881,493,188,154,91,2.622340425531915,1.0,61.86612576064909,seed_guided
S10_4FXE_1818_148_175_0001_0001_m_4FXE_7253_174_120_0001_0001_m_combined_3_dldesign_0_af2pred,S10_4FXE_1818_148_175_0001_0001_m_4FXE_7253_174_120_0001_0001_m_combined_3_dldesign_0_af2pred,1,83,True,True,0.2028397565922921,15.720081135902635,False,False,False,97.16024340770791,5.721193378963802,7.554588851677638,0.7573136660763881,0.06280626540327257,15.921978381919429,15.921978381919429,0.7573136660763881,493,188,154,91,2.622340425531915,1.0,61.86612576064909,seed_guided
S10_4FXE_18567_236_1288_0001_0001_m_4FXE_5700_275_259_0001_0001_m_combined_3_dldesign_0_af2pred,S10_4FXE_18567_236_1288_0001_0001_m_4FXE_5700_275_259_0001_0001_m_combined_3_dldesign_0_af2pred,1,84,True,True,0.2028397565922921,15.720081135902635,False,False,False,97.3630831643002,5.721193378963802,7.554588851677638,0.7573136660763881,0.06280626540327257,15.921978381919429,15.921978381919429,0.7573136660763881,493,188,154,91,2.622340425531915,1.0,61.86612576064909,seed_guided
S10_4FXE_19123_59_32_0001_0001_m_4FXE_13069_356_317_0001_0001_m_combined_2_dldesign_0_af2pred,S10_4FXE_19123_59_32_0001_0001_m_4FXE_13069_356_317_0001_0001_m_combined_2_dldesign_0_af2pred,2,24,False,True,0.4056795131845842,34.38133874239351,False,False,True,64.70588235294117,5.721193378963802,7.554588851677638,0.7573136660763881,0.06280626540327257,15.921978381919429,15.921978381919429,0.7573136660763881,493,188,154,91,2.622340425531915,1.0,61.86612576064909,seed_guided
S10_4FXE_19123_59_32_0001_0001_m_4FXE_13069_356_317_0001_0001_m_combined_2_dldesign_0_af2pred,S10_4FXE_19123_59_32_0001_0001_m_4FXE_16306_151_176_0001_0001_m_combined_3_dldesign_0_af2pred,2,24,False,False,0.4056795131845842,34.38133874239351,False,False,True,64.70588235294117,5.721193378963802,7.554588851677638,0.7573136660763881,0.06280626540327257,15.921978381919429,15.921978381919429,0.7573136660763881,493,188,154,91,2.622340425531915,1.0,61.86612576064909,seed_guided
S10_4FXE_19123_59_32_0001_0001_m_4FXE_23279_201_249_0001_0001_m_combined_2_dldesign_0_af2pred,S10_4FXE_19123_59_32_0001_0001_m_4FXE_23279_201_249_0001_0001_m_combined_2_dldesign_0_af2pred,1,85,True,True,0.2028397565922921,15.720081135902635,False,False,False,97.56592292089249,5.721193378963802,7.554588851677638,0.7573136660763881,0.06280626540327257,15.921978381919429,15.921978381919429,0.7573136660763881,493,188,154,91,2.622340425531915,1.0,61.86612576064909,seed_guided
S10_4FXE_19568_44_89_0001_0001_m_4FXE_12556_206_254_0001_0001_m_combined_4_dldesign_0_af2pred,S10_4FXE_19568_44_89_0001_0001_m_4FXE_12556_206_254_0001_0001_m_combined_4_dldesign_0_af2pred,4,10,False,True,0.8113590263691683,42.90060851926978,True,True,True,57.606490872210955,5.721193378963802,7.554588851677638,0.7573136660763881,0.06280626540327257,15.921978381919429,15.921978381919429,0.7573136660763881,493,188,154,91,2.622340425531915,1.0,61.86612576064909,seed_guided
S10_4FXE_19568_44_89_0001_0001_m_4FXE_12556_206_254_0001_0001_m_combined_4_dldesign_0_af2pred,S10_4FXE_14742_24_58_0001_0001_m_4FXE_14895_212_353_0001_0001_m_combined_2_dldesign_0_af2pred,4,10,False,False,0.8113590263691683,42.90060851926978,True,True,True,57.606490872210955,5.721193378963802,7.554588851677638,0.7573136660763881,0.06280626540327257,15.921978381919429,15.921978381919429,0.7573136660763881,493,188,154,91,2.622340425531915,1.0,61.86612576064909,seed_guided
S10_4FXE_19568_44_89_0001_0001_m_4FXE_12556_206_254_0001_0001_m_combined_4_dldesign_0_af2pred,S10_4FXE_14742_24_58_0001_0001_m_4FXE_7253_174_120_0001_0001_m_combined_1_dldesign_0_af2pred,4,10,False,False,0.8113590263691683,42.90060851926978,True,True,True,57.606490872210955,5.721193378963802,7.554588851677638,0.7573136660763881,0.06280626540327257,15.921978381919429,15.921978381919429,0.7573136660763881,493,188,154,91,2.622340425531915,1.0,61.86612576064909,seed_guided
S10_4FXE_19568_44_89_0001_0001_m_4FXE_12556_206_254_0001_0001_m_combined_4_dldesign_0_af2pred,S10_4FXE_22415_5_75_0001_0001_m_4FXE_14895_809_950_0001_0001_m_combined_2_dldesign_0_af2pred,4,10,False,False,0.8113590263691683,42.90060851926978,True,True,True,57.606490872210955,5.721193378963802,7.554588851677638,0.7573136660763881,0.06280626540327257,15.921978381919429,15.921978381919429,0.7573136660763881,493,188,154,91,2.622340425531915,1.0,61.86612576064909,seed_guided
S10_4FXE_19568_44_89_0001_0001_m_4FXE_13069_356_317_0001_0001_m_combined_3_dldesign_0_af2pred,S10_4FXE_19568_44_89_0001_0001_m_4FXE_13069_356_317_0001_0001_m_combined_3_dldesign_0_af2pred,8,9,False,True,1.6227180527383367,45.740365111561864,True,True,True,55.98377281947262,5.721193378963802,7.554588851677638,0.7573136660763881,0.06280626540327257,15.921978381919429,15.921978381919429,0.7573136660763881,493,188,154,91,2.622340425531915,1.0,61.86612576064909,seed_guided
S10_4FXE_19568_44_89_0001_0001_m_4FXE_13069_356_317_0001_0001_m_combined_3_dldesign_0_af2pred,S10_4FXE_19568_44_89_0001_0001_m_4FXE_22897_91_119_0001_0001_m_combined_2_dldesign_0_af2pred,8,9,False,False,1.6227180527383367,45.740365111561864,True,True,True,55.98377281947262,5.721193378963802,7.554588851677638,0.7573136660763881,0.06280626540327257,15.921978381919429,15.921978381919429,0.7573136660763881,493,188,154,91,2.622340425531915,1.0,61.86612576064909,seed_guided
S10_4FXE_19568_44_89_0001_0001_m_4FXE_13069_356_317_0001_0001_m_combined_3_dldesign_0_af2pred,S10_4FXE_22415_5_75_0001_0001_m_4FXE_13069_356_317_0001_0001_m_combined_4_dldesign_0_af2pred,8,9,False,False,1.6227180527383367,45.740365111561864,True,True,True,55.98377281947262,5.721193378963802,7.554588851677638,0.7573136660763881,0.06280626540327257,15.921978381919429,15.921978381919429,0.7573136660763881,493,188,154,91,2.622340425531915,1.0,61.86612576064909,seed_guided
S10_4FXE_19568_44_89_0001_0001_m_4FXE_13069_356_317_0001_0001_m_combined_3_dldesign_0_af2pred,S10_4FXE_22899_3_59_0001_0001_m_4FXE_12775_374_602_0001_0001_m_combined_4_dldesign_0_af2pred,8,9,False,False,1.6227180527383367,45.740365111561864,True,True,True,55.98377281947262,5.721193378963802,7.554588851677638,0.7573136660763881,0.06280626540327257,15.921978381919429,15.921978381919429,0.7573136660763881,493,188,154,91,2.622340425531915,1.0,61.86612576064909,seed_guided
S10_4FXE_19568_44_89_0001_0001_m_4FXE_13069_356_317_0001_0001_m_combined_3_dldesign_0_af2pred,S10_4FXE_19568_44_89_0001_0001_m_4FXE_12775_63_291_0001_0001_m_combined_1_dldesign_0_af2pred,8,9,False,False,1.6227180527383367,45.740365111561864,True,True,True,55.98377281947262,5.721193378963802,7.554588851677638,0.7573136660763881,0.06280626540327257,15.921978381919429,15.921978381919429,0.7573136660763881,493,188,154,91,2.622340425531915,1.0,61.86612576064909,seed_guided
S10_4FXE_19568_44_89_0001_0001_m_4FXE_13069_356_317_0001_0001_m_combined_3_dldesign_0_af2pred,S10_4FXE_3312_13_95_0001_0001_m_4FXE_13069_356_317_0001_0001_m_combined_3_dldesign_0_af2pred,8,9,False,False,1.6227180527383367,45.740365111561864,True,True,True,55.98377281947262,5.721193378963802,7.554588851677638,0.7573136660763881,0.06280626540327257,15.921978381919429,15.921978381919429,0.7573136660763881,493,188,154,91,2.622340425531915,1.0,61.86612576064909,seed_guided
S10_4FXE_19568_44_89_0001_0001_m_4FXE_13069_356_317_0001_0001_m_combined_3_dldesign_0_af2pred,S10_4FXE_3312_13_95_0001_0001_m_4FXE_1458_57_6_0001_0001_m_combined_2_dldesign_0_af2pred,8,9,False,False,1.6227180527383367,45.740365111561864,True,True,True,55.98377281947262,5.721193378963802,7.554588851677638,0.7573136660763881,0.06280626540327257,15.921978381919429,15.921978381919429,0.7573136660763881,493,188,154,91,2.622340425531915,1.0,61.86612576064909,seed_guided
S10_4FXE_19568_44_89_0001_0001_m_4FXE_13069_356_317_0001_0001_m_combined_3_dldesign_0_af2pred,S10_4FXE_3312_13_95_0001_0001_m_4FXE_18778_130_141_0001_0001_m_combined_0_dldesign_0_af2pred,8,9,False,False,1.6227180527383367,45.740365111561864,True,True,True,55.98377281947262,5.721193378963802,7.554588851677638,0.7573136660763881,0.06280626540327257,15.921978381919429,15.921978381919429,0.7573136660763881,493,188,154,91,2.622340425531915,1.0,61.86612576064909,seed_guided
S10_4FXE_19568_44_89_0001_0001_m_4FXE_18778_130_141_0001_0001_m_combined_2_dldesign_0_af2pred,S10_4FXE_19568_44_89_0001_0001_m_4FXE_18778_130_141_0001_0001_m_combined_2_dldesign_0_af2pred,1,86,True,True,0.2028397565922921,15.720081135902635,False,False,False,97.76876267748479,5.721193378963802,7.554588851677638,0.7573136660763881,0.06280626540327257,15.921978381919429,15.921978381919429,0.7573136660763881,493,188,154,91,2.622340425531915,1.0,61.86612576064909,seed_guided
S10_4FXE_19650_754_740_0001_0001_m_4FXE_13069_356_317_0001_0001_m_combined_0_dldesign_0_af2pred,S10_4FXE_19650_754_740_0001_0001_m_4FXE_13069_356_317_0001_0001_m_combined_0_dldesign_0_af2pred,1,87,True,True,0.2028397565922921,15.720081135902635,False,False,False,97.97160243407708,5.721193378963802,7.554588851677638,0.7573136660763881,0.06280626540327257,15.921978381919429,15.921978381919429,0.7573136660763881,493,188,154,91,2.622340425531915,1.0,61.86612576064909,seed_guided
S10_4FXE_19650_754_740_0001_0001_m_4FXE_2307_203_251_0001_0001_m_combined_4_dldesign_0_af2pred,S10_4FXE_19650_754_740_0001_0001_m_4FXE_2307_203_251_0001_0001_m_combined_4_dldesign_0_af2pred,1,88,True,True,0.2028397565922921,15.720081135902635,False,False,False,98.17444219066937,5.721193378963802,7.554588851677638,0.7573136660763881,0.06280626540327257,15.921978381919429,15.921978381919429,0.7573136660763881,493,188,154,91,2.622340425531915,1.0,61.86612576064909,seed_guided
S10_4FXE_19800_130_232_0001_0001_m_4FXE_12775_63_291_0001_0001_m_combined_2_dldesign_0_af2pred,S10_4FXE_19800_130_232_0001_0001_m_4FXE_12775_63_291_0001_0001_m_combined_2_dldesign_0_af2pred,2,25,False,True,0.4056795131845842,34.38133874239351,False,False,True,63.08316430020284,5.721193378963802,7.554588851677638,0.7573136660763881,0.06280626540327257,15.921978381919429,15.921978381919429,0.7573136660763881,493,188,154,91,2.622340425531915,1.0,61.86612576064909,seed_guided
S10_4FXE_19800_130_232_0001_0001_m_4FXE_12775_63_291_0001_0001_m_combined_2_dldesign_0_af2pred,S10_4FXE_14734_106_36_0001_0001_m_4FXE_434_195_114_0001_0001_m_combined_0_dldesign_0_af2pred,2,25,False,False,0.4056795131845842,34.38133874239351,False,False,True,63.08316430020284,5.721193378963802,7.554588851677638,0.7573136660763881,0.06280626540327257,15.921978381919429,15.921978381919429,0.7573136660763881,493,188,154,91,2.622340425531915,1.0,61.86612576064909,seed_guided
S10_4FXE_19826_77_105_0001_0001_m_4FXE_12775_63_291_0001_0001_m_combined_2_dldesign_0_af2pred,S10_4FXE_19826_77_105_0001_0001_m_4FXE_12775_63_291_0001_0001_m_combined_2_dldesign_0_af2pred,1,89,True,True,0.2028397565922921,15.720081135902635,False,False,False,98.37728194726166,5.721193378963802,7.554588851677638,0.7573136660763881,0.06280626540327257,15.921978381919429,15.921978381919429,0.7573136660763881,493,188,154,91,2.622340425531915,1.0,61.86612576064909,seed_guided
S10_4FXE_19826_77_105_0001_0001_m_4FXE_434_195_114_0001_0001_m_combined_1_dldesign_0_af2pred,S10_4FXE_19826_77_105_0001_0001_m_4FXE_434_195_114_0001_0001_m_combined_1_dldesign_0_af2pred,50,2,False,True,10.141987829614605,76.57200811359026,True,True,True,28.600405679513184,5.721193378963802,7.554588851677638,0.7573136660763881,0.06280626540327257,15.921978381919429,15.921978381919429,0.7573136660763881,493,188,154,91,2.622340425531915,1.0,61.86612576064909,seed_guided
S10_4FXE_19826_77_105_0001_0001_m_4FXE_434_195_114_0001_0001_m_combined_1_dldesign_0_af2pred,S10_4FXE_1006_551_660_0001_0001_m_4FXE_434_195_114_0001_0001_m_combined_4_dldesign_0_af2pred,50,2,False,False,10.141987829614605,76.57200811359026,True,True,True,28.600405679513184,5.721193378963802,7.554588851677638,0.7573136660763881,0.06280626540327257,15.921978381919429,15.921978381919429,0.7573136660763881,493,188,154,91,2.622340425531915,1.0,61.86612576064909,seed_guided
S10_4FXE_19826_77_105_0001_0001_m_4FXE_434_195_114_0001_0001_m_combined_1_dldesign_0_af2pred,S10_4FXE_1006_551_660_0001_0001_m_4FXE_6024_206_254_0001_0001_m_combined_2_dldesign_0_af2pred,50,2,False,False,10.141987829614605,76.57200811359026,True,True,True,28.600405679513184,5.721193378963802,7.554588851677638,0.7573136660763881,0.06280626540327257,15.921978381919429,15.921978381919429,0.7573136660763881,493,188,154,91,2.622340425531915,1.0,61.86612576064909,seed_guided
S10_4FXE_19826_77_105_0001_0001_m_4FXE_434_195_114_0001_0001_m_combined_1_dldesign_0_af2pred,S10_4FXE_19650_754_740_0001_0001_m_4FXE_434_195_114_0001_0001_m_combined_2_dldesign_0_af2pred,50,2,False,False,10.141987829614605,76.57200811359026,True,True,True,28.600405679513184,5.721193378963802,7.554588851677638,0.7573136660763881,0.06280626540327257,15.921978381919429,15.921978381919429,0.7573136660763881,493,188,154,91,2.622340425531915,1.0,61.86612576064909,seed_guided
S10_4FXE_19826_77_105_0001_0001_m_4FXE_434_195_114_0001_0001_m_combined_1_dldesign_0_af2pred,S10_4FXE_21484_423_453_0001_0001_m_4FXE_434_195_114_0001_0001_m_combined_1_dldesign_0_af2pred,50,2,False,False,10.141987829614605,76.57200811359026,True,True,True,28.600405679513184,5.721193378963802,7.554588851677638,0.7573136660763881,0.06280626540327257,15.921978381919429,15.921978381919429,0.7573136660763881,493,188,154,91,2.622340425531915,1.0,61.86612576064909,seed_guided
S10_4FXE_19826_77_105_0001_0001_m_4FXE_434_195_114_0001_0001_m_combined_1_dldesign_0_af2pred,S10_4FXE_21484_423_453_0001_0001_m_4FXE_19766_93_45_0001_0001_m_combined_2_dldesign_0_af2pred,50,2,False,False,10.141987829614605,76.57200811359026,True,True,True,28.600405679513184,5.721193378963802,7.554588851677638,0.7573136660763881,0.06280626540327257,15.921978381919429,15.921978381919429,0.7573136660763881,493,188,154,91,2.622340425531915,1.0,61.86612576064909,seed_guided
S10_4FXE_19826_77_105_0001_0001_m_4FXE_434_195_114_0001_0001_m_combined_1_dldesign_0_af2pred,S10_4FXE_22640_547_565_0001_0001_m_4FXE_14423_1003_1126_0001_0001_m_combined_0_dldesign_0_af2pred,50,2,False,False,10.141987829614605,76.57200811359026,True,True,True,28.600405679513184,5.721193378963802,7.554588851677638,0.7573136660763881,0.06280626540327257,15.921978381919429,15.921978381919429,0.7573136660763881,493,188,154,91,2.622340425531915,1.0,61.86612576064909,seed_guided
S10_4FXE_19826_77_105_0001_0001_m_4FXE_434_195_114_0001_0001_m_combined_1_dldesign_0_af2pred,S10_4FXE_19650_180_166_0001_0001_m_4FXE_14895_212_353_0001_0001_m_combined_3_dldesign_0_af2pred,50,2,False,False,10.141987829614605,76.57200811359026,True,True,True,28.600405679513184,5.721193378963802,7.554588851677638,0.7573136660763881,0.06280626540327257,15.921978381919429,15.921978381919429,0.7573136660763881,493,188,154,91,2.622340425531915,1.0,61.86612576064909,seed_guided
S10_4FXE_19826_77_105_0001_0001_m_4FXE_434_195_114_0001_0001_m_combined_1_dldesign_0_af2pred,S10_4FXE_6951_264_40_0001_0001_m_4FXE_434_195_114_0001_0001_m_combined_1_dldesign_0_af2pred,50,2,False,False,10.141987829614605,76.57200811359026,True,True,True,28.600405679513184,5.721193378963802,7.554588851677638,0.7573136660763881,0.06280626540327257,15.921978381919429,15.921978381919429,0.7573136660763881,493,188,154,91,2.622340425531915,1.0,61.86612576064909,seed_guided
S10_4FXE_19826_77_105_0001_0001_m_4FXE_434_195_114_0001_0001_m_combined_1_dldesign_0_af2pred,S10_4FXE_6951_264_40_0001_0001_m_4FXE_10067_823_812_0001_0001_m_combined_3_dldesign_0_af2pred,50,2,False,False,10.141987829614605,76.57200811359026,True,True,True,28.600405679513184,5.721193378963802,7.554588851677638,0.7573136660763881,0.06280626540327257,15.921978381919429,15.921978381919429,0.7573136660763881,493,188,154,91,2.622340425531915,1.0,61.86612576064909,seed_guided
S10_4FXE_19826_77_105_0001_0001_m_4FXE_434_195_114_0001_0001_m_combined_1_dldesign_0_af2pred,S10_4FXE_1006_49_158_0001_0001_m_4FXE_6024_206_254_0001_0001_m_combined_2_dldesign_0_af2pred,50,2,False,False,10.141987829614605,76.57200811359026,True,True,True,28.600405679513184,5.721193378963802,7.554588851677638,0.7573136660763881,0.06280626540327257,15.921978381919429,15.921978381919429,0.7573136660763881,493,188,154,91,2.622340425531915,1.0,61.86612576064909,seed_guided
S10_4FXE_19826_77_105_0001_0001_m_4FXE_434_195_114_0001_0001_m_combined_1_dldesign_0_af2pred,S10_4FXE_1006_49_158_0001_0001_m_4FXE_9228_307_430_0001_0001_m_combined_2_dldesign_0_af2pred,50,2,False,False,10.141987829614605,76.57200811359026,True,True,True,28.600405679513184,5.721193378963802,7.554588851677638,0.7573136660763881,0.06280626540327257,15.921978381919429,15.921978381919429,0.7573136660763881,493,188,154,91,2.622340425531915,1.0,61.86612576064909,seed_guided
S10_4FXE_19826_77_105_0001_0001_m_4FXE_434_195_114_0001_0001_m_combined_1_dldesign_0_af2pred,S10_4FXE_1006_551_660_0001_0001_m_4FXE_7253_174_120_0001_0001_m_combined_3_dldesign_0_af2pred,50,2,False,False,10.141987829614605,76.57200811359026,True,True,True,28.600405679513184,5.721193378963802,7.554588851677638,0.7573136660763881,0.06280626540327257,15.921978381919429,15.921978381919429,0.7573136660763881,493,188,154,91,2.622340425531915,1.0,61.86612576064909,seed_guided
S10_4FXE_19826_77_105_0001_0001_m_4FXE_434_195_114_0001_0001_m_combined_1_dldesign_0_af2pred,S10_4FXE_1006_551_660_0001_0001_m_4FXE_22897_91_119_0001_0001_m_combined_3_dldesign_0_af2pred,50,2,False,False,10.141987829614605,76.57200811359026,True,True,True,28.600405679513184,5.721193378963802,7.554588851677638,0.7573136660763881,0.06280626540327257,15.921978381919429,15.921978381919429,0.7573136660763881,493,188,154,91,2.622340425531915,1.0,61.86612576064909,seed_guided
S10_4FXE_19826_77_105_0001_0001_m_4FXE_434_195_114_0001_0001_m_combined_1_dldesign_0_af2pred,S10_4FXE_11920_355_310_0001_0001_m_4FXE_12775_63_291_0001_0001_m_combined_1_dldesign_0_af2pred,50,2,False,False,10.141987829614605,76.57200811359026,True,True,True,28.600405679513184,5.721193378963802,7.554588851677638,0.7573136660763881,0.06280626540327257,15.921978381919429,15.921978381919429,0.7573136660763881,493,188,154,91,2.622340425531915,1.0,61.86612576064909,seed_guided
S10_4FXE_19826_77_105_0001_0001_m_4FXE_434_195_114_0001_0001_m_combined_1_dldesign_0_af2pred,S10_4FXE_6951_264_40_0001_0001_m_4FXE_20738_40_52_0001_0001_m_combined_0_dldesign_0_af2pred,50,2,False,False,10.141987829614605,76.57200811359026,True,True,True,28.600405679513184,5.721193378963802,7.554588851677638,0.7573136660763881,0.06280626540327257,15.921978381919429,15.921978381919429,0.7573136660763881,493,188,154,91,2.622340425531915,1.0,61.86612576064909,seed_guided
S10_4FXE_19826_77_105_0001_0001_m_4FXE_434_195_114_0001_0001_m_combined_1_dldesign_0_af2pred,S10_4FXE_6951_264_40_0001_0001_m_4FXE_5700_275_259_0001_0001_m_combined_1_dldesign_0_af2pred,50,2,False,False,10.141987829614605,76.57200811359026,True,True,True,28.600405679513184,5.721193378963802,7.554588851677638,0.7573136660763881,0.06280626540327257,15.921978381919429,15.921978381919429,0.7573136660763881,493,188,154,91,2.622340425531915,1.0,61.86612576064909,seed_guided
S10_4FXE_19826_77_105_0001_0001_m_4FXE_434_195_114_0001_0001_m_combined_1_dldesign_0_af2pred,S10_4FXE_11920_866_821_0001_0001_m_4FXE_22897_91_119_0001_0001_m_combined_2_dldesign_0_af2pred,50,2,False,False,10.141987829614605,76.57200811359026,True,True,True,28.600405679513184,5.721193378963802,7.554588851677638,0.7573136660763881,0.06280626540327257,15.921978381919429,15.921978381919429,0.7573136660763881,493,188,154,91,2.622340425531915,1.0,61.86612576064909,seed_guided
S10_4FXE_19826_77_105_0001_0001_m_4FXE_434_195_114_0001_0001_m_combined_1_dldesign_0_af2pred,S9l_4FXE_5700_748_731_0001_0001_m_4FXE_11920_866_821_0001_0001_m_combined_4_dldesign_0_af2pred,50,2,False,False,10.141987829614605,76.57200811359026,True,True,True,28.600405679513184,5.721193378963802,7.554588851677638,0.7573136660763881,0.06280626540327257,15.921978381919429,15.921978381919429,0.7573136660763881,493,188,154,91,2.622340425531915,1.0,61.86612576064909,seed_guided
S10_4FXE_19826_77_105_0001_0001_m_4FXE_434_195_114_0001_0001_m_combined_1_dldesign_0_af2pred,S10_4FXE_21484_423_453_0001_0001_m_4FXE_18778_130_141_0001_0001_m_combined_0_dldesign_0_af2pred,50,2,False,False,10.141987829614605,76.57200811359026,True,True,True,28.600405679513184,5.721193378963802,7.554588851677638,0.7573136660763881,0.06280626540327257,15.921978381919429,15.921978381919429,0.7573136660763881,493,188,154,91,2.622340425531915,1.0,61.86612576064909,seed_guided
S10_4FXE_19826_77_105_0001_0001_m_4FXE_434_195_114_0001_0001_m_combined_1_dldesign_0_af2pred,S9l_4FXE_5700_748_731_0001_0001_m_4FXE_21484_423_453_0001_0001_m_combined_1_dldesign_0_af2pred,50,2,False,False,10.141987829614605,76.57200811359026,True,True,True,28.600405679513184,5.721193378963802,7.554588851677638,0.7573136660763881,0.06280626540327257,15.921978381919429,15.921978381919429,0.7573136660763881,493,188,154,91,2.622340425531915,1.0,61.86612576064909,seed_guided
S10_4FXE_19826_77_105_0001_0001_m_4FXE_434_195_114_0001_0001_m_combined_1_dldesign_0_af2pred,S10_4FXE_11920_355_310_0001_0001_m_4FXE_14895_809_950_0001_0001_m_combined_2_dldesign_0_af2pred,50,2,False,False,10.141987829614605,76.57200811359026,True,True,True,28.600405679513184,5.721193378963802,7.554588851677638,0.7573136660763881,0.06280626540327257,15.921978381919429,15.921978381919429,0.7573136660763881,493,188,154,91,2.622340425531915,1.0,61.86612576064909,seed_guided
S10_4FXE_19826_77_105_0001_0001_m_4FXE_434_195_114_0001_0001_m_combined_1_dldesign_0_af2pred,S10_4FXE_11920_355_310_0001_0001_m_4FXE_22897_91_119_0001_0001_m_combined_4_dldesign_0_af2pred,50,2,False,False,10.141987829614605,76.57200811359026,True,True,True,28.600405679513184,5.721193378963802,7.554588851677638,0.7573136660763881,0.06280626540327257,15.921978381919429,15.921978381919429,0.7573136660763881,493,188,154,91,2.622340425531915,1.0,61.86612576064909,seed_guided
S10_4FXE_19826_77_105_0001_0001_m_4FXE_434_195_114_0001_0001_m_combined_1_dldesign_0_af2pred,S10_4FXE_6951_264_40_0001_0001_m_4FXE_5700_275_259_0001_0001_m_combined_3_dldesign_0_af2pred,50,2,False,False,10.141987829614605,76.57200811359026,True,True,True,28.600405679513184,5.721193378963802,7.554588851677638,0.7573136660763881,0.06280626540327257,15.921978381919429,15.921978381919429,0.7573136660763881,493,188,154,91,2.622340425531915,1.0,61.86612576064909,seed_guided
S10_4FXE_19826_77_105_0001_0001_m_4FXE_434_195_114_0001_0001_m_combined_1_dldesign_0_af2pred,S10_4FXE_11920_355_310_0001_0001_m_4FXE_434_195_114_0001_0001_m_combined_0_dldesign_0_af2pred,50,2,False,False,10.141987829614605,76.57200811359026,True,True,True,28.600405679513184,5.721193378963802,7.554588851677638,0.7573136660763881,0.06280626540327257,15.921978381919429,15.921978381919429,0.7573136660763881,493,188,154,91,2.622340425531915,1.0,61.86612576064909,seed_guided
S10_4FXE_19826_77_105_0001_0001_m_4FXE_434_195_114_0001_0001_m_combined_1_dldesign_0_af2pred,S10_4FXE_11920_866_821_0001_0001_m_4FXE_16430_125_88_0001_0001_m_combined_1_dldesign_0_af2pred,50,2,False,False,10.141987829614605,76.57200811359026,True,True,True,28.600405679513184,5.721193378963802,7.554588851677638,0.7573136660763881,0.06280626540327257,15.921978381919429,15.921978381919429,0.7573136660763881,493,188,154,91,2.622340425531915,1.0,61.86612576064909,seed_guided
S10_4FXE_19826_77_105_0001_0001_m_4FXE_434_195_114_0001_0001_m_combined_1_dldesign_0_af2pred,S10_4FXE_11920_355_310_0001_0001_m_4FXE_16430_125_88_0001_0001_m_combined_0_dldesign_0_af2pred,50,2,False,False,10.141987829614605,76.57200811359026,True,True,True,28.600405679513184,5.721193378963802,7.554588851677638,0.7573136660763881,0.06280626540327257,15.921978381919429,15.921978381919429,0.7573136660763881,493,188,154,91,2.622340425531915,1.0,61.86612576064909,seed_guided
S10_4FXE_19826_77_105_0001_0001_m_4FXE_434_195_114_0001_0001_m_combined_1_dldesign_0_af2pred,S10_4FXE_11920_355_310_0001_0001_m_4FXE_6236_39_87_0001_0001_m_combined_0_dldesign_0_af2pred,50,2,False,False,10.141987829614605,76.57200811359026,True,True,True,28.600405679513184,5.721193378963802,7.554588851677638,0.7573136660763881,0.06280626540327257,15.921978381919429,15.921978381919429,0.7573136660763881,493,188,154,91,2.622340425531915,1.0,61.86612576064909,seed_guided
S10_4FXE_19826_77_105_0001_0001_m_4FXE_434_195_114_0001_0001_m_combined_1_dldesign_0_af2pred,S10_4FXE_11920_866_821_0001_0001_m_4FXE_10940_224_349_0001_0001_m_combined_2_dldesign_0_af2pred,50,2,False,False,10.141987829614605,76.57200811359026,True,True,True,28.600405679513184,5.721193378963802,7.554588851677638,0.7573136660763881,0.06280626540327257,15.921978381919429,15.921978381919429,0.7573136660763881,493,188,154,91,2.622340425531915,1.0,61.86612576064909,seed_guided
S10_4FXE_19826_77_105_0001_0001_m_4FXE_434_195_114_0001_0001_m_combined_1_dldesign_0_af2pred,S10_4FXE_11920_866_821_0001_0001_m_4FXE_12556_206_254_0001_0001_m_combined_0_dldesign_0_af2pred,50,2,False,False,10.141987829614605,76.57200811359026,True,True,True,28.600405679513184,5.721193378963802,7.554588851677638,0.7573136660763881,0.06280626540327257,15.921978381919429,15.921978381919429,0.7573136660763881,493,188,154,91,2.622340425531915,1.0,61.86612576064909,seed_guided
S10_4FXE_19826_77_105_0001_0001_m_4FXE_434_195_114_0001_0001_m_combined_1_dldesign_0_af2pred,S10_4FXE_11920_866_821_0001_0001_m_4FXE_22410_133_110_0001_0001_m_combined_4_dldesign_0_af2pred,50,2,False,False,10.141987829614605,76.57200811359026,True,True,True,28.600405679513184,5.721193378963802,7.554588851677638,0.7573136660763881,0.06280626540327257,15.921978381919429,15.921978381919429,0.7573136660763881,493,188,154,91,2.622340425531915,1.0,61.86612576064909,seed_guided
S10_4FXE_19826_77_105_0001_0001_m_4FXE_434_195_114_0001_0001_m_combined_1_dldesign_0_af2pred,S10_4FXE_11920_866_821_0001_0001_m_4FXE_5700_1223_1203_0001_0001_m_combined_2_dldesign_0_af2pred,50,2,False,False,10.141987829614605,76.57200811359026,True,True,True,28.600405679513184,5.721193378963802,7.554588851677638,0.7573136660763881,0.06280626540327257,15.921978381919429,15.921978381919429,0.7573136660763881,493,188,154,91,2.622340425531915,1.0,61.86612576064909,seed_guided
S10_4FXE_19826_77_105_0001_0001_m_4FXE_434_195_114_0001_0001_m_combined_1_dldesign_0_af2pred,S10_4FXE_16879_129_97_0001_0001_m_4FXE_434_195_114_0001_0001_m_combined_1_dldesign_0_af2pred,50,2,False,False,10.141987829614605,76.57200811359026,True,True,True,28.600405679513184,5.721193378963802,7.554588851677638,0.7573136660763881,0.06280626540327257,15.921978381919429,15.921978381919429,0.7573136660763881,493,188,154,91,2.622340425531915,1.0,61.86612576064909,seed_guided
S10_4FXE_19826_77_105_0001_0001_m_4FXE_434_195_114_0001_0001_m_combined_1_dldesign_0_af2pred,S10_4FXE_21484_423_453_0001_0001_m_4FXE_434_195_114_0001_0001_m_combined_0_dldesign_0_af2pred,50,2,False,False,10.141987829614605,76.57200811359026,True,True,True,28.600405679513184,5.721193378963802,7.554588851677638,0.7573136660763881,0.06280626540327257,15.921978381919429,15.921978381919429,0.7573136660763881,493,188,154,91,2.622340425531915,1.0,61.86612576064909,seed_guided
S10_4FXE_19826_77_105_0001_0001_m_4FXE_434_195_114_0001_0001_m_combined_1_dldesign_0_af2pred,S10_4FXE_11920_866_821_0001_0001_m_4FXE_18778_130_141_0001_0001_m_combined_4_dldesign_0_af2pred,50,2,False,False,10.141987829614605,76.57200811359026,True,True,True,28.600405679513184,5.721193378963802,7.554588851677638,0.7573136660763881,0.06280626540327257,15.921978381919429,15.921978381919429,0.7573136660763881,493,188,154,91,2.622340425531915,1.0,61.86612576064909,seed_guided
S10_4FXE_19826_77_105_0001_0001_m_4FXE_434_195_114_0001_0001_m_combined_1_dldesign_0_af2pred,S10_4FXE_11920_866_821_0001_0001_m_4FXE_20738_40_52_0001_0001_m_combined_4_dldesign_0_af2pred,50,2,False,False,10.141987829614605,76.57200811359026,True,True,True,28.600405679513184,5.721193378963802,7.554588851677638,0.7573136660763881,0.06280626540327257,15.921978381919429,15.921978381919429,0.7573136660763881,493,188,154,91,2.622340425531915,1.0,61.86612576064909,seed_guided
S10_4FXE_19826_77_105_0001_0001_m_4FXE_434_195_114_0001_0001_m_combined_1_dldesign_0_af2pred,S10_4FXE_11920_866_821_0001_0001_m_4FXE_7253_174_120_0001_0001_m_combined_3_dldesign_0_af2pred,50,2,False,False,10.141987829614605,76.57200811359026,True,True,True,28.600405679513184,5.721193378963802,7.554588851677638,0.7573136660763881,0.06280626540327257,15.921978381919429,15.921978381919429,0.7573136660763881,493,188,154,91,2.622340425531915,1.0,61.86612576064909,seed_guided
S10_4FXE_19826_77_105_0001_0001_m_4FXE_434_195_114_0001_0001_m_combined_1_dldesign_0_af2pred,S10_4FXE_16539_5_83_0001_0001_m_4FXE_14895_212_353_0001_0001_m_combined_0_dldesign_0_af2pred,50,2,False,False,10.141987829614605,76.57200811359026,True,True,True,28.600405679513184,5.721193378963802,7.554588851677638,0.7573136660763881,0.06280626540327257,15.921978381919429,15.921978381919429,0.7573136660763881,493,188,154,91,2.622340425531915,1.0,61.86612576064909,seed_guided
S10_4FXE_19826_77_105_0001_0001_m_4FXE_434_195_114_0001_0001_m_combined_1_dldesign_0_af2pred,S10_4FXE_16879_129_97_0001_0001_m_4FXE_14895_212_353_0001_0001_m_combined_0_dldesign_0_af2pred,50,2,False,False,10.141987829614605,76.57200811359026,True,True,True,28.600405679513184,5.721193378963802,7.554588851677638,0.7573136660763881,0.06280626540327257,15.921978381919429,15.921978381919429,0.7573136660763881,493,188,154,91,2.622340425531915,1.0,61.86612576064909,seed_guided
S10_4FXE_19826_77_105_0001_0001_m_4FXE_434_195_114_0001_0001_m_combined_1_dldesign_0_af2pred,S10_4FXE_19650_754_740_0001_0001_m_4FXE_17073_78_300_0001_0001_m_combined_1_dldesign_0_af2pred,50,2,False,False,10.141987829614605,76.57200811359026,True,True,True,28.600405679513184,5.721193378963802,7.554588851677638,0.7573136660763881,0.06280626540327257,15.921978381919429,15.921978381919429,0.7573136660763881,493,188,154,91,2.622340425531915,1.0,61.86612576064909,seed_guided
S10_4FXE_19826_77_105_0001_0001_m_4FXE_434_195_114_0001_0001_m_combined_1_dldesign_0_af2pred,S10_4FXE_19826_77_105_0001_0001_m_4FXE_13069_356_317_0001_0001_m_combined_4_dldesign_0_af2pred,50,2,False,False,10.141987829614605,76.57200811359026,True,True,True,28.600405679513184,5.721193378963802,7.554588851677638,0.7573136660763881,0.06280626540327257,15.921978381919429,15.921978381919429,0.7573136660763881,493,188,154,91,2.622340425531915,1.0,61.86612576064909,seed_guided
S10_4FXE_19826_77_105_0001_0001_m_4FXE_434_195_114_0001_0001_m_combined_1_dldesign_0_af2pred,S10_4FXE_6951_264_40_0001_0001_m_4FXE_10442_225_12_0001_0001_m_combined_4_dldesign_0_af2pred,50,2,False,False,10.141987829614605,76.57200811359026,True,True,True,28.600405679513184,5.721193378963802,7.554588851677638,0.7573136660763881,0.06280626540327257,15.921978381919429,15.921978381919429,0.7573136660763881,493,188,154,91,2.622340425531915,1.0,61.86612576064909,seed_guided
S10_4FXE_19826_77_105_0001_0001_m_4FXE_434_195_114_0001_0001_m_combined_1_dldesign_0_af2pred,S10_4FXE_16879_129_97_0001_0001_m_4FXE_18778_130_141_0001_0001_m_combined_2_dldesign_0_af2pred,50,2,False,False,10.141987829614605,76.57200811359026,True,True,True,28.600405679513184,5.721193378963802,7.554588851677638,0.7573136660763881,0.06280626540327257,15.921978381919429,15.921978381919429,0.7573136660763881,493,188,154,91,2.622340425531915,1.0,61.86612576064909,seed_guided
S10_4FXE_19826_77_105_0001_0001_m_4FXE_434_195_114_0001_0001_m_combined_1_dldesign_0_af2pred,S10_4FXE_6951_264_40_0001_0001_m_4FXE_10940_224_349_0001_0001_m_combined_4_dldesign_0_af2pred,50,2,False,False,10.141987829614605,76.57200811359026,True,True,True,28.600405679513184,5.721193378963802,7.554588851677638,0.7573136660763881,0.06280626540327257,15.921978381919429,15.921978381919429,0.7573136660763881,493,188,154,91,2.622340425531915,1.0,61.86612576064909,seed_guided
S10_4FXE_19826_77_105_0001_0001_m_4FXE_434_195_114_0001_0001_m_combined_1_dldesign_0_af2pred,S10_4FXE_22640_547_565_0001_0001_m_4FXE_20643_531_554_0001_0001_m_combined_4_dldesign_0_af2pred,50,2,False,False,10.141987829614605,76.57200811359026,True,True,True,28.600405679513184,5.721193378963802,7.554588851677638,0.7573136660763881,0.06280626540327257,15.921978381919429,15.921978381919429,0.7573136660763881,493,188,154,91,2.622340425531915,1.0,61.86612576064909,seed_guided
S10_4FXE_19826_77_105_0001_0001_m_4FXE_434_195_114_0001_0001_m_combined_1_dldesign_0_af2pred,S10_4FXE_6951_264_40_0001_0001_m_4FXE_14423_1003_1126_0001_0001_m_combined_3_dldesign_0_af2pred,50,2,False,False,10.141987829614605,76.57200811359026,True,True,True,28.600405679513184,5.721193378963802,7.554588851677638,0.7573136660763881,0.06280626540327257,15.921978381919429,15.921978381919429,0.7573136660763881,493,188,154,91,2.622340425531915,1.0,61.86612576064909,seed_guided
S10_4FXE_19826_77_105_0001_0001_m_4FXE_434_195_114_0001_0001_m_combined_1_dldesign_0_af2pred,S10_4FXE_6951_264_40_0001_0001_m_4FXE_20738_40_52_0001_0001_m_combined_1_dldesign_0_af2pred,50,2,False,False,10.141987829614605,76.57200811359026,True,True,True,28.600405679513184,5.721193378963802,7.554588851677638,0.7573136660763881,0.06280626540327257,15.921978381919429,15.921978381919429,0.7573136660763881,493,188,154,91,2.622340425531915,1.0,61.86612576064909,seed_guided
S10_4FXE_19826_77_105_0001_0001_m_4FXE_434_195_114_0001_0001_m_combined_1_dldesign_0_af2pred,S10_4FXE_6951_264_40_0001_0001_m_4FXE_22897_91_119_0001_0001_m_combined_0_dldesign_0_af2pred,50,2,False,False,10.141987829614605,76.57200811359026,True,True,True,28.600405679513184,5.721193378963802,7.554588851677638,0.7573136660763881,0.06280626540327257,15.921978381919429,15.921978381919429,0.7573136660763881,493,188,154,91,2.622340425531915,1.0,61.86612576064909,seed_guided
S10_4FXE_19826_77_105_0001_0001_m_4FXE_434_195_114_0001_0001_m_combined_1_dldesign_0_af2pred,S10_4FXE_6951_264_40_0001_0001_m_4FXE_9228_307_430_0001_0001_m_combined_1_dldesign_0_af2pred,50,2,False,False,10.141987829614605,76.57200811359026,True,True,True,28.600405679513184,5.721193378963802,7.554588851677638,0.7573136660763881,0.06280626540327257,15.921978381919429,15.921978381919429,0.7573136660763881,493,188,154,91,2.622340425531915,1.0,61.86612576064909,seed_guided
S10_4FXE_19826_77_105_0001_0001_m_4FXE_434_195_114_0001_0001_m_combined_1_dldesign_0_af2pred,S10_4FXE_8422_56_40_0001_0001_m_4FXE_434_195_114_0001_0001_m_combined_3_dldesign_0_af2pred,50,2,False,False,10.141987829614605,76.57200811359026,True,True,True,28.600405679513184,5.721193378963802,7.554588851677638,0.7573136660763881,0.06280626540327257,15.921978381919429,15.921978381919429,0.7573136660763881,493,188,154,91,2.622340425531915,1.0,61.86612576064909,seed_guided
S10_4FXE_19850_184_195_0001_0001_m_4FXE_13069_356_317_0001_0001_m_combined_1_dldesign_0_af2pred,S10_4FXE_19850_184_195_0001_0001_m_4FXE_13069_356_317_0001_0001_m_combined_1_dldesign_0_af2pred,1,90,True,True,0.2028397565922921,15.720081135902635,False,False,False,98.58012170385396,5.721193378963802,7.554588851677638,0.7573136660763881,0.06280626540327257,15.921978381919429,15.921978381919429,0.7573136660763881,493,188,154,91,2.622340425531915,1.0,61.86612576064909,seed_guided
S10_4FXE_19850_184_195_0001_0001_m_4FXE_18778_130_141_0001_0001_m_combined_2_dldesign_0_af2pred,S10_4FXE_19850_184_195_0001_0001_m_4FXE_18778_130_141_0001_0001_m_combined_2_dldesign_0_af2pred,1,91,True,True,0.2028397565922921,15.720081135902635,False,False,False,98.78296146044624,5.721193378963802,7.554588851677638,0.7573136660763881,0.06280626540327257,15.921978381919429,15.921978381919429,0.7573136660763881,493,188,154,91,2.622340425531915,1.0,61.86612576064909,seed_guided
S10_4FXE_19850_184_195_0001_0001_m_4FXE_22410_133_110_0001_0001_m_combined_3_dldesign_0_af2pred,S10_4FXE_19850_184_195_0001_0001_m_4FXE_22410_133_110_0001_0001_m_combined_3_dldesign_0_af2pred,1,92,True,True,0.2028397565922921,15.720081135902635,False,False,False,98.98580121703854,5.721193378963802,7.554588851677638,0.7573136660763881,0.06280626540327257,15.921978381919429,15.921978381919429,0.7573136660763881,493,188,154,91,2.622340425531915,1.0,61.86612576064909,seed_guided
S10_4FXE_19850_184_195_0001_0001_m_4FXE_2307_203_251_0001_0001_m_combined_2_dldesign_0_af2pred,S10_4FXE_19850_184_195_0001_0001_m_4FXE_2307_203_251_0001_0001_m_combined_2_dldesign_0_af2pred,1,93,True,True,0.2028397565922921,15.720081135902635,False,False,False,99.18864097363083,5.721193378963802,7.554588851677638,0.7573136660763881,0.06280626540327257,15.921978381919429,15.921978381919429,0.7573136660763881,493,188,154,91,2.622340425531915,1.0,61.86612576064909,seed_guided
S10_4FXE_19850_184_195_0001_0001_m_4FXE_5700_1223_1203_0001_0001_m_combined_2_dldesign_0_af2pred,S10_4FXE_19850_184_195_0001_0001_m_4FXE_5700_1223_1203_0001_0001_m_combined_2_dldesign_0_af2pred,1,94,True,True,0.2028397565922921,15.720081135902635,False,False,False,99.39148073022312,5.721193378963802,7.554588851677638,0.7573136660763881,0.06280626540327257,15.921978381919429,15.921978381919429,0.7573136660763881,493,188,154,91,2.622340425531915,1.0,61.86612576064909,seed_guided
S10_4FXE_19850_184_195_0001_0001_m_4FXE_6811_212_260_0001_0001_m_combined_0_dldesign_0_af2pred,S10_4FXE_19850_184_195_0001_0001_m_4FXE_6811_212_260_0001_0001_m_combined_0_dldesign_0_af2pred,1,95,True,True,0.2028397565922921,15.720081135902635,False,False,False,99.59432048681542,5.721193378963802,7.554588851677638,0.7573136660763881,0.06280626540327257,15.921978381919429,15.921978381919429,0.7573136660763881,493,188,154,91,2.622340425531915,1.0,61.86612576064909,seed_guided
S10_4FXE_19850_184_195_0001_0001_m_4FXE_9228_307_430_0001_0001_m_combined_2_dldesign_0_af2pred,S10_4FXE_19850_184_195_0001_0001_m_4FXE_9228_307_430_0001_0001_m_combined_2_dldesign_0_af2pred,12,6,False,True,2.4340770791075053,50.40567951318459,True,True,True,50.912778904665316,5.721193378963802,7.554588851677638,0.7573136660763881,0.06280626540327257,15.921978381919429,15.921978381919429,0.7573136660763881,493,188,154,91,2.622340425531915,1.0,61.86612576064909,seed_guided
S10_4FXE_19850_184_195_0001_0001_m_4FXE_9228_307_430_0001_0001_m_combined_2_dldesign_0_af2pred,S10_4FXE_11920_866_821_0001_0001_m_4FXE_12775_63_291_0001_0001_m_combined_2_dldesign_0_af2pred,12,6,False,False,2.4340770791075053,50.40567951318459,True,True,True,50.912778904665316,5.721193378963802,7.554588851677638,0.7573136660763881,0.06280626540327257,15.921978381919429,15.921978381919429,0.7573136660763881,493,188,154,91,2.622340425531915,1.0,61.86612576064909,seed_guided
S10_4FXE_19850_184_195_0001_0001_m_4FXE_9228_307_430_0001_0001_m_combined_2_dldesign_0_af2pred,S10_4FXE_11920_355_310_0001_0001_m_4FXE_14395_200_248_0001_0001_m_combined_2_dldesign_0_af2pred,12,6,False,False,2.4340770791075053,50.40567951318459,True,True,True,50.912778904665316,5.721193378963802,7.554588851677638,0.7573136660763881,0.06280626540327257,15.921978381919429,15.921978381919429,0.7573136660763881,493,188,154,91,2.622340425531915,1.0,61.86612576064909,seed_guided
S10_4FXE_19850_184_195_0001_0001_m_4FXE_9228_307_430_0001_0001_m_combined_2_dldesign_0_af2pred,S10_4FXE_11920_866_821_0001_0001_m_4FXE_17073_78_300_0001_0001_m_combined_2_dldesign_0_af2pred,12,6,False,False,2.4340770791075053,50.40567951318459,True,True,True,50.912778904665316,5.721193378963802,7.554588851677638,0.7573136660763881,0.06280626540327257,15.921978381919429,15.921978381919429,0.7573136660763881,493,188,154,91,2.622340425531915,1.0,61.86612576064909,seed_guided
S10_4FXE_19850_184_195_0001_0001_m_4FXE_9228_307_430_0001_0001_m_combined_2_dldesign_0_af2pred,S10_4FXE_11920_355_310_0001_0001_m_4FXE_5700_275_259_0001_0001_m_combined_3_dldesign_0_af2pred,12,6,False,False,2.4340770791075053,50.40567951318459,True,True,True,50.912778904665316,5.721193378963802,7.554588851677638,0.7573136660763881,0.06280626540327257,15.921978381919429,15.921978381919429,0.7573136660763881,493,188,154,91,2.622340425531915,1.0,61.86612576064909,seed_guided
S10_4FXE_19850_184_195_0001_0001_m_4FXE_9228_307_430_0001_0001_m_combined_2_dldesign_0_af2pred,S10_4FXE_11920_355_310_0001_0001_m_4FXE_9228_307_430_0001_0001_m_combined_2_dldesign_0_af2pred,12,6,False,False,2.4340770791075053,50.40567951318459,True,True,True,50.912778904665316,5.721193378963802,7.554588851677638,0.7573136660763881,0.06280626540327257,15.921978381919429,15.921978381919429,0.7573136660763881,493,188,154,91,2.622340425531915,1.0,61.86612576064909,seed_guided
S10_4FXE_19850_184_195_0001_0001_m_4FXE_9228_307_430_0001_0001_m_combined_2_dldesign_0_af2pred,S10_4FXE_11920_355_310_0001_0001_m_4FXE_6811_212_260_0001_0001_m_combined_0_dldesign_0_af2pred,12,6,False,False,2.4340770791075053,50.40567951318459,True,True,True,50.912778904665316,5.721193378963802,7.554588851677638,0.7573136660763881,0.06280626540327257,15.921978381919429,15.921978381919429,0.7573136660763881,493,188,154,91,2.622340425531915,1.0,61.86612576064909,seed_guided
S10_4FXE_19850_184_195_0001_0001_m_4FXE_9228_307_430_0001_0001_m_combined_2_dldesign_0_af2pred,S10_4FXE_11920_866_821_0001_0001_m_4FXE_22410_133_110_0001_0001_m_combined_3_dldesign_0_af2pred,12,6,False,False,2.4340770791075053,50.40567951318459,True,True,True,50.912778904665316,5.721193378963802,7.554588851677638,0.7573136660763881,0.06280626540327257,15.921978381919429,15.921978381919429,0.7573136660763881,493,188,154,91,2.622340425531915,1.0,61.86612576064909,seed_guided
S10_4FXE_19850_184_195_0001_0001_m_4FXE_9228_307_430_0001_0001_m_combined_2_dldesign_0_af2pred,S10_4FXE_19650_754_740_0001_0001_m_4FXE_18778_130_141_0001_0001_m_combined_1_dldesign_0_af2pred,12,6,False,False,2.4340770791075053,50.40567951318459,True,True,True,50.912778904665316,5.721193378963802,7.554588851677638,0.7573136660763881,0.06280626540327257,15.921978381919429,15.921978381919429,0.7573136660763881,493,188,154,91,2.622340425531915,1.0,61.86612576064909,seed_guided
S10_4FXE_19850_184_195_0001_0001_m_4FXE_9228_307_430_0001_0001_m_combined_2_dldesign_0_af2pred,S10_4FXE_11920_355_310_0001_0001_m_4FXE_22897_91_119_0001_0001_m_combined_2_dldesign_0_af2pred,12,6,False,False,2.4340770791075053,50.40567951318459,True,True,True,50.912778904665316,5.721193378963802,7.554588851677638,0.7573136660763881,0.06280626540327257,15.921978381919429,15.921978381919429,0.7573136660763881,493,188,154,91,2.622340425531915,1.0,61.86612576064909,seed_guided
S10_4FXE_19850_184_195_0001_0001_m_4FXE_9228_307_430_0001_0001_m_combined_2_dldesign_0_af2pred,S10_4FXE_11920_355_310_0001_0001_m_4FXE_20643_531_554_0001_0001_m_combined_4_dldesign_0_af2pred,12,6,False,False,2.4340770791075053,50.40567951318459,True,True,True,50.912778904665316,5.721193378963802,7.554588851677638,0.7573136660763881,0.06280626540327257,15.921978381919429,15.921978381919429,0.7573136660763881,493,188,154,91,2.622340425531915,1.0,61.86612576064909,seed_guided
S10_4FXE_19850_184_195_0001_0001_m_4FXE_9228_307_430_0001_0001_m_combined_2_dldesign_0_af2pred,S10_4FXE_19850_184_195_0001_0001_m_4FXE_14395_200_248_0001_0001_m_combined_1_dldesign_0_af2pred,12,6,False,False,2.4340770791075053,50.40567951318459,True,True,True,50.912778904665316,5.721193378963802,7.554588851677638,0.7573136660763881,0.06280626540327257,15.921978381919429,15.921978381919429,0.7573136660763881,493,188,154,91,2.622340425531915,1.0,61.86612576064909,seed_guided
S9_4FXE_19650_180_166_0001_0001_m_4FXE_14423_1003_1126_0001_0001_m_combined_1_dldesign_0_af2pred,S9_4FXE_19650_180_166_0001_0001_m_4FXE_14423_1003_1126_0001_0001_m_combined_1_dldesign_0_af2pred,1,152,True,True,0.2028397565922921,15.720081135902635,False,False,False,80.32454361054766,5.721193378963802,7.554588851677638,0.7573136660763881,0.06280626540327257,15.921978381919429,15.921978381919429,0.7573136660763881,493,188,154,91,2.622340425531915,1.0,61.86612576064909,seed_guided
S9_4FXE_19650_180_166_0001_0001_m_4FXE_6794_69_50_0001_0001_m_combined_1_dldesign_0_af2pred,S9_4FXE_19650_180_166_0001_0001_m_4FXE_6794_69_50_0001_0001_m_combined_1_dldesign_0_af2pred,1,153,True,True,0.2028397565922921,15.720081135902635,False,False,False,80.12170385395538,5.721193378963802,7.554588851677638,0.7573136660763881,0.06280626540327257,15.921978381919429,15.921978381919429,0.7573136660763881,493,188,154,91,2.622340425531915,1.0,61.86612576064909,seed_guided
S9_4FXE_19650_754_740_0001_0001_m_4FXE_10940_224_349_0001_0001_m_combined_1_dldesign_0_af2pred,S9_4FXE_19650_754_740_0001_0001_m_4FXE_10940_224_349_0001_0001_m_combined_1_dldesign_0_af2pred,1,154,True,True,0.2028397565922921,15.720081135902635,False,False,False,79.71602434077079,5.721193378963802,7.554588851677638,0.7573136660763881,0.06280626540327257,15.921978381919429,15.921978381919429,0.7573136660763881,493,188,154,91,2.622340425531915,1.0,61.86612576064909,seed_guided
S9_4FXE_19650_754_740_0001_0001_m_4FXE_17073_78_300_0001_0001_m_combined_0_dldesign_0_af2pred,S9_4FXE_19650_754_740_0001_0001_m_4FXE_17073_78_300_0001_0001_m_combined_0_dldesign_0_af2pred,1,155,True,True,0.2028397565922921,15.720081135902635,False,False,False,79.5131845841785,5.721193378963802,7.554588851677638,0.7573136660763881,0.06280626540327257,15.921978381919429,15.921978381919429,0.7573136660763881,493,188,154,91,2.622340425531915,1.0,61.86612576064909,seed_guided
S9_4FXE_19650_754_740_0001_0001_m_4FXE_20055_128_151_0001_0001_m_combined_0_dldesign_0_af2pred,S9_4FXE_19650_754_740_0001_0001_m_4FXE_20055_128_151_0001_0001_m_combined_0_dldesign_0_af2pred,1,156,True,True,0.2028397565922921,15.720081135902635,False,False,False,79.3103448275862,5.721193378963802,7.554588851677638,0.7573136660763881,0.06280626540327257,15.921978381919429,15.921978381919429,0.7573136660763881,493,188,154,91,2.622340425531915,1.0,61.86612576064909,seed_guided
S9_4FXE_19650_754_740_0001_0001_m_4FXE_20738_40_52_0001_0001_m_combined_0_dldesign_0_af2pred,S9_4FXE_19650_754_740_0001_0001_m_4FXE_20738_40_52_0001_0001_m_combined_0_dldesign_0_af2pred,1,157,True,True,0.2028397565922921,15.720081135902635,False,False,False,76.47058823529412,5.721193378963802,7.554588851677638,0.7573136660763881,0.06280626540327257,15.921978381919429,15.921978381919429,0.7573136660763881,493,188,154,91,2.622340425531915,1.0,61.86612576064909,seed_guided
S9_4FXE_19800_130_232_0001_0001_m_4FXE_14423_1003_1126_0001_0001_m_combined_0_dldesign_0_af2pred,S9_4FXE_19800_130_232_0001_0001_m_4FXE_14423_1003_1126_0001_0001_m_combined_0_dldesign_0_af2pred,2,33,False,True,0.4056795131845842,34.38133874239351,False,False,True,65.92292089249493,5.721193378963802,7.554588851677638,0.7573136660763881,0.06280626540327257,15.921978381919429,15.921978381919429,0.7573136660763881,493,188,154,91,2.622340425531915,1.0,61.86612576064909,seed_guided
S9_4FXE_19800_130_232_0001_0001_m_4FXE_14423_1003_1126_0001_0001_m_combined_0_dldesign_0_af2pred,S9_4FXE_772_210_293_0001_0001_m_4FXE_23279_201_249_0001_0001_m_combined_0_dldesign_0_af2pred,2,33,False,False,0.4056795131845842,34.38133874239351,False,False,True,65.92292089249493,5.721193378963802,7.554588851677638,0.7573136660763881,0.06280626540327257,15.921978381919429,15.921978381919429,0.7573136660763881,493,188,154,91,2.622340425531915,1.0,61.86612576064909,seed_guided
S9_4FXE_19800_130_232_0001_0001_m_4FXE_20055_128_151_0001_0001_m_combined_0_dldesign_0_af2pred,S9_4FXE_19800_130_232_0001_0001_m_4FXE_20055_128_151_0001_0001_m_combined_0_dldesign_0_af2pred,1,158,True,True,0.2028397565922921,15.720081135902635,False,False,False,76.8762677484787,5.721193378963802,7.554588851677638,0.7573136660763881,0.06280626540327257,15.921978381919429,15.921978381919429,0.7573136660763881,493,188,154,91,2.622340425531915,1.0,61.86612576064909,seed_guided
S9_4FXE_19826_77_105_0001_0001_m_4FXE_14423_1003_1126_0001_0001_m_combined_0_dldesign_0_af2pred,S9_4FXE_19826_77_105_0001_0001_m_4FXE_14423_1003_1126_0001_0001_m_combined_0_dldesign_0_af2pred,1,159,True,True,0.2028397565922921,15.720081135902635,False,False,False,77.079107505071,5.721193378963802,7.554588851677638,0.7573136660763881,0.06280626540327257,15.921978381919429,15.921978381919429,0.7573136660763881,493,188,154,91,2.622340425531915,1.0,61.86612576064909,seed_guided
S9_4FXE_19826_77_105_0001_0001_m_4FXE_7253_174_120_0001_0001_m_combined_1_dldesign_0_af2pred,S9_4FXE_19826_77_105_0001_0001_m_4FXE_7253_174_120_0001_0001_m_combined_1_dldesign_0_af2pred,1,160,True,True,0.2028397565922921,15.720081135902635,False,False,False,77.28194726166329,5.721193378963802,7.554588851677638,0.7573136660763881,0.06280626540327257,15.921978381919429,15.921978381919429,0.7573136660763881,493,188,154,91,2.622340425531915,1.0,61.86612576064909,seed_guided
S9_4FXE_19850_184_195_0001_0001_m_4FXE_14423_1003_1126_0001_0001_m_combined_0_dldesign_0_af2pred,S9_4FXE_19850_184_195_0001_0001_m_4FXE_14423_1003_1126_0001_0001_m_combined_0_dldesign_0_af2pred,1,161,True,True,0.2028397565922921,15.720081135902635,False,False,False,77.48478701825557,5.721193378963802,7.554588851677638,0.7573136660763881,0.06280626540327257,15.921978381919429,15.921978381919429,0.7573136660763881,493,188,154,91,2.622340425531915,1.0,61.86612576064909,seed_guided
S9_4FXE_19850_184_195_0001_0001_m_4FXE_5700_1223_1203_0001_0001_m_combined_1_dldesign_0_af2pred,S9_4FXE_19850_184_195_0001_0001_m_4FXE_5700_1223_1203_0001_0001_m_combined_1_dldesign_0_af2pred,1,162,True,True,0.2028397565922921,15.720081135902635,False,False,False,76.26774847870182,5.721193378963802,7.554588851677638,0.7573136660763881,0.06280626540327257,15.921978381919429,15.921978381919429,0.7573136660763881,493,188,154,91,2.622340425531915,1.0,61.86612576064909,seed_guided
S9_4FXE_19850_184_195_0001_0001_m_4FXE_9228_307_430_0001_0001_m_combined_1_dldesign_0_af2pred,S9_4FXE_19850_184_195_0001_0001_m_4FXE_9228_307_430_0001_0001_m_combined_1_dldesign_0_af2pred,1,163,True,True,0.2028397565922921,15.720081135902635,False,False,False,77.68762677484787,5.721193378963802,7.554588851677638,0.7573136660763881,0.06280626540327257,15.921978381919429,15.921978381919429,0.7573136660763881,493,188,154,91,2.622340425531915,1.0,61.86612576064909,seed_guided
S9_4FXE_20044_401_510_0001_0001_m_4FXE_17073_78_300_0001_0001_m_combined_1_dldesign_0_af2pred,S9_4FXE_20044_401_510_0001_0001_m_4FXE_17073_78_300_0001_0001_m_combined_1_dldesign_0_af2pred,1,164,True,True,0.2028397565922921,15.720081135902635,False,False,False,78.09330628803245,5.721193378963802,7.554588851677638,0.7573136660763881,0.06280626540327257,15.921978381919429,15.921978381919429,0.7573136660763881,493,188,154,91,2.622340425531915,1.0,61.86612576064909,seed_guided
S9_4FXE_20044_401_510_0001_0001_m_4FXE_9228_307_430_0001_0001_m_combined_1_dldesign_0_af2pred,S9_4FXE_20044_401_510_0001_0001_m_4FXE_9228_307_430_0001_0001_m_combined_1_dldesign_0_af2pred,2,34,False,True,0.4056795131845842,34.38133874239351,False,False,True,66.32860040567951,5.721193378963802,7.554588851677638,0.7573136660763881,0.06280626540327257,15.921978381919429,15.921978381919429,0.7573136660763881,493,188,154,91,2.622340425531915,1.0,61.86612576064909,seed_guided
S9_4FXE_20044_401_510_0001_0001_m_4FXE_9228_307_430_0001_0001_m_combined_1_dldesign_0_af2pred,S9_4FXE_5300_471_535_0001_0001_m_4FXE_22410_133_110_0001_0001_m_combined_1_dldesign_0_af2pred,2,34,False,False,0.4056795131845842,34.38133874239351,False,False,True,66.32860040567951,5.721193378963802,7.554588851677638,0.7573136660763881,0.06280626540327257,15.921978381919429,15.921978381919429,0.7573136660763881,493,188,154,91,2.622340425531915,1.0,61.86612576064909,seed_guided
S9_4FXE_21484_423_453_0001_0001_m_4FXE_20643_531_554_0001_0001_m_combined_1_dldesign_0_af2pred,S9_4FXE_21484_423_453_0001_0001_m_4FXE_20643_531_554_0001_0001_m_combined_1_dldesign_0_af2pred,3,16,False,True,0.6085192697768763,39.553752535496955,False,True,True,60.24340770791075,5.721193378963802,7.554588851677638,0.7573136660763881,0.06280626540327257,15.921978381919429,15.921978381919429,0.7573136660763881,493,188,154,91,2.622340425531915,1.0,61.86612576064909,seed_guided
S9_4FXE_21484_423_453_0001_0001_m_4FXE_20643_531_554_0001_0001_m_combined_1_dldesign_0_af2pred,S9_4FXE_21484_423_453_0001_0001_m_4FXE_18778_130_141_0001_0001_m_combined_1_dldesign_0_af2pred,3,16,False,False,0.6085192697768763,39.553752535496955,False,True,True,60.24340770791075,5.721193378963802,7.554588851677638,0.7573136660763881,0.06280626540327257,15.921978381919429,15.921978381919429,0.7573136660763881,493,188,154,91,2.622340425531915,1.0,61.86612576064909,seed_guided
S9_4FXE_21484_423_453_0001_0001_m_4FXE_20643_531_554_0001_0001_m_combined_1_dldesign_0_af2pred,S9_4FXE_2510_185_205_0001_0001_m_4FXE_7253_174_120_0001_0001_m_combined_0_dldesign_0_af2pred,3,16,False,False,0.6085192697768763,39.553752535496955,False,True,True,60.24340770791075,5.721193378963802,7.554588851677638,0.7573136660763881,0.06280626540327257,15.921978381919429,15.921978381919429,0.7573136660763881,493,188,154,91,2.622340425531915,1.0,61.86612576064909,seed_guided
S9_4FXE_22415_5_75_0001_0001_m_4FXE_434_195_114_0001_0001_m_combined_1_dldesign_0_af2pred,S9_4FXE_22415_5_75_0001_0001_m_4FXE_434_195_114_0001_0001_m_combined_1_dldesign_0_af2pred,1,165,True,True,0.2028397565922921,15.720081135902635,False,False,False,78.70182555780933,5.721193378963802,7.554588851677638,0.7573136660763881,0.06280626540327257,15.921978381919429,15.921978381919429,0.7573136660763881,493,188,154,91,2.622340425531915,1.0,61.86612576064909,seed_guided
S9_4FXE_22415_5_75_0001_0001_m_4FXE_6024_206_254_0001_0001_m_combined_0_dldesign_0_af2pred,S9_4FXE_22415_5_75_0001_0001_m_4FXE_6024_206_254_0001_0001_m_combined_0_dldesign_0_af2pred,9,7,False,True,1.8255578093306288,48.275862068965516,True,True,True,52.73833671399594,5.721193378963802,7.554588851677638,0.7573136660763881,0.06280626540327257,15.921978381919429,15.921978381919429,0.7573136660763881,493,188,154,91,2.622340425531915,1.0,61.86612576064909,seed_guided
S9_4FXE_22415_5_75_0001_0001_m_4FXE_6024_206_254_0001_0001_m_combined_0_dldesign_0_af2pred,S9_4FXE_10640_11_98_0001_0001_m_4FXE_20055_128_151_0001_0001_m_combined_1_dldesign_0_af2pred,9,7,False,False,1.8255578093306288,48.275862068965516,True,True,True,52.73833671399594,5.721193378963802,7.554588851677638,0.7573136660763881,0.06280626540327257,15.921978381919429,15.921978381919429,0.7573136660763881,493,188,154,91,2.622340425531915,1.0,61.86612576064909,seed_guided
S9_4FXE_22415_5_75_0001_0001_m_4FXE_6024_206_254_0001_0001_m_combined_0_dldesign_0_af2pred,S10l_4FXE_5700_748_731_0001_0001_m_4FXE_5590_422_395_0001_0001_m_combined_2_dldesign_0_af2pred,9,7,False,False,1.8255578093306288,48.275862068965516,True,True,True,52.73833671399594,5.721193378963802,7.554588851677638,0.7573136660763881,0.06280626540327257,15.921978381919429,15.921978381919429,0.7573136660763881,493,188,154,91,2.622340425531915,1.0,61.86612576064909,seed_guided
S9_4FXE_22415_5_75_0001_0001_m_4FXE_6024_206_254_0001_0001_m_combined_0_dldesign_0_af2pred,S9_4FXE_20044_401_510_0001_0001_m_4FXE_5700_275_259_0001_0001_m_combined_1_dldesign_0_af2pred,9,7,False,False,1.8255578093306288,48.275862068965516,True,True,True,52.73833671399594,5.721193378963802,7.554588851677638,0.7573136660763881,0.06280626540327257,15.921978381919429,15.921978381919429,0.7573136660763881,493,188,154,91,2.622340425531915,1.0,61.86612576064909,seed_guided
S9_4FXE_22415_5_75_0001_0001_m_4FXE_6024_206_254_0001_0001_m_combined_0_dldesign_0_af2pred,S9_4FXE_22415_5_75_0001_0001_m_4FXE_14895_809_950_0001_0001_m_combined_0_dldesign_0_af2pred,9,7,False,False,1.8255578093306288,48.275862068965516,True,True,True,52.73833671399594,5.721193378963802,7.554588851677638,0.7573136660763881,0.06280626540327257,15.921978381919429,15.921978381919429,0.7573136660763881,493,188,154,91,2.622340425531915,1.0,61.86612576064909,seed_guided
S9_4FXE_22415_5_75_0001_0001_m_4FXE_6024_206_254_0001_0001_m_combined_0_dldesign_0_af2pred,S9_4FXE_14742_24_58_0001_0001_m_4FXE_9228_307_430_0001_0001_m_combined_1_dldesign_0_af2pred,9,7,False,False,1.8255578093306288,48.275862068965516,True,True,True,52.73833671399594,5.721193378963802,7.554588851677638,0.7573136660763881,0.06280626540327257,15.921978381919429,15.921978381919429,0.7573136660763881,493,188,154,91,2.622340425531915,1.0,61.86612576064909,seed_guided
S9_4FXE_22415_5_75_0001_0001_m_4FXE_6024_206_254_0001_0001_m_combined_0_dldesign_0_af2pred,S9_4FXE_19568_44_89_0001_0001_m_4FXE_10675_503_537_0001_0001_m_combined_1_dldesign_0_af2pred,9,7,False,False,1.8255578093306288,48.275862068965516,True,True,True,52.73833671399594,5.721193378963802,7.554588851677638,0.7573136660763881,0.06280626540327257,15.921978381919429,15.921978381919429,0.7573136660763881,493,188,154,91,2.622340425531915,1.0,61.86612576064909,seed_guided
S9_4FXE_22415_5_75_0001_0001_m_4FXE_6024_206_254_0001_0001_m_combined_0_dldesign_0_af2pred,S9_4FXE_22899_294_350_0001_0001_m_4FXE_20643_531_554_0001_0001_m_combined_1_dldesign_0_af2pred,9,7,False,False,1.8255578093306288,48.275862068965516,True,True,True,52.73833671399594,5.721193378963802,7.554588851677638,0.7573136660763881,0.06280626540327257,15.921978381919429,15.921978381919429,0.7573136660763881,493,188,154,91,2.622340425531915,1.0,61.86612576064909,seed_guided
S9_4FXE_22415_5_75_0001_0001_m_4FXE_6024_206_254_0001_0001_m_combined_0_dldesign_0_af2pred,S9_4FXE_22899_3_59_0001_0001_m_4FXE_10442_225_12_0001_0001_m_combined_0_dldesign_0_af2pred,9,7,False,False,1.8255578093306288,48.275862068965516,True,True,True,52.73833671399594,5.721193378963802,7.554588851677638,0.7573136660763881,0.06280626540327257,15.921978381919429,15.921978381919429,0.7573136660763881,493,188,154,91,2.622340425531915,1.0,61.86612576064909,seed_guided
S9_4FXE_22899_294_350_0001_0001_m_4FXE_10675_503_537_0001_0001_m_combined_1_dldesign_0_af2pred,S9_4FXE_22899_294_350_0001_0001_m_4FXE_10675_503_537_0001_0001_m_combined_1_dldesign_0_af2pred,1,166,True,True,0.2028397565922921,15.720081135902635,False,False,False,79.10750507099391,5.721193378963802,7.554588851677638,0.7573136660763881,0.06280626540327257,15.921978381919429,15.921978381919429,0.7573136660763881,493,188,154,91,2.622340425531915,1.0,61.86612576064909,seed_guided
S9_4FXE_22899_294_350_0001_0001_m_4FXE_5700_275_259_0001_0001_m_combined_0_dldesign_0_af2pred,S9_4FXE_22899_294_350_0001_0001_m_4FXE_5700_275_259_0001_0001_m_combined_0_dldesign_0_af2pred,1,167,True,True,0.2028397565922921,15.720081135902635,False,False,False,77.89046653144017,5.721193378963802,7.554588851677638,0.7573136660763881,0.06280626540327257,15.921978381919429,15.921978381919429,0.7573136660763881,493,188,154,91,2.622340425531915,1.0,61.86612576064909,seed_guided
S9_4FXE_22899_3_59_0001_0001_m_4FXE_14423_1003_1126_0001_0001_m_combined_1_dldesign_0_af2pred,S9_4FXE_22899_3_59_0001_0001_m_4FXE_14423_1003_1126_0001_0001_m_combined_1_dldesign_0_af2pred,1,168,True,True,0.2028397565922921,15.720081135902635,False,False,False,68.96551724137932,5.721193378963802,7.554588851677638,0.7573136660763881,0.06280626540327257,15.921978381919429,15.921978381919429,0.7573136660763881,493,188,154,91,2.622340425531915,1.0,61.86612576064909,seed_guided
S9_4FXE_22899_3_59_0001_0001_m_4FXE_14937_205_253_0001_0001_m_combined_0_dldesign_0_af2pred,S9_4FXE_22899_3_59_0001_0001_m_4FXE_14937_205_253_0001_0001_m_combined_0_dldesign_0_af2pred,1,169,True,True,0.2028397565922921,15.720081135902635,False,False,False,78.90466531440163,5.721193378963802,7.554588851677638,0.7573136660763881,0.06280626540327257,15.921978381919429,15.921978381919429,0.7573136660763881,493,188,154,91,2.622340425531915,1.0,61.86612576064909,seed_guided
S9_4FXE_22899_3_59_0001_0001_m_4FXE_20643_531_554_0001_0001_m_combined_0_dldesign_0_af2pred,S9_4FXE_22899_3_59_0001_0001_m_4FXE_20643_531_554_0001_0001_m_combined_0_dldesign_0_af2pred,1,170,True,True,0.2028397565922921,15.720081135902635,False,False,False,78.49898580121703,5.721193378963802,7.554588851677638,0.7573136660763881,0.06280626540327257,15.921978381919429,15.921978381919429,0.7573136660763881,493,188,154,91,2.622340425531915,1.0,61.86612576064909,seed_guided
S9_4FXE_23190_4_60_0001_0001_m_4FXE_14423_1003_1126_0001_0001_m_combined_0_dldesign_0_af2pred,S9_4FXE_23190_4_60_0001_0001_m_4FXE_14423_1003_1126_0001_0001_m_combined_0_dldesign_0_af2pred,1,171,True,True,0.2028397565922921,15.720081135902635,False,False,False,78.29614604462475,5.721193378963802,7.554588851677638,0.7573136660763881,0.06280626540327257,15.921978381919429,15.921978381919429,0.7573136660763881,493,188,154,91,2.622340425531915,1.0,61.86612576064909,seed_guided
S9_4FXE_23190_4_60_0001_0001_m_4FXE_20643_531_554_0001_0001_m_combined_0_dldesign_0_af2pred,S9_4FXE_23190_4_60_0001_0001_m_4FXE_20643_531_554_0001_0001_m_combined_0_dldesign_0_af2pred,1,172,True,True,0.2028397565922921,15.720081135902635,False,False,False,76.67342799188641,5.721193378963802,7.554588851677638,0.7573136660763881,0.06280626540327257,15.921978381919429,15.921978381919429,0.7573136660763881,493,188,154,91,2.622340425531915,1.0,61.86612576064909,seed_guided
S9_4FXE_2443_12_56_0001_0001_m_4FXE_17073_78_300_0001_0001_m_combined_1_dldesign_0_af2pred,S9_4FXE_2443_12_56_0001_0001_m_4FXE_17073_78_300_0001_0001_m_combined_1_dldesign_0_af2pred,1,173,True,True,0.2028397565922921,15.720081135902635,False,False,False,79.91886409736308,5.721193378963802,7.554588851677638,0.7573136660763881,0.06280626540327257,15.921978381919429,15.921978381919429,0.7573136660763881,493,188,154,91,2.622340425531915,1.0,61.86612576064909,seed_guided
S9_4FXE_2510_185_205_0001_0001_m_4FXE_10675_503_537_0001_0001_m_combined_1_dldesign_0_af2pred,S9_4FXE_2510_185_205_0001_0001_m_4FXE_10675_503_537_0001_0001_m_combined_1_dldesign_0_af2pred,1,174,True,True,0.2028397565922921,15.720081135902635,False,False,False,81.13590263691684,5.721193378963802,7.554588851677638,0.7573136660763881,0.06280626540327257,15.921978381919429,15.921978381919429,0.7573136660763881,493,188,154,91,2.622340425531915,1.0,61.86612576064909,seed_guided
S9_4FXE_2510_185_205_0001_0001_m_4FXE_6024_206_254_0001_0001_m_combined_1_dldesign_0_af2pred,S9_4FXE_2510_185_205_0001_0001_m_4FXE_6024_206_254_0001_0001_m_combined_1_dldesign_0_af2pred,1,175,True,True,0.2028397565922921,15.720081135902635,False,False,False,81.33874239350912,5.721193378963802,7.554588851677638,0.7573136660763881,0.06280626540327257,15.921978381919429,15.921978381919429,0.7573136660763881,493,188,154,91,2.622340425531915,1.0,61.86612576064909,seed_guided
S9_4FXE_3312_13_95_0001_0001_m_4FXE_16430_125_88_0001_0001_m_combined_0_dldesign_0_af2pred,S9_4FXE_3312_13_95_0001_0001_m_4FXE_16430_125_88_0001_0001_m_combined_0_dldesign_0_af2pred,1,176,True,True,0.2028397565922921,15.720081135902635,False,False,False,81.54158215010142,5.721193378963802,7.554588851677638,0.7573136660763881,0.06280626540327257,15.921978381919429,15.921978381919429,0.7573136660763881,493,188,154,91,2.622340425531915,1.0,61.86612576064909,seed_guided
S9_4FXE_5300_471_535_0001_0001_m_4FXE_10940_224_349_0001_0001_m_combined_1_dldesign_0_af2pred,S9_4FXE_5300_471_535_0001_0001_m_4FXE_10940_224_349_0001_0001_m_combined_1_dldesign_0_af2pred,1,177,True,True,0.2028397565922921,15.720081135902635,False,False,False,82.3529411764706,5.721193378963802,7.554588851677638,0.7573136660763881,0.06280626540327257,15.921978381919429,15.921978381919429,0.7573136660763881,493,188,154,91,2.622340425531915,1.0,61.86612576064909,seed_guided
S9_4FXE_5590_422_395_0001_0001_m_4FXE_12556_206_254_0001_0001_m_combined_1_dldesign_0_af2pred,S9_4FXE_5590_422_395_0001_0001_m_4FXE_12556_206_254_0001_0001_m_combined_1_dldesign_0_af2pred,3,17,False,True,0.6085192697768763,39.553752535496955,False,True,True,59.026369168357,5.721193378963802,7.554588851677638,0.7573136660763881,0.06280626540327257,15.921978381919429,15.921978381919429,0.7573136660763881,493,188,154,91,2.622340425531915,1.0,61.86612576064909,seed_guided
S9_4FXE_5590_422_395_0001_0001_m_4FXE_12556_206_254_0001_0001_m_combined_1_dldesign_0_af2pred,S9_4FXE_19568_44_89_0001_0001_m_4FXE_20738_40_52_0001_0001_m_combined_1_dldesign_0_af2pred,3,17,False,False,0.6085192697768763,39.553752535496955,False,True,True,59.026369168357,5.721193378963802,7.554588851677638,0.7573136660763881,0.06280626540327257,15.921978381919429,15.921978381919429,0.7573136660763881,493,188,154,91,2.622340425531915,1.0,61.86612576064909,seed_guided
S9_4FXE_5590_422_395_0001_0001_m_4FXE_12556_206_254_0001_0001_m_combined_1_dldesign_0_af2pred,S9_4FXE_772_210_293_0001_0001_m_4FXE_6236_39_87_0001_0001_m_combined_0_dldesign_0_af2pred,3,17,False,False,0.6085192697768763,39.553752535496955,False,True,True,59.026369168357,5.721193378963802,7.554588851677638,0.7573136660763881,0.06280626540327257,15.921978381919429,15.921978381919429,0.7573136660763881,493,188,154,91,2.622340425531915,1.0,61.86612576064909,seed_guided
S9_4FXE_6951_264_40_0001_0001_m_4FXE_10442_225_12_0001_0001_m_combined_0_dldesign_0_af2pred,S9_4FXE_6951_264_40_0001_0001_m_4FXE_10442_225_12_0001_0001_m_combined_0_dldesign_0_af2pred,1,178,True,True,0.2028397565922921,15.720081135902635,False,False,False,75.86206896551724,5.721193378963802,7.554588851677638,0.7573136660763881,0.06280626540327257,15.921978381919429,15.921978381919429,0.7573136660763881,493,188,154,91,2.622340425531915,1.0,61.86612576064909,seed_guided
S9_4FXE_6951_264_40_0001_0001_m_4FXE_10940_224_349_0001_0001_m_combined_0_dldesign_0_af2pred,S9_4FXE_6951_264_40_0001_0001_m_4FXE_10940_224_349_0001_0001_m_combined_0_dldesign_0_af2pred,1,179,True,True,0.2028397565922921,15.720081135902635,False,False,False,76.06490872210954,5.721193378963802,7.554588851677638,0.7573136660763881,0.06280626540327257,15.921978381919429,15.921978381919429,0.7573136660763881,493,188,154,91,2.622340425531915,1.0,61.86612576064909,seed_guided
S9_4FXE_6951_264_40_0001_0001_m_4FXE_22410_133_110_0001_0001_m_combined_1_dldesign_0_af2pred,S9_4FXE_6951_264_40_0001_0001_m_4FXE_22410_133_110_0001_0001_m_combined_1_dldesign_0_af2pred,1,180,True,True,0.2028397565922921,15.720081135902635,False,False,False,71.19675456389453,5.721193378963802,7.554588851677638,0.7573136660763881,0.06280626540327257,15.921978381919429,15.921978381919429,0.7573136660763881,493,188,154,91,2.622340425531915,1.0,61.86612576064909,seed_guided
S9_4FXE_6951_264_40_0001_0001_m_4FXE_22897_91_119_0001_0001_m_combined_1_dldesign_0_af2pred,S9_4FXE_6951_264_40_0001_0001_m_4FXE_22897_91_119_0001_0001_m_combined_1_dldesign_0_af2pred,1,181,True,True,0.2028397565922921,15.720081135902635,False,False,False,70.38539553752535,5.721193378963802,7.554588851677638,0.7573136660763881,0.06280626540327257,15.921978381919429,15.921978381919429,0.7573136660763881,493,188,154,91,2.622340425531915,1.0,61.86612576064909,seed_guided
S9_4FXE_6951_264_40_0001_0001_m_4FXE_23279_201_249_0001_0001_m_combined_1_dldesign_0_af2pred,S9_4FXE_6951_264_40_0001_0001_m_4FXE_23279_201_249_0001_0001_m_combined_1_dldesign_0_af2pred,1,182,True,True,0.2028397565922921,15.720081135902635,False,False,False,69.97971602434077,5.721193378963802,7.554588851677638,0.7573136660763881,0.06280626540327257,15.921978381919429,15.921978381919429,0.7573136660763881,493,188,154,91,2.622340425531915,1.0,61.86612576064909,seed_guided
S9_4FXE_6951_264_40_0001_0001_m_4FXE_6794_69_50_0001_0001_m_combined_1_dldesign_0_af2pred,S9_4FXE_6951_264_40_0001_0001_m_4FXE_6794_69_50_0001_0001_m_combined_1_dldesign_0_af2pred,1,183,True,True,0.2028397565922921,15.720081135902635,False,False,False,72.21095334685599,5.721193378963802,7.554588851677638,0.7573136660763881,0.06280626540327257,15.921978381919429,15.921978381919429,0.7573136660763881,493,188,154,91,2.622340425531915,1.0,61.86612576064909,seed_guided
S9_4FXE_772_210_293_0001_0001_m_4FXE_13069_356_317_0001_0001_m_combined_1_dldesign_0_af2pred,S9_4FXE_772_210_293_0001_0001_m_4FXE_13069_356_317_0001_0001_m_combined_1_dldesign_0_af2pred,1,184,True,True,0.2028397565922921,15.720081135902635,False,False,False,74.2393509127789,5.721193378963802,7.554588851677638,0.7573136660763881,0.06280626540327257,15.921978381919429,15.921978381919429,0.7573136660763881,493,188,154,91,2.622340425531915,1.0,61.86612576064909,seed_guided
S9_4FXE_772_210_293_0001_0001_m_4FXE_14895_809_950_0001_0001_m_combined_1_dldesign_0_af2pred,S9_4FXE_772_210_293_0001_0001_m_4FXE_14895_809_950_0001_0001_m_combined_1_dldesign_0_af2pred,3,18,False,True,0.6085192697768763,39.553752535496955,False,True,True,62.67748478701826,5.721193378963802,7.554588851677638,0.7573136660763881,0.06280626540327257,15.921978381919429,15.921978381919429,0.7573136660763881,493,188,154,91,2.622340425531915,1.0,61.86612576064909,seed_guided
S9_4FXE_772_210_293_0001_0001_m_4FXE_14895_809_950_0001_0001_m_combined_1_dldesign_0_af2pred,S9_4FXE_872_34_4_0001_0001_m_4FXE_10067_823_812_0001_0001_m_combined_0_dldesign_0_af2pred,3,18,False,False,0.6085192697768763,39.553752535496955,False,True,True,62.67748478701826,5.721193378963802,7.554588851677638,0.7573136660763881,0.06280626540327257,15.921978381919429,15.921978381919429,0.7573136660763881,493,188,154,91,2.622340425531915,1.0,61.86612576064909,seed_guided
S9_4FXE_772_210_293_0001_0001_m_4FXE_14895_809_950_0001_0001_m_combined_1_dldesign_0_af2pred,S10_4FXE_19568_44_89_0001_0001_m_4FXE_16243_203_251_0001_0001_m_combined_0_dldesign_0_af2pred,3,18,False,False,0.6085192697768763,39.553752535496955,False,True,True,62.67748478701826,5.721193378963802,7.554588851677638,0.7573136660763881,0.06280626540327257,15.921978381919429,15.921978381919429,0.7573136660763881,493,188,154,91,2.622340425531915,1.0,61.86612576064909,seed_guided
S9_4FXE_8422_56_40_0001_0001_m_4FXE_20055_128_151_0001_0001_m_combined_0_dldesign_0_af2pred,S9_4FXE_8422_56_40_0001_0001_m_4FXE_20055_128_151_0001_0001_m_combined_0_dldesign_0_af2pred,1,185,True,True,0.2028397565922921,15.720081135902635,False,False,False,75.45638945233266,5.721193378963802,7.554588851677638,0.7573136660763881,0.06280626540327257,15.921978381919429,15.921978381919429,0.7573136660763881,493,188,154,91,2.622340425531915,1.0,61.86612576064909,seed_guided
S9_4FXE_872_34_4_0001_0001_m_4FXE_10442_225_12_0001_0001_m_combined_1_dldesign_0_af2pred,S9_4FXE_872_34_4_0001_0001_m_4FXE_10442_225_12_0001_0001_m_combined_1_dldesign_0_af2pred,46,3,False,True,9.330628803245435,66.83569979716025,True,True,True,37.93103448275862,5.721193378963802,7.554588851677638,0.7573136660763881,0.06280626540327257,15.921978381919429,15.921978381919429,0.7573136660763881,493,188,154,91,2.622340425531915,1.0,61.86612576064909,seed_guided
S9_4FXE_872_34_4_0001_0001_m_4FXE_10442_225_12_0001_0001_m_combined_1_dldesign_0_af2pred,S10l_4FXE_5700_748_731_0001_0001_m_4FXE_10640_11_98_0001_0001_m_combined_1_dldesign_0_af2pred,46,3,False,False,9.330628803245435,66.83569979716025,True,True,True,37.93103448275862,5.721193378963802,7.554588851677638,0.7573136660763881,0.06280626540327257,15.921978381919429,15.921978381919429,0.7573136660763881,493,188,154,91,2.622340425531915,1.0,61.86612576064909,seed_guided
S9_4FXE_872_34_4_0001_0001_m_4FXE_10442_225_12_0001_0001_m_combined_1_dldesign_0_af2pred,S10l_4FXE_5700_748_731_0001_0001_m_4FXE_772_210_293_0001_0001_m_combined_1_dldesign_0_af2pred,46,3,False,False,9.330628803245435,66.83569979716025,True,True,True,37.93103448275862,5.721193378963802,7.554588851677638,0.7573136660763881,0.06280626540327257,15.921978381919429,15.921978381919429,0.7573136660763881,493,188,154,91,2.622340425531915,1.0,61.86612576064909,seed_guided
S9_4FXE_872_34_4_0001_0001_m_4FXE_10442_225_12_0001_0001_m_combined_1_dldesign_0_af2pred,S9_4FXE_20044_401_510_0001_0001_m_4FXE_10442_225_12_0001_0001_m_combined_1_dldesign_0_af2pred,46,3,False,False,9.330628803245435,66.83569979716025,True,True,True,37.93103448275862,5.721193378963802,7.554588851677638,0.7573136660763881,0.06280626540327257,15.921978381919429,15.921978381919429,0.7573136660763881,493,188,154,91,2.622340425531915,1.0,61.86612576064909,seed_guided
S9_4FXE_872_34_4_0001_0001_m_4FXE_10442_225_12_0001_0001_m_combined_1_dldesign_0_af2pred,S9_4FXE_10640_211_298_0001_0001_m_4FXE_10442_225_12_0001_0001_m_combined_0_dldesign_0_af2pred,46,3,False,False,9.330628803245435,66.83569979716025,True,True,True,37.93103448275862,5.721193378963802,7.554588851677638,0.7573136660763881,0.06280626540327257,15.921978381919429,15.921978381919429,0.7573136660763881,493,188,154,91,2.622340425531915,1.0,61.86612576064909,seed_guided
S9_4FXE_872_34_4_0001_0001_m_4FXE_10442_225_12_0001_0001_m_combined_1_dldesign_0_af2pred,S9_4FXE_19568_44_89_0001_0001_m_4FXE_14895_212_353_0001_0001_m_combined_1_dldesign_0_af2pred,46,3,False,False,9.330628803245435,66.83569979716025,True,True,True,37.93103448275862,5.721193378963802,7.554588851677638,0.7573136660763881,0.06280626540327257,15.921978381919429,15.921978381919429,0.7573136660763881,493,188,154,91,2.622340425531915,1.0,61.86612576064909,seed_guided
S9_4FXE_872_34_4_0001_0001_m_4FXE_10442_225_12_0001_0001_m_combined_1_dldesign_0_af2pred,S9_4FXE_10640_211_298_0001_0001_m_4FXE_7253_174_120_0001_0001_m_combined_0_dldesign_0_af2pred,46,3,False,False,9.330628803245435,66.83569979716025,True,True,True,37.93103448275862,5.721193378963802,7.554588851677638,0.7573136660763881,0.06280626540327257,15.921978381919429,15.921978381919429,0.7573136660763881,493,188,154,91,2.622340425531915,1.0,61.86612576064909,seed_guided
S9_4FXE_872_34_4_0001_0001_m_4FXE_10442_225_12_0001_0001_m_combined_1_dldesign_0_af2pred,S10l_4FXE_5700_748_731_0001_0001_m_4FXE_22899_3_59_0001_0001_m_combined_4_dldesign_0_af2pred,46,3,False,False,9.330628803245435,66.83569979716025,True,True,True,37.93103448275862,5.721193378963802,7.554588851677638,0.7573136660763881,0.06280626540327257,15.921978381919429,15.921978381919429,0.7573136660763881,493,188,154,91,2.622340425531915,1.0,61.86612576064909,seed_guided
S9_4FXE_872_34_4_0001_0001_m_4FXE_10442_225_12_0001_0001_m_combined_1_dldesign_0_af2pred,S9_4FXE_10640_11_98_0001_0001_m_4FXE_14423_1003_1126_0001_0001_m_combined_0_dldesign_0_af2pred,46,3,False,False,9.330628803245435,66.83569979716025,True,True,True,37.93103448275862,5.721193378963802,7.554588851677638,0.7573136660763881,0.06280626540327257,15.921978381919429,15.921978381919429,0.7573136660763881,493,188,154,91,2.622340425531915,1.0,61.86612576064909,seed_guided
S9_4FXE_872_34_4_0001_0001_m_4FXE_10442_225_12_0001_0001_m_combined_1_dldesign_0_af2pred,S9_4FXE_10640_11_98_0001_0001_m_4FXE_14895_809_950_0001_0001_m_combined_0_dldesign_0_af2pred,46,3,False,False,9.330628803245435,66.83569979716025,True,True,True,37.93103448275862,5.721193378963802,7.554588851677638,0.7573136660763881,0.06280626540327257,15.921978381919429,15.921978381919429,0.7573136660763881,493,188,154,91,2.622340425531915,1.0,61.86612576064909,seed_guided
S9_4FXE_872_34_4_0001_0001_m_4FXE_10442_225_12_0001_0001_m_combined_1_dldesign_0_af2pred,S9_4FXE_10640_11_98_0001_0001_m_4FXE_23279_201_249_0001_0001_m_combined_0_dldesign_0_af2pred,46,3,False,False,9.330628803245435,66.83569979716025,True,True,True,37.93103448275862,5.721193378963802,7.554588851677638,0.7573136660763881,0.06280626540327257,15.921978381919429,15.921978381919429,0.7573136660763881,493,188,154,91,2.622340425531915,1.0,61.86612576064909,seed_guided
S9_4FXE_872_34_4_0001_0001_m_4FXE_10442_225_12_0001_0001_m_combined_1_dldesign_0_af2pred,S9_4FXE_10640_211_298_0001_0001_m_4FXE_6024_206_254_0001_0001_m_combined_1_dldesign_0_af2pred,46,3,False,False,9.330628803245435,66.83569979716025,True,True,True,37.93103448275862,5.721193378963802,7.554588851677638,0.7573136660763881,0.06280626540327257,15.921978381919429,15.921978381919429,0.7573136660763881,493,188,154,91,2.622340425531915,1.0,61.86612576064909,seed_guided
S9_4FXE_872_34_4_0001_0001_m_4FXE_10442_225_12_0001_0001_m_combined_1_dldesign_0_af2pred,S9_4FXE_10640_211_298_0001_0001_m_4FXE_6794_69_50_0001_0001_m_combined_1_dldesign_0_af2pred,46,3,False,False,9.330628803245435,66.83569979716025,True,True,True,37.93103448275862,5.721193378963802,7.554588851677638,0.7573136660763881,0.06280626540327257,15.921978381919429,15.921978381919429,0.7573136660763881,493,188,154,91,2.622340425531915,1.0,61.86612576064909,seed_guided
S9_4FXE_872_34_4_0001_0001_m_4FXE_10442_225_12_0001_0001_m_combined_1_dldesign_0_af2pred,S9_4FXE_12201_819_894_0001_0001_m_4FXE_22410_133_110_0001_0001_m_combined_0_dldesign_0_af2pred,46,3,False,False,9.330628803245435,66.83569979716025,True,True,True,37.93103448275862,5.721193378963802,7.554588851677638,0.7573136660763881,0.06280626540327257,15.921978381919429,15.921978381919429,0.7573136660763881,493,188,154,91,2.622340425531915,1.0,61.86612576064909,seed_guided
S9_4FXE_872_34_4_0001_0001_m_4FXE_10442_225_12_0001_0001_m_combined_1_dldesign_0_af2pred,S9_4FXE_14742_24_58_0001_0001_m_4FXE_10442_225_12_0001_0001_m_combined_0_dldesign_0_af2pred,46,3,False,False,9.330628803245435,66.83569979716025,True,True,True,37.93103448275862,5.721193378963802,7.554588851677638,0.7573136660763881,0.06280626540327257,15.921978381919429,15.921978381919429,0.7573136660763881,493,188,154,91,2.622340425531915,1.0,61.86612576064909,seed_guided
S9_4FXE_872_34_4_0001_0001_m_4FXE_10442_225_12_0001_0001_m_combined_1_dldesign_0_af2pred,S9_4FXE_14742_24_58_0001_0001_m_4FXE_10442_225_12_0001_0001_m_combined_1_dldesign_0_af2pred,46,3,False,False,9.330628803245435,66.83569979716025,True,True,True,37.93103448275862,5.721193378963802,7.554588851677638,0.7573136660763881,0.06280626540327257,15.921978381919429,15.921978381919429,0.7573136660763881,493,188,154,91,2.622340425531915,1.0,61.86612576064909,seed_guided
S9_4FXE_872_34_4_0001_0001_m_4FXE_10442_225_12_0001_0001_m_combined_1_dldesign_0_af2pred,S9_4FXE_14742_24_58_0001_0001_m_4FXE_14423_1003_1126_0001_0001_m_combined_0_dldesign_0_af2pred,46,3,False,False,9.330628803245435,66.83569979716025,True,True,True,37.93103448275862,5.721193378963802,7.554588851677638,0.7573136660763881,0.06280626540327257,15.921978381919429,15.921978381919429,0.7573136660763881,493,188,154,91,2.622340425531915,1.0,61.86612576064909,seed_guided
S9_4FXE_872_34_4_0001_0001_m_4FXE_10442_225_12_0001_0001_m_combined_1_dldesign_0_af2pred,S9_4FXE_14742_24_58_0001_0001_m_4FXE_20055_128_151_0001_0001_m_combined_0_dldesign_0_af2pred,46,3,False,False,9.330628803245435,66.83569979716025,True,True,True,37.93103448275862,5.721193378963802,7.554588851677638,0.7573136660763881,0.06280626540327257,15.921978381919429,15.921978381919429,0.7573136660763881,493,188,154,91,2.622340425531915,1.0,61.86612576064909,seed_guided
S9_4FXE_872_34_4_0001_0001_m_4FXE_10442_225_12_0001_0001_m_combined_1_dldesign_0_af2pred,S9_4FXE_14742_24_58_0001_0001_m_4FXE_2307_203_251_0001_0001_m_combined_0_dldesign_0_af2pred,46,3,False,False,9.330628803245435,66.83569979716025,True,True,True,37.93103448275862,5.721193378963802,7.554588851677638,0.7573136660763881,0.06280626540327257,15.921978381919429,15.921978381919429,0.7573136660763881,493,188,154,91,2.622340425531915,1.0,61.86612576064909,seed_guided
S9_4FXE_872_34_4_0001_0001_m_4FXE_10442_225_12_0001_0001_m_combined_1_dldesign_0_af2pred,S9_4FXE_20044_401_510_0001_0001_m_4FXE_2307_203_251_0001_0001_m_combined_1_dldesign_0_af2pred,46,3,False,False,9.330628803245435,66.83569979716025,True,True,True,37.93103448275862,5.721193378963802,7.554588851677638,0.7573136660763881,0.06280626540327257,15.921978381919429,15.921978381919429,0.7573136660763881,493,188,154,91,2.622340425531915,1.0,61.86612576064909,seed_guided
S9_4FXE_872_34_4_0001_0001_m_4FXE_10442_225_12_0001_0001_m_combined_1_dldesign_0_af2pred,S9_4FXE_23190_4_60_0001_0001_m_4FXE_14395_200_248_0001_0001_m_combined_0_dldesign_0_af2pred,46,3,False,False,9.330628803245435,66.83569979716025,True,True,True,37.93103448275862,5.721193378963802,7.554588851677638,0.7573136660763881,0.06280626540327257,15.921978381919429,15.921978381919429,0.7573136660763881,493,188,154,91,2.622340425531915,1.0,61.86612576064909,seed_guided
S9_4FXE_872_34_4_0001_0001_m_4FXE_10442_225_12_0001_0001_m_combined_1_dldesign_0_af2pred,S9_4FXE_19568_44_89_0001_0001_m_4FXE_10067_823_812_0001_0001_m_combined_0_dldesign_0_af2pred,46,3,False,False,9.330628803245435,66.83569979716025,True,True,True,37.93103448275862,5.721193378963802,7.554588851677638,0.7573136660763881,0.06280626540327257,15.921978381919429,15.921978381919429,0.7573136660763881,493,188,154,91,2.622340425531915,1.0,61.86612576064909,seed_guided
S9_4FXE_872_34_4_0001_0001_m_4FXE_10442_225_12_0001_0001_m_combined_1_dldesign_0_af2pred,S9_4FXE_19568_44_89_0001_0001_m_4FXE_17073_78_300_0001_0001_m_combined_0_dldesign_0_af2pred,46,3,False,False,9.330628803245435,66.83569979716025,True,True,True,37.93103448275862,5.721193378963802,7.554588851677638,0.7573136660763881,0.06280626540327257,15.921978381919429,15.921978381919429,0.7573136660763881,493,188,154,91,2.622340425531915,1.0,61.86612576064909,seed_guided
S9_4FXE_872_34_4_0001_0001_m_4FXE_10442_225_12_0001_0001_m_combined_1_dldesign_0_af2pred,S9_4FXE_19568_44_89_0001_0001_m_4FXE_6236_39_87_0001_0001_m_combined_0_dldesign_0_af2pred,46,3,False,False,9.330628803245435,66.83569979716025,True,True,True,37.93103448275862,5.721193378963802,7.554588851677638,0.7573136660763881,0.06280626540327257,15.921978381919429,15.921978381919429,0.7573136660763881,493,188,154,91,2.622340425531915,1.0,61.86612576064909,seed_guided
S9_4FXE_872_34_4_0001_0001_m_4FXE_10442_225_12_0001_0001_m_combined_1_dldesign_0_af2pred,S9_4FXE_19568_44_89_0001_0001_m_4FXE_7253_174_120_0001_0001_m_combined_1_dldesign_0_af2pred,46,3,False,False,9.330628803245435,66.83569979716025,True,True,True,37.93103448275862,5.721193378963802,7.554588851677638,0.7573136660763881,0.06280626540327257,15.921978381919429,15.921978381919429,0.7573136660763881,493,188,154,91,2.622340425531915,1.0,61.86612576064909,seed_guided
S9_4FXE_872_34_4_0001_0001_m_4FXE_10442_225_12_0001_0001_m_combined_1_dldesign_0_af2pred,S9_4FXE_19568_44_89_0001_0001_m_4FXE_7253_174_120_0001_0001_m_combined_0_dldesign_0_af2pred,46,3,False,False,9.330628803245435,66.83569979716025,True,True,True,37.93103448275862,5.721193378963802,7.554588851677638,0.7573136660763881,0.06280626540327257,15.921978381919429,15.921978381919429,0.7573136660763881,493,188,154,91,2.622340425531915,1.0,61.86612576064909,seed_guided
S9_4FXE_872_34_4_0001_0001_m_4FXE_10442_225_12_0001_0001_m_combined_1_dldesign_0_af2pred,S9_4FXE_19800_130_232_0001_0001_m_4FXE_5700_275_259_0001_0001_m_combined_1_dldesign_0_af2pred,46,3,False,False,9.330628803245435,66.83569979716025,True,True,True,37.93103448275862,5.721193378963802,7.554588851677638,0.7573136660763881,0.06280626540327257,15.921978381919429,15.921978381919429,0.7573136660763881,493,188,154,91,2.622340425531915,1.0,61.86612576064909,seed_guided
S9_4FXE_872_34_4_0001_0001_m_4FXE_10442_225_12_0001_0001_m_combined_1_dldesign_0_af2pred,S9_4FXE_19800_130_232_0001_0001_m_4FXE_6794_69_50_0001_0001_m_combined_1_dldesign_0_af2pred,46,3,False,False,9.330628803245435,66.83569979716025,True,True,True,37.93103448275862,5.721193378963802,7.554588851677638,0.7573136660763881,0.06280626540327257,15.921978381919429,15.921978381919429,0.7573136660763881,493,188,154,91,2.622340425531915,1.0,61.86612576064909,seed_guided
S9_4FXE_872_34_4_0001_0001_m_4FXE_10442_225_12_0001_0001_m_combined_1_dldesign_0_af2pred,S10l_4FXE_5700_748_731_0001_0001_m_4FXE_3312_13_95_0001_0001_m_combined_0_dldesign_0_af2pred,46,3,False,False,9.330628803245435,66.83569979716025,True,True,True,37.93103448275862,5.721193378963802,7.554588851677638,0.7573136660763881,0.06280626540327257,15.921978381919429,15.921978381919429,0.7573136660763881,493,188,154,91,2.622340425531915,1.0,61.86612576064909,seed_guided
S9_4FXE_872_34_4_0001_0001_m_4FXE_10442_225_12_0001_0001_m_combined_1_dldesign_0_af2pred,S9_4FXE_20044_401_510_0001_0001_m_4FXE_14423_1003_1126_0001_0001_m_combined_1_dldesign_0_af2pred,46,3,False,False,9.330628803245435,66.83569979716025,True,True,True,37.93103448275862,5.721193378963802,7.554588851677638,0.7573136660763881,0.06280626540327257,15.921978381919429,15.921978381919429,0.7573136660763881,493,188,154,91,2.622340425531915,1.0,61.86612576064909,seed_guided
S9_4FXE_872_34_4_0001_0001_m_4FXE_10442_225_12_0001_0001_m_combined_1_dldesign_0_af2pred,S9_4FXE_22415_5_75_0001_0001_m_4FXE_1458_57_6_0001_0001_m_combined_1_dldesign_0_af2pred,46,3,False,False,9.330628803245435,66.83569979716025,True,True,True,37.93103448275862,5.721193378963802,7.554588851677638,0.7573136660763881,0.06280626540327257,15.921978381919429,15.921978381919429,0.7573136660763881,493,188,154,91,2.622340425531915,1.0,61.86612576064909,seed_guided
S9_4FXE_872_34_4_0001_0001_m_4FXE_10442_225_12_0001_0001_m_combined_1_dldesign_0_af2pred,S9_4FXE_22415_5_75_0001_0001_m_4FXE_2307_203_251_0001_0001_m_combined_1_dldesign_0_af2pred,46,3,False,False,9.330628803245435,66.83569979716025,True,True,True,37.93103448275862,5.721193378963802,7.554588851677638,0.7573136660763881,0.06280626540327257,15.921978381919429,15.921978381919429,0.7573136660763881,493,188,154,91,2.622340425531915,1.0,61.86612576064909,seed_guided
S9_4FXE_872_34_4_0001_0001_m_4FXE_10442_225_12_0001_0001_m_combined_1_dldesign_0_af2pred,S9_4FXE_22899_3_59_0001_0001_m_4FXE_20738_40_52_0001_0001_m_combined_0_dldesign_0_af2pred,46,3,False,False,9.330628803245435,66.83569979716025,True,True,True,37.93103448275862,5.721193378963802,7.554588851677638,0.7573136660763881,0.06280626540327257,15.921978381919429,15.921978381919429,0.7573136660763881,493,188,154,91,2.622340425531915,1.0,61.86612576064909,seed_guided
S9_4FXE_872_34_4_0001_0001_m_4FXE_10442_225_12_0001_0001_m_combined_1_dldesign_0_af2pred,S9_4FXE_22899_3_59_0001_0001_m_4FXE_5700_275_259_0001_0001_m_combined_1_dldesign_0_af2pred,46,3,False,False,9.330628803245435,66.83569979716025,True,True,True,37.93103448275862,5.721193378963802,7.554588851677638,0.7573136660763881,0.06280626540327257,15.921978381919429,15.921978381919429,0.7573136660763881,493,188,154,91,2.622340425531915,1.0,61.86612576064909,seed_guided
S9_4FXE_872_34_4_0001_0001_m_4FXE_10442_225_12_0001_0001_m_combined_1_dldesign_0_af2pred,S10l_4FXE_5700_748_731_0001_0001_m_4FXE_22899_294_350_0001_0001_m_combined_4_dldesign_0_af2pred,46,3,False,False,9.330628803245435,66.83569979716025,True,True,True,37.93103448275862,5.721193378963802,7.554588851677638,0.7573136660763881,0.06280626540327257,15.921978381919429,15.921978381919429,0.7573136660763881,493,188,154,91,2.622340425531915,1.0,61.86612576064909,seed_guided
S9_4FXE_872_34_4_0001_0001_m_4FXE_10442_225_12_0001_0001_m_combined_1_dldesign_0_af2pred,S9_4FXE_23190_4_60_0001_0001_m_4FXE_14937_205_253_0001_0001_m_combined_0_dldesign_0_af2pred,46,3,False,False,9.330628803245435,66.83569979716025,True,True,True,37.93103448275862,5.721193378963802,7.554588851677638,0.7573136660763881,0.06280626540327257,15.921978381919429,15.921978381919429,0.7573136660763881,493,188,154,91,2.622340425531915,1.0,61.86612576064909,seed_guided
S9_4FXE_872_34_4_0001_0001_m_4FXE_10442_225_12_0001_0001_m_combined_1_dldesign_0_af2pred,S9_4FXE_20044_401_510_0001_0001_m_4FXE_16306_151_176_0001_0001_m_combined_0_dldesign_0_af2pred,46,3,False,False,9.330628803245435,66.83569979716025,True,True,True,37.93103448275862,5.721193378963802,7.554588851677638,0.7573136660763881,0.06280626540327257,15.921978381919429,15.921978381919429,0.7573136660763881,493,188,154,91,2.622340425531915,1.0,61.86612576064909,seed_guided
S9_4FXE_872_34_4_0001_0001_m_4FXE_10442_225_12_0001_0001_m_combined_1_dldesign_0_af2pred,S9_4FXE_2443_12_56_0001_0001_m_4FXE_14423_1003_1126_0001_0001_m_combined_0_dldesign_0_af2pred,46,3,False,False,9.330628803245435,66.83569979716025,True,True,True,37.93103448275862,5.721193378963802,7.554588851677638,0.7573136660763881,0.06280626540327257,15.921978381919429,15.921978381919429,0.7573136660763881,493,188,154,91,2.622340425531915,1.0,61.86612576064909,seed_guided
S9_4FXE_872_34_4_0001_0001_m_4FXE_10442_225_12_0001_0001_m_combined_1_dldesign_0_af2pred,S9_4FXE_3312_13_95_0001_0001_m_4FXE_20055_128_151_0001_0001_m_combined_0_dldesign_0_af2pred,46,3,False,False,9.330628803245435,66.83569979716025,True,True,True,37.93103448275862,5.721193378963802,7.554588851677638,0.7573136660763881,0.06280626540327257,15.921978381919429,15.921978381919429,0.7573136660763881,493,188,154,91,2.622340425531915,1.0,61.86612576064909,seed_guided
S9_4FXE_872_34_4_0001_0001_m_4FXE_10442_225_12_0001_0001_m_combined_1_dldesign_0_af2pred,S9_4FXE_5590_422_395_0001_0001_m_4FXE_5700_275_259_0001_0001_m_combined_1_dldesign_0_af2pred,46,3,False,False,9.330628803245435,66.83569979716025,True,True,True,37.93103448275862,5.721193378963802,7.554588851677638,0.7573136660763881,0.06280626540327257,15.921978381919429,15.921978381919429,0.7573136660763881,493,188,154,91,2.622340425531915,1.0,61.86612576064909,seed_guided
S9_4FXE_872_34_4_0001_0001_m_4FXE_10442_225_12_0001_0001_m_combined_1_dldesign_0_af2pred,S9_4FXE_5590_422_395_0001_0001_m_4FXE_9228_307_430_0001_0001_m_combined_1_dldesign_0_af2pred,46,3,False,False,9.330628803245435,66.83569979716025,True,True,True,37.93103448275862,5.721193378963802,7.554588851677638,0.7573136660763881,0.06280626540327257,15.921978381919429,15.921978381919429,0.7573136660763881,493,188,154,91,2.622340425531915,1.0,61.86612576064909,seed_guided
S9_4FXE_872_34_4_0001_0001_m_4FXE_10442_225_12_0001_0001_m_combined_1_dldesign_0_af2pred,S9_4FXE_772_210_293_0001_0001_m_4FXE_6794_69_50_0001_0001_m_combined_0_dldesign_0_af2pred,46,3,False,False,9.330628803245435,66.83569979716025,True,True,True,37.93103448275862,5.721193378963802,7.554588851677638,0.7573136660763881,0.06280626540327257,15.921978381919429,15.921978381919429,0.7573136660763881,493,188,154,91,2.622340425531915,1.0,61.86612576064909,seed_guided
S9_4FXE_872_34_4_0001_0001_m_4FXE_10442_225_12_0001_0001_m_combined_1_dldesign_0_af2pred,S9_4FXE_872_34_4_0001_0001_m_4FXE_16243_203_251_0001_0001_m_combined_1_dldesign_0_af2pred,46,3,False,False,9.330628803245435,66.83569979716025,True,True,True,37.93103448275862,5.721193378963802,7.554588851677638,0.7573136660763881,0.06280626540327257,15.921978381919429,15.921978381919429,0.7573136660763881,493,188,154,91,2.622340425531915,1.0,61.86612576064909,seed_guided
S9_4FXE_872_34_4_0001_0001_m_4FXE_10442_225_12_0001_0001_m_combined_1_dldesign_0_af2pred,S9_4FXE_872_34_4_0001_0001_m_4FXE_23279_201_249_0001_0001_m_combined_1_dldesign_0_af2pred,46,3,False,False,9.330628803245435,66.83569979716025,True,True,True,37.93103448275862,5.721193378963802,7.554588851677638,0.7573136660763881,0.06280626540327257,15.921978381919429,15.921978381919429,0.7573136660763881,493,188,154,91,2.622340425531915,1.0,61.86612576064909,seed_guided
S9_4FXE_872_34_4_0001_0001_m_4FXE_10442_225_12_0001_0001_m_combined_1_dldesign_0_af2pred,S9_4FXE_19800_130_232_0001_0001_m_4FXE_18778_130_141_0001_0001_m_combined_0_dldesign_0_af2pred,46,3,False,False,9.330628803245435,66.83569979716025,True,True,True,37.93103448275862,5.721193378963802,7.554588851677638,0.7573136660763881,0.06280626540327257,15.921978381919429,15.921978381919429,0.7573136660763881,493,188,154,91,2.622340425531915,1.0,61.86612576064909,seed_guided
S9_4FXE_872_34_4_0001_0001_m_4FXE_10442_225_12_0001_0001_m_combined_1_dldesign_0_af2pred,S9_4FXE_19800_130_232_0001_0001_m_4FXE_5700_275_259_0001_0001_m_combined_0_dldesign_0_af2pred,46,3,False,False,9.330628803245435,66.83569979716025,True,True,True,37.93103448275862,5.721193378963802,7.554588851677638,0.7573136660763881,0.06280626540327257,15.921978381919429,15.921978381919429,0.7573136660763881,493,188,154,91,2.622340425531915,1.0,61.86612576064909,seed_guided
S9_4FXE_872_34_4_0001_0001_m_4FXE_10940_224_349_0001_0001_m_combined_0_dldesign_0_af2pred,S9_4FXE_872_34_4_0001_0001_m_4FXE_10940_224_349_0001_0001_m_combined_0_dldesign_0_af2pred,1,186,True,True,0.2028397565922921,15.720081135902635,False,False,False,75.25354969574036,5.721193378963802,7.554588851677638,0.7573136660763881,0.06280626540327257,15.921978381919429,15.921978381919429,0.7573136660763881,493,188,154,91,2.622340425531915,1.0,61.86612576064909,seed_guided
S9_4FXE_872_34_4_0001_0001_m_4FXE_6794_69_50_0001_0001_m_combined_0_dldesign_0_af2pred,S9_4FXE_872_34_4_0001_0001_m_4FXE_6794_69_50_0001_0001_m_combined_0_dldesign_0_af2pred,1,187,True,True,0.2028397565922921,15.720081135902635,False,False,False,74.84787018255578,5.721193378963802,7.554588851677638,0.7573136660763881,0.06280626540327257,15.921978381919429,15.921978381919429,0.7573136660763881,493,188,154,91,2.622340425531915,1.0,61.86612576064909,seed_guided
S9_4FXE_8806_122_98_0001_0001_m_4FXE_6794_69_50_0001_0001_m_combined_0_dldesign_0_af2pred,S9_4FXE_8806_122_98_0001_0001_m_4FXE_6794_69_50_0001_0001_m_combined_0_dldesign_0_af2pred,3,19,False,True,0.6085192697768763,39.553752535496955,False,True,True,60.851926977687626,5.721193378963802,7.554588851677638,0.7573136660763881,0.06280626540327257,15.921978381919429,15.921978381919429,0.7573136660763881,493,188,154,91,2.622340425531915,1.0,61.86612576064909,seed_guided
S9_4FXE_8806_122_98_0001_0001_m_4FXE_6794_69_50_0001_0001_m_combined_0_dldesign_0_af2pred,S10l_4FXE_5700_748_731_0001_0001_m_4FXE_19850_184_195_0001_0001_m_combined_3_dldesign_0_af2pred,3,19,False,False,0.6085192697768763,39.553752535496955,False,True,True,60.851926977687626,5.721193378963802,7.554588851677638,0.7573136660763881,0.06280626540327257,15.921978381919429,15.921978381919429,0.7573136660763881,493,188,154,91,2.622340425531915,1.0,61.86612576064909,seed_guided
S9_4FXE_8806_122_98_0001_0001_m_4FXE_6794_69_50_0001_0001_m_combined_0_dldesign_0_af2pred,S9_4FXE_8806_122_98_0001_0001_m_4FXE_19766_93_45_0001_0001_m_combined_1_dldesign_0_af2pred,3,19,False,False,0.6085192697768763,39.553752535496955,False,True,True,60.851926977687626,5.721193378963802,7.554588851677638,0.7573136660763881,0.06280626540327257,15.921978381919429,15.921978381919429,0.7573136660763881,493,188,154,91,2.622340425531915,1.0,61.86612576064909,seed_guided
S9l_4FXE_484_59_32_0001_0001_m_4FXE_23279_201_249_0001_0001_m_combined_4_dldesign_0_af2pred,S9l_4FXE_484_59_32_0001_0001_m_4FXE_23279_201_249_0001_0001_m_combined_4_dldesign_0_af2pred,1,188,True,True,0.2028397565922921,15.720081135902635,False,False,False,73.42799188640974,5.721193378963802,7.554588851677638,0.7573136660763881,0.06280626540327257,15.921978381919429,15.921978381919429,0.7573136660763881,493,188,154,91,2.622340425531915,1.0,61.86612576064909,seed_guided
S9l_4FXE_5700_748_731_0001_0001_m_4FXE_1006_551_660_0001_0001_m_combined_2_dldesign_0_af2pred,S9l_4FXE_5700_748_731_0001_0001_m_4FXE_1006_551_660_0001_0001_m_combined_2_dldesign_0_af2pred,13,5,False,True,2.636916835699797,52.94117647058824,True,True,True,48.478701825557806,5.721193378963802,7.554588851677638,0.7573136660763881,0.06280626540327257,15.921978381919429,15.921978381919429,0.7573136660763881,493,188,154,91,2.622340425531915,1.0,61.86612576064909,seed_guided
S9l_4FXE_5700_748_731_0001_0001_m_4FXE_1006_551_660_0001_0001_m_combined_2_dldesign_0_af2pred,S10_4FXE_1006_551_660_0001_0001_m_4FXE_20643_531_554_0001_0001_m_combined_3_dldesign_0_af2pred,13,5,False,False,2.636916835699797,52.94117647058824,True,True,True,48.478701825557806,5.721193378963802,7.554588851677638,0.7573136660763881,0.06280626540327257,15.921978381919429,15.921978381919429,0.7573136660763881,493,188,154,91,2.622340425531915,1.0,61.86612576064909,seed_guided
S9l_4FXE_5700_748_731_0001_0001_m_4FXE_1006_551_660_0001_0001_m_combined_2_dldesign_0_af2pred,S10_4FXE_16879_129_97_0001_0001_m_4FXE_14423_1003_1126_0001_0001_m_combined_1_dldesign_0_af2pred,13,5,False,False,2.636916835699797,52.94117647058824,True,True,True,48.478701825557806,5.721193378963802,7.554588851677638,0.7573136660763881,0.06280626540327257,15.921978381919429,15.921978381919429,0.7573136660763881,493,188,154,91,2.622340425531915,1.0,61.86612576064909,seed_guided
S9l_4FXE_5700_748_731_0001_0001_m_4FXE_1006_551_660_0001_0001_m_combined_2_dldesign_0_af2pred,S10_4FXE_16879_129_97_0001_0001_m_4FXE_7253_174_120_0001_0001_m_combined_3_dldesign_0_af2pred,13,5,False,False,2.636916835699797,52.94117647058824,True,True,True,48.478701825557806,5.721193378963802,7.554588851677638,0.7573136660763881,0.06280626540327257,15.921978381919429,15.921978381919429,0.7573136660763881,493,188,154,91,2.622340425531915,1.0,61.86612576064909,seed_guided
S9l_4FXE_5700_748_731_0001_0001_m_4FXE_1006_551_660_0001_0001_m_combined_2_dldesign_0_af2pred,S10_4FXE_19650_754_740_0001_0001_m_4FXE_9228_307_430_0001_0001_m_combined_3_dldesign_0_af2pred,13,5,False,False,2.636916835699797,52.94117647058824,True,True,True,48.478701825557806,5.721193378963802,7.554588851677638,0.7573136660763881,0.06280626540327257,15.921978381919429,15.921978381919429,0.7573136660763881,493,188,154,91,2.622340425531915,1.0,61.86612576064909,seed_guided
S9l_4FXE_5700_748_731_0001_0001_m_4FXE_1006_551_660_0001_0001_m_combined_2_dldesign_0_af2pred,S10_4FXE_19826_77_105_0001_0001_m_4FXE_14423_1003_1126_0001_0001_m_combined_4_dldesign_0_af2pred,13,5,False,False,2.636916835699797,52.94117647058824,True,True,True,48.478701825557806,5.721193378963802,7.554588851677638,0.7573136660763881,0.06280626540327257,15.921978381919429,15.921978381919429,0.7573136660763881,493,188,154,91,2.622340425531915,1.0,61.86612576064909,seed_guided
S9l_4FXE_5700_748_731_0001_0001_m_4FXE_1006_551_660_0001_0001_m_combined_2_dldesign_0_af2pred,S10_4FXE_21484_423_453_0001_0001_m_4FXE_14423_1003_1126_0001_0001_m_combined_1_dldesign_0_af2pred,13,5,False,False,2.636916835699797,52.94117647058824,True,True,True,48.478701825557806,5.721193378963802,7.554588851677638,0.7573136660763881,0.06280626540327257,15.921978381919429,15.921978381919429,0.7573136660763881,493,188,154,91,2.622340425531915,1.0,61.86612576064909,seed_guided
S9l_4FXE_5700_748_731_0001_0001_m_4FXE_1006_551_660_0001_0001_m_combined_2_dldesign_0_af2pred,S10_4FXE_8422_56_40_0001_0001_m_4FXE_22897_91_119_0001_0001_m_combined_0_dldesign_0_af2pred,13,5,False,False,2.636916835699797,52.94117647058824,True,True,True,48.478701825557806,5.721193378963802,7.554588851677638,0.7573136660763881,0.06280626540327257,15.921978381919429,15.921978381919429,0.7573136660763881,493,188,154,91,2.622340425531915,1.0,61.86612576064909,seed_guided
S9l_4FXE_5700_748_731_0001_0001_m_4FXE_1006_551_660_0001_0001_m_combined_2_dldesign_0_af2pred,S10_4FXE_8422_56_40_0001_0001_m_4FXE_5700_275_259_0001_0001_m_combined_0_dldesign_0_af2pred,13,5,False,False,2.636916835699797,52.94117647058824,True,True,True,48.478701825557806,5.721193378963802,7.554588851677638,0.7573136660763881,0.06280626540327257,15.921978381919429,15.921978381919429,0.7573136660763881,493,188,154,91,2.622340425531915,1.0,61.86612576064909,seed_guided
S9l_4FXE_5700_748_731_0001_0001_m_4FXE_1006_551_660_0001_0001_m_combined_2_dldesign_0_af2pred,S9_4FXE_16539_5_83_0001_0001_m_4FXE_14423_1003_1126_0001_0001_m_combined_1_dldesign_0_af2pred,13,5,False,False,2.636916835699797,52.94117647058824,True,True,True,48.478701825557806,5.721193378963802,7.554588851677638,0.7573136660763881,0.06280626540327257,15.921978381919429,15.921978381919429,0.7573136660763881,493,188,154,91,2.622340425531915,1.0,61.86612576064909,seed_guided
S9l_4FXE_5700_748_731_0001_0001_m_4FXE_1006_551_660_0001_0001_m_combined_2_dldesign_0_af2pred,S9_4FXE_16879_129_97_0001_0001_m_4FXE_13069_356_317_0001_0001_m_combined_1_dldesign_0_af2pred,13,5,False,False,2.636916835699797,52.94117647058824,True,True,True,48.478701825557806,5.721193378963802,7.554588851677638,0.7573136660763881,0.06280626540327257,15.921978381919429,15.921978381919429,0.7573136660763881,493,188,154,91,2.622340425531915,1.0,61.86612576064909,seed_guided
S9l_4FXE_5700_748_731_0001_0001_m_4FXE_1006_551_660_0001_0001_m_combined_2_dldesign_0_af2pred,S9_4FXE_3376_10_87_0001_0001_m_4FXE_14423_1003_1126_0001_0001_m_combined_0_dldesign_0_af2pred,13,5,False,False,2.636916835699797,52.94117647058824,True,True,True,48.478701825557806,5.721193378963802,7.554588851677638,0.7573136660763881,0.06280626540327257,15.921978381919429,15.921978381919429,0.7573136660763881,493,188,154,91,2.622340425531915,1.0,61.86612576064909,seed_guided
S9l_4FXE_5700_748_731_0001_0001_m_4FXE_1006_551_660_0001_0001_m_combined_2_dldesign_0_af2pred,S9l_4FXE_5700_748_731_0001_0001_m_4FXE_1006_551_660_0001_0001_m_combined_0_dldesign_0_af2pred,13,5,False,False,2.636916835699797,52.94117647058824,True,True,True,48.478701825557806,5.721193378963802,7.554588851677638,0.7573136660763881,0.06280626540327257,15.921978381919429,15.921978381919429,0.7573136660763881,493,188,154,91,2.622340425531915,1.0,61.86612576064909,seed_guided
S10_4FXE_21484_423_453_0001_0001_m_4FXE_12775_63_291_0001_0001_m_combined_0_dldesign_0_af2pred,S10_4FXE_21484_423_453_0001_0001_m_4FXE_12775_63_291_0001_0001_m_combined_0_dldesign_0_af2pred,1,96,True,True,0.2028397565922921,15.720081135902635,False,False,False,99.7971602434077,5.721193378963802,7.554588851677638,0.7573136660763881,0.06280626540327257,15.921978381919429,15.921978381919429,0.7573136660763881,493,188,154,91,2.622340425531915,1.0,61.86612576064909,seed_guided
S10_4FXE_21484_423_453_0001_0001_m_4FXE_18778_130_141_0001_0001_m_combined_3_dldesign_0_af2pred,S10_4FXE_21484_423_453_0001_0001_m_4FXE_18778_130_141_0001_0001_m_combined_3_dldesign_0_af2pred,1,97,True,True,0.2028397565922921,15.720081135902635,False,False,False,96.34888438133875,5.721193378963802,7.554588851677638,0.7573136660763881,0.06280626540327257,15.921978381919429,15.921978381919429,0.7573136660763881,493,188,154,91,2.622340425531915,1.0,61.86612576064909,seed_guided
S10_4FXE_21484_423_453_0001_0001_m_4FXE_2307_203_251_0001_0001_m_combined_1_dldesign_0_af2pred,S10_4FXE_21484_423_453_0001_0001_m_4FXE_2307_203_251_0001_0001_m_combined_1_dldesign_0_af2pred,2,26,False,True,0.4056795131845842,34.38133874239351,False,False,True,63.488843813387426,5.721193378963802,7.554588851677638,0.7573136660763881,0.06280626540327257,15.921978381919429,15.921978381919429,0.7573136660763881,493,188,154,91,2.622340425531915,1.0,61.86612576064909,seed_guided
S10_4FXE_21484_423_453_0001_0001_m_4FXE_2307_203_251_0001_0001_m_combined_1_dldesign_0_af2pred,S10_4FXE_8422_56_40_0001_0001_m_4FXE_6024_206_254_0001_0001_m_combined_3_dldesign_0_af2pred,2,26,False,False,0.4056795131845842,34.38133874239351,False,False,True,63.488843813387426,5.721193378963802,7.554588851677638,0.7573136660763881,0.06280626540327257,15.921978381919429,15.921978381919429,0.7573136660763881,493,188,154,91,2.622340425531915,1.0,61.86612576064909,seed_guided
S10_4FXE_21484_423_453_0001_0001_m_4FXE_6236_39_87_0001_0001_m_combined_1_dldesign_0_af2pred,S10_4FXE_21484_423_453_0001_0001_m_4FXE_6236_39_87_0001_0001_m_combined_1_dldesign_0_af2pred,1,98,True,True,0.2028397565922921,15.720081135902635,False,False,False,95.94320486815415,5.721193378963802,7.554588851677638,0.7573136660763881,0.06280626540327257,15.921978381919429,15.921978381919429,0.7573136660763881,493,188,154,91,2.622340425531915,1.0,61.86612576064909,seed_guided
S10_4FXE_21484_423_453_0001_0001_m_4FXE_7253_174_120_0001_0001_m_combined_1_dldesign_0_af2pred,S10_4FXE_21484_423_453_0001_0001_m_4FXE_7253_174_120_0001_0001_m_combined_1_dldesign_0_af2pred,1,99,True,True,0.2028397565922921,15.720081135902635,False,False,False,92.0892494929006,5.721193378963802,7.554588851677638,0.7573136660763881,0.06280626540327257,15.921978381919429,15.921978381919429,0.7573136660763881,493,188,154,91,2.622340425531915,1.0,61.86612576064909,seed_guided
S10_4FXE_22415_5_75_0001_0001_m_4FXE_13069_356_317_0001_0001_m_combined_2_dldesign_0_af2pred,S10_4FXE_22415_5_75_0001_0001_m_4FXE_13069_356_317_0001_0001_m_combined_2_dldesign_0_af2pred,1,100,True,True,0.2028397565922921,15.720081135902635,False,False,False,95.74036511156187,5.721193378963802,7.554588851677638,0.7573136660763881,0.06280626540327257,15.921978381919429,15.921978381919429,0.7573136660763881,493,188,154,91,2.622340425531915,1.0,61.86612576064909,seed_guided
S10_4FXE_22415_5_75_0001_0001_m_4FXE_434_195_114_0001_0001_m_combined_0_dldesign_0_af2pred,S10_4FXE_22415_5_75_0001_0001_m_4FXE_434_195_114_0001_0001_m_combined_0_dldesign_0_af2pred,1,101,True,True,0.2028397565922921,15.720081135902635,False,False,False,92.2920892494929,5.721193378963802,7.554588851677638,0.7573136660763881,0.06280626540327257,15.921978381919429,15.921978381919429,0.7573136660763881,493,188,154,91,2.622340425531915,1.0,61.86612576064909,seed_guided
S10_4FXE_22415_5_75_0001_0001_m_4FXE_460_64_418_0001_0001_m_combined_3_dldesign_0_af2pred,S10_4FXE_22415_5_75_0001_0001_m_4FXE_460_64_418_0001_0001_m_combined_3_dldesign_0_af2pred,1,102,True,True,0.2028397565922921,15.720081135902635,False,False,False,92.49492900608519,5.721193378963802,7.554588851677638,0.7573136660763881,0.06280626540327257,15.921978381919429,15.921978381919429,0.7573136660763881,493,188,154,91,2.622340425531915,1.0,61.86612576064909,seed_guided
S10_4FXE_22640_547_565_0001_0001_m_4FXE_13069_356_317_0001_0001_m_combined_1_dldesign_0_af2pred,S10_4FXE_22640_547_565_0001_0001_m_4FXE_13069_356_317_0001_0001_m_combined_1_dldesign_0_af2pred,1,103,True,True,0.2028397565922921,15.720081135902635,False,False,False,92.69776876267748,5.721193378963802,7.554588851677638,0.7573136660763881,0.06280626540327257,15.921978381919429,15.921978381919429,0.7573136660763881,493,188,154,91,2.622340425531915,1.0,61.86612576064909,seed_guided
S10_4FXE_22640_547_565_0001_0001_m_4FXE_13069_356_317_0001_0001_m_combined_2_dldesign_0_af2pred,S10_4FXE_22640_547_565_0001_0001_m_4FXE_13069_356_317_0001_0001_m_combined_2_dldesign_0_af2pred,1,104,True,True,0.2028397565922921,15.720081135902635,False,False,False,92.90060851926978,5.721193378963802,7.554588851677638,0.7573136660763881,0.06280626540327257,15.921978381919429,15.921978381919429,0.7573136660763881,493,188,154,91,2.622340425531915,1.0,61.86612576064909,seed_guided
S10_4FXE_22640_547_565_0001_0001_m_4FXE_18778_130_141_0001_0001_m_combined_2_dldesign_0_af2pred,S10_4FXE_22640_547_565_0001_0001_m_4FXE_18778_130_141_0001_0001_m_combined_2_dldesign_0_af2pred,1,105,True,True,0.2028397565922921,15.720081135902635,False,False,False,93.10344827586206,5.721193378963802,7.554588851677638,0.7573136660763881,0.06280626540327257,15.921978381919429,15.921978381919429,0.7573136660763881,493,188,154,91,2.622340425531915,1.0,61.86612576064909,seed_guided
S10_4FXE_22640_547_565_0001_0001_m_4FXE_5700_1223_1203_0001_0001_m_combined_4_dldesign_0_af2pred,S10_4FXE_22640_547_565_0001_0001_m_4FXE_5700_1223_1203_0001_0001_m_combined_4_dldesign_0_af2pred,1,106,True,True,0.2028397565922921,15.720081135902635,False,False,False,93.30628803245436,5.721193378963802,7.554588851677638,0.7573136660763881,0.06280626540327257,15.921978381919429,15.921978381919429,0.7573136660763881,493,188,154,91,2.622340425531915,1.0,61.86612576064909,seed_guided
S10_4FXE_22899_294_350_0001_0001_m_4FXE_20643_531_554_0001_0001_m_combined_3_dldesign_0_af2pred,S10_4FXE_22899_294_350_0001_0001_m_4FXE_20643_531_554_0001_0001_m_combined_3_dldesign_0_af2pred,2,27,False,True,0.4056795131845842,34.38133874239351,False,False,True,65.11156186612575,5.721193378963802,7.554588851677638,0.7573136660763881,0.06280626540327257,15.921978381919429,15.921978381919429,0.7573136660763881,493,188,154,91,2.622340425531915,1.0,61.86612576064909,seed_guided
S10_4FXE_22899_294_350_0001_0001_m_4FXE_20643_531_554_0001_0001_m_combined_3_dldesign_0_af2pred,S10_4FXE_22899_3_59_0001_0001_m_4FXE_22897_91_119_0001_0001_m_combined_4_dldesign_0_af2pred,2,27,False,False,0.4056795131845842,34.38133874239351,False,False,True,65.11156186612575,5.721193378963802,7.554588851677638,0.7573136660763881,0.06280626540327257,15.921978381919429,15.921978381919429,0.7573136660763881,493,188,154,91,2.622340425531915,1.0,61.86612576064909,seed_guided
S10_4FXE_22899_3_59_0001_0001_m_4FXE_12775_63_291_0001_0001_m_combined_0_dldesign_0_af2pred,S10_4FXE_22899_3_59_0001_0001_m_4FXE_12775_63_291_0001_0001_m_combined_0_dldesign_0_af2pred,1,107,True,True,0.2028397565922921,15.720081135902635,False,False,False,93.50912778904666,5.721193378963802,7.554588851677638,0.7573136660763881,0.06280626540327257,15.921978381919429,15.921978381919429,0.7573136660763881,493,188,154,91,2.622340425531915,1.0,61.86612576064909,seed_guided
S10_4FXE_23190_4_60_0001_0001_m_4FXE_16243_203_251_0001_0001_m_combined_3_dldesign_0_af2pred,S10_4FXE_23190_4_60_0001_0001_m_4FXE_16243_203_251_0001_0001_m_combined_3_dldesign_0_af2pred,91,1,False,True,18.45841784989858,90.87221095334685,True,True,True,18.45841784989858,5.721193378963802,7.554588851677638,0.7573136660763881,0.06280626540327257,15.921978381919429,15.921978381919429,0.7573136660763881,493,188,154,91,2.622340425531915,1.0,61.86612576064909,seed_guided
S10_4FXE_23190_4_60_0001_0001_m_4FXE_16243_203_251_0001_0001_m_combined_3_dldesign_0_af2pred,S10_4FXE_19800_130_232_0001_0001_m_4FXE_16430_125_88_0001_0001_m_combined_4_dldesign_0_af2pred,91,1,False,False,18.45841784989858,90.87221095334685,True,True,True,18.45841784989858,5.721193378963802,7.554588851677638,0.7573136660763881,0.06280626540327257,15.921978381919429,15.921978381919429,0.7573136660763881,493,188,154,91,2.622340425531915,1.0,61.86612576064909,seed_guided
S10_4FXE_23190_4_60_0001_0001_m_4FXE_16243_203_251_0001_0001_m_combined_3_dldesign_0_af2pred,S10_4FXE_10640_11_98_0001_0001_m_4FXE_10940_224_349_0001_0001_m_combined_1_dldesign_0_af2pred,91,1,False,False,18.45841784989858,90.87221095334685,True,True,True,18.45841784989858,5.721193378963802,7.554588851677638,0.7573136660763881,0.06280626540327257,15.921978381919429,15.921978381919429,0.7573136660763881,493,188,154,91,2.622340425531915,1.0,61.86612576064909,seed_guided
S10_4FXE_23190_4_60_0001_0001_m_4FXE_16243_203_251_0001_0001_m_combined_3_dldesign_0_af2pred,S10_4FXE_10640_11_98_0001_0001_m_4FXE_14895_212_353_0001_0001_m_combined_1_dldesign_0_af2pred,91,1,False,False,18.45841784989858,90.87221095334685,True,True,True,18.45841784989858,5.721193378963802,7.554588851677638,0.7573136660763881,0.06280626540327257,15.921978381919429,15.921978381919429,0.7573136660763881,493,188,154,91,2.622340425531915,1.0,61.86612576064909,seed_guided
S10_4FXE_23190_4_60_0001_0001_m_4FXE_16243_203_251_0001_0001_m_combined_3_dldesign_0_af2pred,S10_4FXE_10640_11_98_0001_0001_m_4FXE_14895_421_558_0001_0001_m_combined_4_dldesign_0_af2pred,91,1,False,False,18.45841784989858,90.87221095334685,True,True,True,18.45841784989858,5.721193378963802,7.554588851677638,0.7573136660763881,0.06280626540327257,15.921978381919429,15.921978381919429,0.7573136660763881,493,188,154,91,2.622340425531915,1.0,61.86612576064909,seed_guided
S10_4FXE_23190_4_60_0001_0001_m_4FXE_16243_203_251_0001_0001_m_combined_3_dldesign_0_af2pred,S10_4FXE_10640_11_98_0001_0001_m_4FXE_14937_205_253_0001_0001_m_combined_2_dldesign_0_af2pred,91,1,False,False,18.45841784989858,90.87221095334685,True,True,True,18.45841784989858,5.721193378963802,7.554588851677638,0.7573136660763881,0.06280626540327257,15.921978381919429,15.921978381919429,0.7573136660763881,493,188,154,91,2.622340425531915,1.0,61.86612576064909,seed_guided
S10_4FXE_23190_4_60_0001_0001_m_4FXE_16243_203_251_0001_0001_m_combined_3_dldesign_0_af2pred,S10_4FXE_10640_11_98_0001_0001_m_4FXE_16430_125_88_0001_0001_m_combined_1_dldesign_0_af2pred,91,1,False,False,18.45841784989858,90.87221095334685,True,True,True,18.45841784989858,5.721193378963802,7.554588851677638,0.7573136660763881,0.06280626540327257,15.921978381919429,15.921978381919429,0.7573136660763881,493,188,154,91,2.622340425531915,1.0,61.86612576064909,seed_guided
S10_4FXE_23190_4_60_0001_0001_m_4FXE_16243_203_251_0001_0001_m_combined_3_dldesign_0_af2pred,S10_4FXE_10640_11_98_0001_0001_m_4FXE_20643_531_554_0001_0001_m_combined_1_dldesign_0_af2pred,91,1,False,False,18.45841784989858,90.87221095334685,True,True,True,18.45841784989858,5.721193378963802,7.554588851677638,0.7573136660763881,0.06280626540327257,15.921978381919429,15.921978381919429,0.7573136660763881,493,188,154,91,2.622340425531915,1.0,61.86612576064909,seed_guided
S10_4FXE_23190_4_60_0001_0001_m_4FXE_16243_203_251_0001_0001_m_combined_3_dldesign_0_af2pred,S10_4FXE_10640_11_98_0001_0001_m_4FXE_6794_69_50_0001_0001_m_combined_0_dldesign_0_af2pred,91,1,False,False,18.45841784989858,90.87221095334685,True,True,True,18.45841784989858,5.721193378963802,7.554588851677638,0.7573136660763881,0.06280626540327257,15.921978381919429,15.921978381919429,0.7573136660763881,493,188,154,91,2.622340425531915,1.0,61.86612576064909,seed_guided
S10_4FXE_23190_4_60_0001_0001_m_4FXE_16243_203_251_0001_0001_m_combined_3_dldesign_0_af2pred,S10_4FXE_10640_211_298_0001_0001_m_4FXE_12775_374_602_0001_0001_m_combined_3_dldesign_0_af2pred,91,1,False,False,18.45841784989858,90.87221095334685,True,True,True,18.45841784989858,5.721193378963802,7.554588851677638,0.7573136660763881,0.06280626540327257,15.921978381919429,15.921978381919429,0.7573136660763881,493,188,154,91,2.622340425531915,1.0,61.86612576064909,seed_guided
S10_4FXE_23190_4_60_0001_0001_m_4FXE_16243_203_251_0001_0001_m_combined_3_dldesign_0_af2pred,S10_4FXE_10640_211_298_0001_0001_m_4FXE_18778_130_141_0001_0001_m_combined_2_dldesign_0_af2pred,91,1,False,False,18.45841784989858,90.87221095334685,True,True,True,18.45841784989858,5.721193378963802,7.554588851677638,0.7573136660763881,0.06280626540327257,15.921978381919429,15.921978381919429,0.7573136660763881,493,188,154,91,2.622340425531915,1.0,61.86612576064909,seed_guided
S10_4FXE_23190_4_60_0001_0001_m_4FXE_16243_203_251_0001_0001_m_combined_3_dldesign_0_af2pred,S10_4FXE_10640_211_298_0001_0001_m_4FXE_6794_69_50_0001_0001_m_combined_4_dldesign_0_af2pred,91,1,False,False,18.45841784989858,90.87221095334685,True,True,True,18.45841784989858,5.721193378963802,7.554588851677638,0.7573136660763881,0.06280626540327257,15.921978381919429,15.921978381919429,0.7573136660763881,493,188,154,91,2.622340425531915,1.0,61.86612576064909,seed_guided
S10_4FXE_23190_4_60_0001_0001_m_4FXE_16243_203_251_0001_0001_m_combined_3_dldesign_0_af2pred,S10_4FXE_12201_1361_1436_0001_0001_m_4FXE_22410_133_110_0001_0001_m_combined_4_dldesign_0_af2pred,91,1,False,False,18.45841784989858,90.87221095334685,True,True,True,18.45841784989858,5.721193378963802,7.554588851677638,0.7573136660763881,0.06280626540327257,15.921978381919429,15.921978381919429,0.7573136660763881,493,188,154,91,2.622340425531915,1.0,61.86612576064909,seed_guided
S10_4FXE_23190_4_60_0001_0001_m_4FXE_16243_203_251_0001_0001_m_combined_3_dldesign_0_af2pred,S10_4FXE_14742_24_58_0001_0001_m_4FXE_10442_225_12_0001_0001_m_combined_1_dldesign_0_af2pred,91,1,False,False,18.45841784989858,90.87221095334685,True,True,True,18.45841784989858,5.721193378963802,7.554588851677638,0.7573136660763881,0.06280626540327257,15.921978381919429,15.921978381919429,0.7573136660763881,493,188,154,91,2.622340425531915,1.0,61.86612576064909,seed_guided
S10_4FXE_23190_4_60_0001_0001_m_4FXE_16243_203_251_0001_0001_m_combined_3_dldesign_0_af2pred,S10_4FXE_14742_24_58_0001_0001_m_4FXE_10442_225_12_0001_0001_m_combined_3_dldesign_0_af2pred,91,1,False,False,18.45841784989858,90.87221095334685,True,True,True,18.45841784989858,5.721193378963802,7.554588851677638,0.7573136660763881,0.06280626540327257,15.921978381919429,15.921978381919429,0.7573136660763881,493,188,154,91,2.622340425531915,1.0,61.86612576064909,seed_guided
S10_4FXE_23190_4_60_0001_0001_m_4FXE_16243_203_251_0001_0001_m_combined_3_dldesign_0_af2pred,S10_4FXE_14742_24_58_0001_0001_m_4FXE_22897_91_119_0001_0001_m_combined_4_dldesign_0_af2pred,91,1,False,False,18.45841784989858,90.87221095334685,True,True,True,18.45841784989858,5.721193378963802,7.554588851677638,0.7573136660763881,0.06280626540327257,15.921978381919429,15.921978381919429,0.7573136660763881,493,188,154,91,2.622340425531915,1.0,61.86612576064909,seed_guided
S10_4FXE_23190_4_60_0001_0001_m_4FXE_16243_203_251_0001_0001_m_combined_3_dldesign_0_af2pred,S10_4FXE_16539_5_83_0001_0001_m_4FXE_14395_200_248_0001_0001_m_combined_0_dldesign_0_af2pred,91,1,False,False,18.45841784989858,90.87221095334685,True,True,True,18.45841784989858,5.721193378963802,7.554588851677638,0.7573136660763881,0.06280626540327257,15.921978381919429,15.921978381919429,0.7573136660763881,493,188,154,91,2.622340425531915,1.0,61.86612576064909,seed_guided
S10_4FXE_23190_4_60_0001_0001_m_4FXE_16243_203_251_0001_0001_m_combined_3_dldesign_0_af2pred,S10_4FXE_16539_5_83_0001_0001_m_4FXE_22410_133_110_0001_0001_m_combined_1_dldesign_0_af2pred,91,1,False,False,18.45841784989858,90.87221095334685,True,True,True,18.45841784989858,5.721193378963802,7.554588851677638,0.7573136660763881,0.06280626540327257,15.921978381919429,15.921978381919429,0.7573136660763881,493,188,154,91,2.622340425531915,1.0,61.86612576064909,seed_guided
S10_4FXE_23190_4_60_0001_0001_m_4FXE_16243_203_251_0001_0001_m_combined_3_dldesign_0_af2pred,S10_4FXE_19568_44_89_0001_0001_m_4FXE_19766_93_45_0001_0001_m_combined_3_dldesign_0_af2pred,91,1,False,False,18.45841784989858,90.87221095334685,True,True,True,18.45841784989858,5.721193378963802,7.554588851677638,0.7573136660763881,0.06280626540327257,15.921978381919429,15.921978381919429,0.7573136660763881,493,188,154,91,2.622340425531915,1.0,61.86612576064909,seed_guided
S10_4FXE_23190_4_60_0001_0001_m_4FXE_16243_203_251_0001_0001_m_combined_3_dldesign_0_af2pred,S10_4FXE_19568_44_89_0001_0001_m_4FXE_20643_531_554_0001_0001_m_combined_4_dldesign_0_af2pred,91,1,False,False,18.45841784989858,90.87221095334685,True,True,True,18.45841784989858,5.721193378963802,7.554588851677638,0.7573136660763881,0.06280626540327257,15.921978381919429,15.921978381919429,0.7573136660763881,493,188,154,91,2.622340425531915,1.0,61.86612576064909,seed_guided
S10_4FXE_23190_4_60_0001_0001_m_4FXE_16243_203_251_0001_0001_m_combined_3_dldesign_0_af2pred,S10_4FXE_19568_44_89_0001_0001_m_4FXE_22410_133_110_0001_0001_m_combined_0_dldesign_0_af2pred,91,1,False,False,18.45841784989858,90.87221095334685,True,True,True,18.45841784989858,5.721193378963802,7.554588851677638,0.7573136660763881,0.06280626540327257,15.921978381919429,15.921978381919429,0.7573136660763881,493,188,154,91,2.622340425531915,1.0,61.86612576064909,seed_guided
S10_4FXE_23190_4_60_0001_0001_m_4FXE_16243_203_251_0001_0001_m_combined_3_dldesign_0_af2pred,S10_4FXE_10640_11_98_0001_0001_m_4FXE_6024_206_254_0001_0001_m_combined_2_dldesign_0_af2pred,91,1,False,False,18.45841784989858,90.87221095334685,True,True,True,18.45841784989858,5.721193378963802,7.554588851677638,0.7573136660763881,0.06280626540327257,15.921978381919429,15.921978381919429,0.7573136660763881,493,188,154,91,2.622340425531915,1.0,61.86612576064909,seed_guided
S10_4FXE_23190_4_60_0001_0001_m_4FXE_16243_203_251_0001_0001_m_combined_3_dldesign_0_af2pred,S10_4FXE_10640_211_298_0001_0001_m_4FXE_18778_130_141_0001_0001_m_combined_3_dldesign_0_af2pred,91,1,False,False,18.45841784989858,90.87221095334685,True,True,True,18.45841784989858,5.721193378963802,7.554588851677638,0.7573136660763881,0.06280626540327257,15.921978381919429,15.921978381919429,0.7573136660763881,493,188,154,91,2.622340425531915,1.0,61.86612576064909,seed_guided
S10_4FXE_23190_4_60_0001_0001_m_4FXE_16243_203_251_0001_0001_m_combined_3_dldesign_0_af2pred,S10_4FXE_10640_211_298_0001_0001_m_4FXE_20643_531_554_0001_0001_m_combined_0_dldesign_0_af2pred,91,1,False,False,18.45841784989858,90.87221095334685,True,True,True,18.45841784989858,5.721193378963802,7.554588851677638,0.7573136660763881,0.06280626540327257,15.921978381919429,15.921978381919429,0.7573136660763881,493,188,154,91,2.622340425531915,1.0,61.86612576064909,seed_guided
S10_4FXE_23190_4_60_0001_0001_m_4FXE_16243_203_251_0001_0001_m_combined_3_dldesign_0_af2pred,S10_4FXE_14742_24_58_0001_0001_m_4FXE_14937_205_253_0001_0001_m_combined_2_dldesign_0_af2pred,91,1,False,False,18.45841784989858,90.87221095334685,True,True,True,18.45841784989858,5.721193378963802,7.554588851677638,0.7573136660763881,0.06280626540327257,15.921978381919429,15.921978381919429,0.7573136660763881,493,188,154,91,2.622340425531915,1.0,61.86612576064909,seed_guided
S10_4FXE_23190_4_60_0001_0001_m_4FXE_16243_203_251_0001_0001_m_combined_3_dldesign_0_af2pred,S10_4FXE_19568_44_89_0001_0001_m_4FXE_18778_130_141_0001_0001_m_combined_4_dldesign_0_af2pred,91,1,False,False,18.45841784989858,90.87221095334685,True,True,True,18.45841784989858,5.721193378963802,7.554588851677638,0.7573136660763881,0.06280626540327257,15.921978381919429,15.921978381919429,0.7573136660763881,493,188,154,91,2.622340425531915,1.0,61.86612576064909,seed_guided
S10_4FXE_23190_4_60_0001_0001_m_4FXE_16243_203_251_0001_0001_m_combined_3_dldesign_0_af2pred,S10_4FXE_19568_44_89_0001_0001_m_4FXE_9228_307_430_0001_0001_m_combined_1_dldesign_0_af2pred,91,1,False,False,18.45841784989858,90.87221095334685,True,True,True,18.45841784989858,5.721193378963802,7.554588851677638,0.7573136660763881,0.06280626540327257,15.921978381919429,15.921978381919429,0.7573136660763881,493,188,154,91,2.622340425531915,1.0,61.86612576064909,seed_guided
S10_4FXE_23190_4_60_0001_0001_m_4FXE_16243_203_251_0001_0001_m_combined_3_dldesign_0_af2pred,S10_4FXE_19800_130_232_0001_0001_m_4FXE_12556_206_254_0001_0001_m_combined_1_dldesign_0_af2pred,91,1,False,False,18.45841784989858,90.87221095334685,True,True,True,18.45841784989858,5.721193378963802,7.554588851677638,0.7573136660763881,0.06280626540327257,15.921978381919429,15.921978381919429,0.7573136660763881,493,188,154,91,2.622340425531915,1.0,61.86612576064909,seed_guided
S10_4FXE_23190_4_60_0001_0001_m_4FXE_16243_203_251_0001_0001_m_combined_3_dldesign_0_af2pred,S10_4FXE_19800_130_232_0001_0001_m_4FXE_12775_374_602_0001_0001_m_combined_3_dldesign_0_af2pred,91,1,False,False,18.45841784989858,90.87221095334685,True,True,True,18.45841784989858,5.721193378963802,7.554588851677638,0.7573136660763881,0.06280626540327257,15.921978381919429,15.921978381919429,0.7573136660763881,493,188,154,91,2.622340425531915,1.0,61.86612576064909,seed_guided
S10_4FXE_23190_4_60_0001_0001_m_4FXE_16243_203_251_0001_0001_m_combined_3_dldesign_0_af2pred,S10_4FXE_19800_130_232_0001_0001_m_4FXE_16243_203_251_0001_0001_m_combined_0_dldesign_0_af2pred,91,1,False,False,18.45841784989858,90.87221095334685,True,True,True,18.45841784989858,5.721193378963802,7.554588851677638,0.7573136660763881,0.06280626540327257,15.921978381919429,15.921978381919429,0.7573136660763881,493,188,154,91,2.622340425531915,1.0,61.86612576064909,seed_guided
S10_4FXE_23190_4_60_0001_0001_m_4FXE_16243_203_251_0001_0001_m_combined_3_dldesign_0_af2pred,S10_4FXE_3312_13_95_0001_0001_m_4FXE_6794_69_50_0001_0001_m_combined_0_dldesign_0_af2pred,91,1,False,False,18.45841784989858,90.87221095334685,True,True,True,18.45841784989858,5.721193378963802,7.554588851677638,0.7573136660763881,0.06280626540327257,15.921978381919429,15.921978381919429,0.7573136660763881,493,188,154,91,2.622340425531915,1.0,61.86612576064909,seed_guided
S10_4FXE_23190_4_60_0001_0001_m_4FXE_16243_203_251_0001_0001_m_combined_3_dldesign_0_af2pred,S10_4FXE_5590_422_395_0001_0001_m_4FXE_20643_531_554_0001_0001_m_combined_4_dldesign_0_af2pred,91,1,False,False,18.45841784989858,90.87221095334685,True,True,True,18.45841784989858,5.721193378963802,7.554588851677638,0.7573136660763881,0.06280626540327257,15.921978381919429,15.921978381919429,0.7573136660763881,493,188,154,91,2.622340425531915,1.0,61.86612576064909,seed_guided
S10_4FXE_23190_4_60_0001_0001_m_4FXE_16243_203_251_0001_0001_m_combined_3_dldesign_0_af2pred,S10_4FXE_772_210_293_0001_0001_m_4FXE_14937_205_253_0001_0001_m_combined_0_dldesign_0_af2pred,91,1,False,False,18.45841784989858,90.87221095334685,True,True,True,18.45841784989858,5.721193378963802,7.554588851677638,0.7573136660763881,0.06280626540327257,15.921978381919429,15.921978381919429,0.7573136660763881,493,188,154,91,2.622340425531915,1.0,61.86612576064909,seed_guided
S10_4FXE_23190_4_60_0001_0001_m_4FXE_16243_203_251_0001_0001_m_combined_3_dldesign_0_af2pred,S10_4FXE_19568_44_89_0001_0001_m_4FXE_5700_275_259_0001_0001_m_combined_0_dldesign_0_af2pred,91,1,False,False,18.45841784989858,90.87221095334685,True,True,True,18.45841784989858,5.721193378963802,7.554588851677638,0.7573136660763881,0.06280626540327257,15.921978381919429,15.921978381919429,0.7573136660763881,493,188,154,91,2.622340425531915,1.0,61.86612576064909,seed_guided
S10_4FXE_23190_4_60_0001_0001_m_4FXE_16243_203_251_0001_0001_m_combined_3_dldesign_0_af2pred,S10_4FXE_19568_44_89_0001_0001_m_4FXE_6794_69_50_0001_0001_m_combined_4_dldesign_0_af2pred,91,1,False,False,18.45841784989858,90.87221095334685,True,True,True,18.45841784989858,5.721193378963802,7.554588851677638,0.7573136660763881,0.06280626540327257,15.921978381919429,15.921978381919429,0.7573136660763881,493,188,154,91,2.622340425531915,1.0,61.86612576064909,seed_guided
S10_4FXE_23190_4_60_0001_0001_m_4FXE_16243_203_251_0001_0001_m_combined_3_dldesign_0_af2pred,S10_4FXE_19800_130_232_0001_0001_m_4FXE_10940_224_349_0001_0001_m_combined_4_dldesign_0_af2pred,91,1,False,False,18.45841784989858,90.87221095334685,True,True,True,18.45841784989858,5.721193378963802,7.554588851677638,0.7573136660763881,0.06280626540327257,15.921978381919429,15.921978381919429,0.7573136660763881,493,188,154,91,2.622340425531915,1.0,61.86612576064909,seed_guided
S10_4FXE_23190_4_60_0001_0001_m_4FXE_16243_203_251_0001_0001_m_combined_3_dldesign_0_af2pred,S10_4FXE_19800_130_232_0001_0001_m_4FXE_16306_151_176_0001_0001_m_combined_2_dldesign_0_af2pred,91,1,False,False,18.45841784989858,90.87221095334685,True,True,True,18.45841784989858,5.721193378963802,7.554588851677638,0.7573136660763881,0.06280626540327257,15.921978381919429,15.921978381919429,0.7573136660763881,493,188,154,91,2.622340425531915,1.0,61.86612576064909,seed_guided
S10_4FXE_23190_4_60_0001_0001_m_4FXE_16243_203_251_0001_0001_m_combined_3_dldesign_0_af2pred,S10_4FXE_19800_130_232_0001_0001_m_4FXE_20738_40_52_0001_0001_m_combined_3_dldesign_0_af2pred,91,1,False,False,18.45841784989858,90.87221095334685,True,True,True,18.45841784989858,5.721193378963802,7.554588851677638,0.7573136660763881,0.06280626540327257,15.921978381919429,15.921978381919429,0.7573136660763881,493,188,154,91,2.622340425531915,1.0,61.86612576064909,seed_guided
S10_4FXE_23190_4_60_0001_0001_m_4FXE_16243_203_251_0001_0001_m_combined_3_dldesign_0_af2pred,S10_4FXE_19850_184_195_0001_0001_m_4FXE_20643_531_554_0001_0001_m_combined_4_dldesign_0_af2pred,91,1,False,False,18.45841784989858,90.87221095334685,True,True,True,18.45841784989858,5.721193378963802,7.554588851677638,0.7573136660763881,0.06280626540327257,15.921978381919429,15.921978381919429,0.7573136660763881,493,188,154,91,2.622340425531915,1.0,61.86612576064909,seed_guided
S10_4FXE_23190_4_60_0001_0001_m_4FXE_16243_203_251_0001_0001_m_combined_3_dldesign_0_af2pred,S10_4FXE_20044_401_510_0001_0001_m_4FXE_14895_212_353_0001_0001_m_combined_3_dldesign_0_af2pred,91,1,False,False,18.45841784989858,90.87221095334685,True,True,True,18.45841784989858,5.721193378963802,7.554588851677638,0.7573136660763881,0.06280626540327257,15.921978381919429,15.921978381919429,0.7573136660763881,493,188,154,91,2.622340425531915,1.0,61.86612576064909,seed_guided
S10_4FXE_23190_4_60_0001_0001_m_4FXE_16243_203_251_0001_0001_m_combined_3_dldesign_0_af2pred,S10_4FXE_20044_401_510_0001_0001_m_4FXE_14895_212_353_0001_0001_m_combined_4_dldesign_0_af2pred,91,1,False,False,18.45841784989858,90.87221095334685,True,True,True,18.45841784989858,5.721193378963802,7.554588851677638,0.7573136660763881,0.06280626540327257,15.921978381919429,15.921978381919429,0.7573136660763881,493,188,154,91,2.622340425531915,1.0,61.86612576064909,seed_guided
S10_4FXE_23190_4_60_0001_0001_m_4FXE_16243_203_251_0001_0001_m_combined_3_dldesign_0_af2pred,S10_4FXE_22415_5_75_0001_0001_m_4FXE_14395_200_248_0001_0001_m_combined_1_dldesign_0_af2pred,91,1,False,False,18.45841784989858,90.87221095334685,True,True,True,18.45841784989858,5.721193378963802,7.554588851677638,0.7573136660763881,0.06280626540327257,15.921978381919429,15.921978381919429,0.7573136660763881,493,188,154,91,2.622340425531915,1.0,61.86612576064909,seed_guided
S10_4FXE_23190_4_60_0001_0001_m_4FXE_16243_203_251_0001_0001_m_combined_3_dldesign_0_af2pred,S10_4FXE_22415_5_75_0001_0001_m_4FXE_18778_130_141_0001_0001_m_combined_1_dldesign_0_af2pred,91,1,False,False,18.45841784989858,90.87221095334685,True,True,True,18.45841784989858,5.721193378963802,7.554588851677638,0.7573136660763881,0.06280626540327257,15.921978381919429,15.921978381919429,0.7573136660763881,493,188,154,91,2.622340425531915,1.0,61.86612576064909,seed_guided
S10_4FXE_23190_4_60_0001_0001_m_4FXE_16243_203_251_0001_0001_m_combined_3_dldesign_0_af2pred,S10_4FXE_22415_5_75_0001_0001_m_4FXE_20738_40_52_0001_0001_m_combined_2_dldesign_0_af2pred,91,1,False,False,18.45841784989858,90.87221095334685,True,True,True,18.45841784989858,5.721193378963802,7.554588851677638,0.7573136660763881,0.06280626540327257,15.921978381919429,15.921978381919429,0.7573136660763881,493,188,154,91,2.622340425531915,1.0,61.86612576064909,seed_guided
S10_4FXE_23190_4_60_0001_0001_m_4FXE_16243_203_251_0001_0001_m_combined_3_dldesign_0_af2pred,S10_4FXE_22415_5_75_0001_0001_m_4FXE_22410_133_110_0001_0001_m_combined_1_dldesign_0_af2pred,91,1,False,False,18.45841784989858,90.87221095334685,True,True,True,18.45841784989858,5.721193378963802,7.554588851677638,0.7573136660763881,0.06280626540327257,15.921978381919429,15.921978381919429,0.7573136660763881,493,188,154,91,2.622340425531915,1.0,61.86612576064909,seed_guided
S10_4FXE_23190_4_60_0001_0001_m_4FXE_16243_203_251_0001_0001_m_combined_3_dldesign_0_af2pred,S10_4FXE_22899_294_350_0001_0001_m_4FXE_10442_225_12_0001_0001_m_combined_0_dldesign_0_af2pred,91,1,False,False,18.45841784989858,90.87221095334685,True,True,True,18.45841784989858,5.721193378963802,7.554588851677638,0.7573136660763881,0.06280626540327257,15.921978381919429,15.921978381919429,0.7573136660763881,493,188,154,91,2.622340425531915,1.0,61.86612576064909,seed_guided
S10_4FXE_23190_4_60_0001_0001_m_4FXE_16243_203_251_0001_0001_m_combined_3_dldesign_0_af2pred,S10_4FXE_22899_294_350_0001_0001_m_4FXE_10442_225_12_0001_0001_m_combined_1_dldesign_0_af2pred,91,1,False,False,18.45841784989858,90.87221095334685,True,True,True,18.45841784989858,5.721193378963802,7.554588851677638,0.7573136660763881,0.06280626540327257,15.921978381919429,15.921978381919429,0.7573136660763881,493,188,154,91,2.622340425531915,1.0,61.86612576064909,seed_guided
S10_4FXE_23190_4_60_0001_0001_m_4FXE_16243_203_251_0001_0001_m_combined_3_dldesign_0_af2pred,S10_4FXE_22899_294_350_0001_0001_m_4FXE_14895_421_558_0001_0001_m_combined_0_dldesign_0_af2pred,91,1,False,False,18.45841784989858,90.87221095334685,True,True,True,18.45841784989858,5.721193378963802,7.554588851677638,0.7573136660763881,0.06280626540327257,15.921978381919429,15.921978381919429,0.7573136660763881,493,188,154,91,2.622340425531915,1.0,61.86612576064909,seed_guided
S10_4FXE_23190_4_60_0001_0001_m_4FXE_16243_203_251_0001_0001_m_combined_3_dldesign_0_af2pred,S10_4FXE_22899_294_350_0001_0001_m_4FXE_17073_78_300_0001_0001_m_combined_3_dldesign_0_af2pred,91,1,False,False,18.45841784989858,90.87221095334685,True,True,True,18.45841784989858,5.721193378963802,7.554588851677638,0.7573136660763881,0.06280626540327257,15.921978381919429,15.921978381919429,0.7573136660763881,493,188,154,91,2.622340425531915,1.0,61.86612576064909,seed_guided
S10_4FXE_23190_4_60_0001_0001_m_4FXE_16243_203_251_0001_0001_m_combined_3_dldesign_0_af2pred,S10_4FXE_22899_294_350_0001_0001_m_4FXE_18778_130_141_0001_0001_m_combined_0_dldesign_0_af2pred,91,1,False,False,18.45841784989858,90.87221095334685,True,True,True,18.45841784989858,5.721193378963802,7.554588851677638,0.7573136660763881,0.06280626540327257,15.921978381919429,15.921978381919429,0.7573136660763881,493,188,154,91,2.622340425531915,1.0,61.86612576064909,seed_guided
S10_4FXE_23190_4_60_0001_0001_m_4FXE_16243_203_251_0001_0001_m_combined_3_dldesign_0_af2pred,S10_4FXE_22899_294_350_0001_0001_m_4FXE_20643_531_554_0001_0001_m_combined_2_dldesign_0_af2pred,91,1,False,False,18.45841784989858,90.87221095334685,True,True,True,18.45841784989858,5.721193378963802,7.554588851677638,0.7573136660763881,0.06280626540327257,15.921978381919429,15.921978381919429,0.7573136660763881,493,188,154,91,2.622340425531915,1.0,61.86612576064909,seed_guided
S10_4FXE_23190_4_60_0001_0001_m_4FXE_16243_203_251_0001_0001_m_combined_3_dldesign_0_af2pred,S10_4FXE_22899_294_350_0001_0001_m_4FXE_23279_201_249_0001_0001_m_combined_3_dldesign_0_af2pred,91,1,False,False,18.45841784989858,90.87221095334685,True,True,True,18.45841784989858,5.721193378963802,7.554588851677638,0.7573136660763881,0.06280626540327257,15.921978381919429,15.921978381919429,0.7573136660763881,493,188,154,91,2.622340425531915,1.0,61.86612576064909,seed_guided
S10_4FXE_23190_4_60_0001_0001_m_4FXE_16243_203_251_0001_0001_m_combined_3_dldesign_0_af2pred,S10_4FXE_22899_294_350_0001_0001_m_4FXE_49_301_277_0001_0001_m_combined_3_dldesign_0_af2pred,91,1,False,False,18.45841784989858,90.87221095334685,True,True,True,18.45841784989858,5.721193378963802,7.554588851677638,0.7573136660763881,0.06280626540327257,15.921978381919429,15.921978381919429,0.7573136660763881,493,188,154,91,2.622340425531915,1.0,61.86612576064909,seed_guided
S10_4FXE_23190_4_60_0001_0001_m_4FXE_16243_203_251_0001_0001_m_combined_3_dldesign_0_af2pred,S10_4FXE_22899_3_59_0001_0001_m_4FXE_12556_206_254_0001_0001_m_combined_1_dldesign_0_af2pred,91,1,False,False,18.45841784989858,90.87221095334685,True,True,True,18.45841784989858,5.721193378963802,7.554588851677638,0.7573136660763881,0.06280626540327257,15.921978381919429,15.921978381919429,0.7573136660763881,493,188,154,91,2.622340425531915,1.0,61.86612576064909,seed_guided
S10_4FXE_23190_4_60_0001_0001_m_4FXE_16243_203_251_0001_0001_m_combined_3_dldesign_0_af2pred,S10_4FXE_22899_3_59_0001_0001_m_4FXE_14895_809_950_0001_0001_m_combined_4_dldesign_0_af2pred,91,1,False,False,18.45841784989858,90.87221095334685,True,True,True,18.45841784989858,5.721193378963802,7.554588851677638,0.7573136660763881,0.06280626540327257,15.921978381919429,15.921978381919429,0.7573136660763881,493,188,154,91,2.622340425531915,1.0,61.86612576064909,seed_guided
S10_4FXE_23190_4_60_0001_0001_m_4FXE_16243_203_251_0001_0001_m_combined_3_dldesign_0_af2pred,S10_4FXE_22899_3_59_0001_0001_m_4FXE_16243_203_251_0001_0001_m_combined_4_dldesign_0_af2pred,91,1,False,False,18.45841784989858,90.87221095334685,True,True,True,18.45841784989858,5.721193378963802,7.554588851677638,0.7573136660763881,0.06280626540327257,15.921978381919429,15.921978381919429,0.7573136660763881,493,188,154,91,2.622340425531915,1.0,61.86612576064909,seed_guided
S10_4FXE_23190_4_60_0001_0001_m_4FXE_16243_203_251_0001_0001_m_combined_3_dldesign_0_af2pred,S10_4FXE_20044_401_510_0001_0001_m_4FXE_14937_205_253_0001_0001_m_combined_2_dldesign_0_af2pred,91,1,False,False,18.45841784989858,90.87221095334685,True,True,True,18.45841784989858,5.721193378963802,7.554588851677638,0.7573136660763881,0.06280626540327257,15.921978381919429,15.921978381919429,0.7573136660763881,493,188,154,91,2.622340425531915,1.0,61.86612576064909,seed_guided
S10_4FXE_23190_4_60_0001_0001_m_4FXE_16243_203_251_0001_0001_m_combined_3_dldesign_0_af2pred,S10_4FXE_22899_3_59_0001_0001_m_4FXE_20643_531_554_0001_0001_m_combined_4_dldesign_0_af2pred,91,1,False,False,18.45841784989858,90.87221095334685,True,True,True,18.45841784989858,5.721193378963802,7.554588851677638,0.7573136660763881,0.06280626540327257,15.921978381919429,15.921978381919429,0.7573136660763881,493,188,154,91,2.622340425531915,1.0,61.86612576064909,seed_guided
S10_4FXE_23190_4_60_0001_0001_m_4FXE_16243_203_251_0001_0001_m_combined_3_dldesign_0_af2pred,S10_4FXE_22899_3_59_0001_0001_m_4FXE_5700_1223_1203_0001_0001_m_combined_3_dldesign_0_af2pred,91,1,False,False,18.45841784989858,90.87221095334685,True,True,True,18.45841784989858,5.721193378963802,7.554588851677638,0.7573136660763881,0.06280626540327257,15.921978381919429,15.921978381919429,0.7573136660763881,493,188,154,91,2.622340425531915,1.0,61.86612576064909,seed_guided
S10_4FXE_23190_4_60_0001_0001_m_4FXE_16243_203_251_0001_0001_m_combined_3_dldesign_0_af2pred,S10_4FXE_22899_3_59_0001_0001_m_4FXE_6024_206_254_0001_0001_m_combined_0_dldesign_0_af2pred,91,1,False,False,18.45841784989858,90.87221095334685,True,True,True,18.45841784989858,5.721193378963802,7.554588851677638,0.7573136660763881,0.06280626540327257,15.921978381919429,15.921978381919429,0.7573136660763881,493,188,154,91,2.622340425531915,1.0,61.86612576064909,seed_guided
S10_4FXE_23190_4_60_0001_0001_m_4FXE_16243_203_251_0001_0001_m_combined_3_dldesign_0_af2pred,S10_4FXE_22899_3_59_0001_0001_m_4FXE_7253_174_120_0001_0001_m_combined_4_dldesign_0_af2pred,91,1,False,False,18.45841784989858,90.87221095334685,True,True,True,18.45841784989858,5.721193378963802,7.554588851677638,0.7573136660763881,0.06280626540327257,15.921978381919429,15.921978381919429,0.7573136660763881,493,188,154,91,2.622340425531915,1.0,61.86612576064909,seed_guided
S10_4FXE_23190_4_60_0001_0001_m_4FXE_16243_203_251_0001_0001_m_combined_3_dldesign_0_af2pred,S10_4FXE_23190_4_60_0001_0001_m_4FXE_14395_200_248_0001_0001_m_combined_3_dldesign_0_af2pred,91,1,False,False,18.45841784989858,90.87221095334685,True,True,True,18.45841784989858,5.721193378963802,7.554588851677638,0.7573136660763881,0.06280626540327257,15.921978381919429,15.921978381919429,0.7573136660763881,493,188,154,91,2.622340425531915,1.0,61.86612576064909,seed_guided
S10_4FXE_23190_4_60_0001_0001_m_4FXE_16243_203_251_0001_0001_m_combined_3_dldesign_0_af2pred,S10_4FXE_23190_4_60_0001_0001_m_4FXE_14895_212_353_0001_0001_m_combined_4_dldesign_0_af2pred,91,1,False,False,18.45841784989858,90.87221095334685,True,True,True,18.45841784989858,5.721193378963802,7.554588851677638,0.7573136660763881,0.06280626540327257,15.921978381919429,15.921978381919429,0.7573136660763881,493,188,154,91,2.622340425531915,1.0,61.86612576064909,seed_guided
S10_4FXE_23190_4_60_0001_0001_m_4FXE_16243_203_251_0001_0001_m_combined_3_dldesign_0_af2pred,S10_4FXE_23190_4_60_0001_0001_m_4FXE_14895_421_558_0001_0001_m_combined_1_dldesign_0_af2pred,91,1,False,False,18.45841784989858,90.87221095334685,True,True,True,18.45841784989858,5.721193378963802,7.554588851677638,0.7573136660763881,0.06280626540327257,15.921978381919429,15.921978381919429,0.7573136660763881,493,188,154,91,2.622340425531915,1.0,61.86612576064909,seed_guided
S10_4FXE_23190_4_60_0001_0001_m_4FXE_16243_203_251_0001_0001_m_combined_3_dldesign_0_af2pred,S10_4FXE_10640_211_298_0001_0001_m_4FXE_20643_531_554_0001_0001_m_combined_3_dldesign_0_af2pred,91,1,False,False,18.45841784989858,90.87221095334685,True,True,True,18.45841784989858,5.721193378963802,7.554588851677638,0.7573136660763881,0.06280626540327257,15.921978381919429,15.921978381919429,0.7573136660763881,493,188,154,91,2.622340425531915,1.0,61.86612576064909,seed_guided
S10_4FXE_23190_4_60_0001_0001_m_4FXE_16243_203_251_0001_0001_m_combined_3_dldesign_0_af2pred,S10_4FXE_23190_4_60_0001_0001_m_4FXE_16243_203_251_0001_0001_m_combined_1_dldesign_0_af2pred,91,1,False,False,18.45841784989858,90.87221095334685,True,True,True,18.45841784989858,5.721193378963802,7.554588851677638,0.7573136660763881,0.06280626540327257,15.921978381919429,15.921978381919429,0.7573136660763881,493,188,154,91,2.622340425531915,1.0,61.86612576064909,seed_guided
S10_4FXE_23190_4_60_0001_0001_m_4FXE_16243_203_251_0001_0001_m_combined_3_dldesign_0_af2pred,S10_4FXE_23190_4_60_0001_0001_m_4FXE_16430_125_88_0001_0001_m_combined_2_dldesign_0_af2pred,91,1,False,False,18.45841784989858,90.87221095334685,True,True,True,18.45841784989858,5.721193378963802,7.554588851677638,0.7573136660763881,0.06280626540327257,15.921978381919429,15.921978381919429,0.7573136660763881,493,188,154,91,2.622340425531915,1.0,61.86612576064909,seed_guided
S10_4FXE_23190_4_60_0001_0001_m_4FXE_16243_203_251_0001_0001_m_combined_3_dldesign_0_af2pred,S10_4FXE_23190_4_60_0001_0001_m_4FXE_20738_40_52_0001_0001_m_combined_0_dldesign_0_af2pred,91,1,False,False,18.45841784989858,90.87221095334685,True,True,True,18.45841784989858,5.721193378963802,7.554588851677638,0.7573136660763881,0.06280626540327257,15.921978381919429,15.921978381919429,0.7573136660763881,493,188,154,91,2.622340425531915,1.0,61.86612576064909,seed_guided
S10_4FXE_23190_4_60_0001_0001_m_4FXE_16243_203_251_0001_0001_m_combined_3_dldesign_0_af2pred,S10_4FXE_23190_4_60_0001_0001_m_4FXE_23279_201_249_0001_0001_m_combined_1_dldesign_0_af2pred,91,1,False,False,18.45841784989858,90.87221095334685,True,True,True,18.45841784989858,5.721193378963802,7.554588851677638,0.7573136660763881,0.06280626540327257,15.921978381919429,15.921978381919429,0.7573136660763881,493,188,154,91,2.622340425531915,1.0,61.86612576064909,seed_guided
S10_4FXE_23190_4_60_0001_0001_m_4FXE_16243_203_251_0001_0001_m_combined_3_dldesign_0_af2pred,S10_4FXE_23190_4_60_0001_0001_m_4FXE_23279_201_249_0001_0001_m_combined_4_dldesign_0_af2pred,91,1,False,False,18.45841784989858,90.87221095334685,True,True,True,18.45841784989858,5.721193378963802,7.554588851677638,0.7573136660763881,0.06280626540327257,15.921978381919429,15.921978381919429,0.7573136660763881,493,188,154,91,2.622340425531915,1.0,61.86612576064909,seed_guided
S10_4FXE_23190_4_60_0001_0001_m_4FXE_16243_203_251_0001_0001_m_combined_3_dldesign_0_af2pred,S10_4FXE_23190_4_60_0001_0001_m_4FXE_49_301_277_0001_0001_m_combined_2_dldesign_0_af2pred,91,1,False,False,18.45841784989858,90.87221095334685,True,True,True,18.45841784989858,5.721193378963802,7.554588851677638,0.7573136660763881,0.06280626540327257,15.921978381919429,15.921978381919429,0.7573136660763881,493,188,154,91,2.622340425531915,1.0,61.86612576064909,seed_guided
S10_4FXE_23190_4_60_0001_0001_m_4FXE_16243_203_251_0001_0001_m_combined_3_dldesign_0_af2pred,S10_4FXE_23190_4_60_0001_0001_m_4FXE_5349_20_34_0001_0001_m_combined_4_dldesign_0_af2pred,91,1,False,False,18.45841784989858,90.87221095334685,True,True,True,18.45841784989858,5.721193378963802,7.554588851677638,0.7573136660763881,0.06280626540327257,15.921978381919429,15.921978381919429,0.7573136660763881,493,188,154,91,2.622340425531915,1.0,61.86612576064909,seed_guided
S10_4FXE_23190_4_60_0001_0001_m_4FXE_16243_203_251_0001_0001_m_combined_3_dldesign_0_af2pred,S10_4FXE_23190_4_60_0001_0001_m_4FXE_6236_39_87_0001_0001_m_combined_3_dldesign_0_af2pred,91,1,False,False,18.45841784989858,90.87221095334685,True,True,True,18.45841784989858,5.721193378963802,7.554588851677638,0.7573136660763881,0.06280626540327257,15.921978381919429,15.921978381919429,0.7573136660763881,493,188,154,91,2.622340425531915,1.0,61.86612576064909,seed_guided
S10_4FXE_23190_4_60_0001_0001_m_4FXE_16243_203_251_0001_0001_m_combined_3_dldesign_0_af2pred,S10_4FXE_23190_4_60_0001_0001_m_4FXE_9228_307_430_0001_0001_m_combined_2_dldesign_0_af2pred,91,1,False,False,18.45841784989858,90.87221095334685,True,True,True,18.45841784989858,5.721193378963802,7.554588851677638,0.7573136660763881,0.06280626540327257,15.921978381919429,15.921978381919429,0.7573136660763881,493,188,154,91,2.622340425531915,1.0,61.86612576064909,seed_guided
S10_4FXE_23190_4_60_0001_0001_m_4FXE_16243_203_251_0001_0001_m_combined_3_dldesign_0_af2pred,S10_4FXE_5590_422_395_0001_0001_m_4FXE_17073_78_300_0001_0001_m_combined_4_dldesign_0_af2pred,91,1,False,False,18.45841784989858,90.87221095334685,True,True,True,18.45841784989858,5.721193378963802,7.554588851677638,0.7573136660763881,0.06280626540327257,15.921978381919429,15.921978381919429,0.7573136660763881,493,188,154,91,2.622340425531915,1.0,61.86612576064909,seed_guided
S10_4FXE_23190_4_60_0001_0001_m_4FXE_16243_203_251_0001_0001_m_combined_3_dldesign_0_af2pred,S10_4FXE_5590_422_395_0001_0001_m_4FXE_18778_130_141_0001_0001_m_combined_1_dldesign_0_af2pred,91,1,False,False,18.45841784989858,90.87221095334685,True,True,True,18.45841784989858,5.721193378963802,7.554588851677638,0.7573136660763881,0.06280626540327257,15.921978381919429,15.921978381919429,0.7573136660763881,493,188,154,91,2.622340425531915,1.0,61.86612576064909,seed_guided
S10_4FXE_23190_4_60_0001_0001_m_4FXE_16243_203_251_0001_0001_m_combined_3_dldesign_0_af2pred,S10_4FXE_5590_422_395_0001_0001_m_4FXE_18778_130_141_0001_0001_m_combined_2_dldesign_0_af2pred,91,1,False,False,18.45841784989858,90.87221095334685,True,True,True,18.45841784989858,5.721193378963802,7.554588851677638,0.7573136660763881,0.06280626540327257,15.921978381919429,15.921978381919429,0.7573136660763881,493,188,154,91,2.622340425531915,1.0,61.86612576064909,seed_guided
S10_4FXE_23190_4_60_0001_0001_m_4FXE_16243_203_251_0001_0001_m_combined_3_dldesign_0_af2pred,S10_4FXE_5590_422_395_0001_0001_m_4FXE_20643_531_554_0001_0001_m_combined_0_dldesign_0_af2pred,91,1,False,False,18.45841784989858,90.87221095334685,True,True,True,18.45841784989858,5.721193378963802,7.554588851677638,0.7573136660763881,0.06280626540327257,15.921978381919429,15.921978381919429,0.7573136660763881,493,188,154,91,2.622340425531915,1.0,61.86612576064909,seed_guided
S10_4FXE_23190_4_60_0001_0001_m_4FXE_16243_203_251_0001_0001_m_combined_3_dldesign_0_af2pred,S10_4FXE_19800_130_232_0001_0001_m_4FXE_6794_69_50_0001_0001_m_combined_1_dldesign_0_af2pred,91,1,False,False,18.45841784989858,90.87221095334685,True,True,True,18.45841784989858,5.721193378963802,7.554588851677638,0.7573136660763881,0.06280626540327257,15.921978381919429,15.921978381919429,0.7573136660763881,493,188,154,91,2.622340425531915,1.0,61.86612576064909,seed_guided
S10_4FXE_23190_4_60_0001_0001_m_4FXE_16243_203_251_0001_0001_m_combined_3_dldesign_0_af2pred,S10_4FXE_5590_422_395_0001_0001_m_4FXE_5700_1223_1203_0001_0001_m_combined_3_dldesign_0_af2pred,91,1,False,False,18.45841784989858,90.87221095334685,True,True,True,18.45841784989858,5.721193378963802,7.554588851677638,0.7573136660763881,0.06280626540327257,15.921978381919429,15.921978381919429,0.7573136660763881,493,188,154,91,2.622340425531915,1.0,61.86612576064909,seed_guided
S10_4FXE_23190_4_60_0001_0001_m_4FXE_16243_203_251_0001_0001_m_combined_3_dldesign_0_af2pred,S10_4FXE_5590_422_395_0001_0001_m_4FXE_6794_69_50_0001_0001_m_combined_0_dldesign_0_af2pred,91,1,False,False,18.45841784989858,90.87221095334685,True,True,True,18.45841784989858,5.721193378963802,7.554588851677638,0.7573136660763881,0.06280626540327257,15.921978381919429,15.921978381919429,0.7573136660763881,493,188,154,91,2.622340425531915,1.0,61.86612576064909,seed_guided
S10_4FXE_23190_4_60_0001_0001_m_4FXE_16243_203_251_0001_0001_m_combined_3_dldesign_0_af2pred,S10_4FXE_5590_422_395_0001_0001_m_4FXE_7253_174_120_0001_0001_m_combined_1_dldesign_0_af2pred,91,1,False,False,18.45841784989858,90.87221095334685,True,True,True,18.45841784989858,5.721193378963802,7.554588851677638,0.7573136660763881,0.06280626540327257,15.921978381919429,15.921978381919429,0.7573136660763881,493,188,154,91,2.622340425531915,1.0,61.86612576064909,seed_guided
S10_4FXE_23190_4_60_0001_0001_m_4FXE_16243_203_251_0001_0001_m_combined_3_dldesign_0_af2pred,S10_4FXE_772_210_293_0001_0001_m_4FXE_16243_203_251_0001_0001_m_combined_0_dldesign_0_af2pred,91,1,False,False,18.45841784989858,90.87221095334685,True,True,True,18.45841784989858,5.721193378963802,7.554588851677638,0.7573136660763881,0.06280626540327257,15.921978381919429,15.921978381919429,0.7573136660763881,493,188,154,91,2.622340425531915,1.0,61.86612576064909,seed_guided
S10_4FXE_23190_4_60_0001_0001_m_4FXE_16243_203_251_0001_0001_m_combined_3_dldesign_0_af2pred,S10_4FXE_772_210_293_0001_0001_m_4FXE_20643_531_554_0001_0001_m_combined_4_dldesign_0_af2pred,91,1,False,False,18.45841784989858,90.87221095334685,True,True,True,18.45841784989858,5.721193378963802,7.554588851677638,0.7573136660763881,0.06280626540327257,15.921978381919429,15.921978381919429,0.7573136660763881,493,188,154,91,2.622340425531915,1.0,61.86612576064909,seed_guided
S10_4FXE_23190_4_60_0001_0001_m_4FXE_16243_203_251_0001_0001_m_combined_3_dldesign_0_af2pred,S10_4FXE_14742_24_58_0001_0001_m_4FXE_17073_78_300_0001_0001_m_combined_1_dldesign_0_af2pred,91,1,False,False,18.45841784989858,90.87221095334685,True,True,True,18.45841784989858,5.721193378963802,7.554588851677638,0.7573136660763881,0.06280626540327257,15.921978381919429,15.921978381919429,0.7573136660763881,493,188,154,91,2.622340425531915,1.0,61.86612576064909,seed_guided
S10_4FXE_23190_4_60_0001_0001_m_4FXE_16243_203_251_0001_0001_m_combined_3_dldesign_0_af2pred,S10_4FXE_772_210_293_0001_0001_m_4FXE_20738_40_52_0001_0001_m_combined_0_dldesign_0_af2pred,91,1,False,False,18.45841784989858,90.87221095334685,True,True,True,18.45841784989858,5.721193378963802,7.554588851677638,0.7573136660763881,0.06280626540327257,15.921978381919429,15.921978381919429,0.7573136660763881,493,188,154,91,2.622340425531915,1.0,61.86612576064909,seed_guided
S10_4FXE_23190_4_60_0001_0001_m_4FXE_16243_203_251_0001_0001_m_combined_3_dldesign_0_af2pred,S10_4FXE_772_210_293_0001_0001_m_4FXE_7253_174_120_0001_0001_m_combined_1_dldesign_0_af2pred,91,1,False,False,18.45841784989858,90.87221095334685,True,True,True,18.45841784989858,5.721193378963802,7.554588851677638,0.7573136660763881,0.06280626540327257,15.921978381919429,15.921978381919429,0.7573136660763881,493,188,154,91,2.622340425531915,1.0,61.86612576064909,seed_guided
S10_4FXE_23190_4_60_0001_0001_m_4FXE_16243_203_251_0001_0001_m_combined_3_dldesign_0_af2pred,S9_4FXE_19800_130_232_0001_0001_m_4FXE_12556_206_254_0001_0001_m_combined_1_dldesign_0_af2pred,91,1,False,False,18.45841784989858,90.87221095334685,True,True,True,18.45841784989858,5.721193378963802,7.554588851677638,0.7573136660763881,0.06280626540327257,15.921978381919429,15.921978381919429,0.7573136660763881,493,188,154,91,2.622340425531915,1.0,61.86612576064909,seed_guided
S10_4FXE_23190_4_60_0001_0001_m_4FXE_16243_203_251_0001_0001_m_combined_3_dldesign_0_af2pred,S9l_4FXE_5700_748_731_0001_0001_m_4FXE_10640_11_98_0001_0001_m_combined_1_dldesign_0_af2pred,91,1,False,False,18.45841784989858,90.87221095334685,True,True,True,18.45841784989858,5.721193378963802,7.554588851677638,0.7573136660763881,0.06280626540327257,15.921978381919429,15.921978381919429,0.7573136660763881,493,188,154,91,2.622340425531915,1.0,61.86612576064909,seed_guided
S10_4FXE_23190_4_60_0001_0001_m_4FXE_16243_203_251_0001_0001_m_combined_3_dldesign_0_af2pred,S9l_4FXE_5700_748_731_0001_0001_m_4FXE_14742_24_58_0001_0001_m_combined_4_dldesign_0_af2pred,91,1,False,False,18.45841784989858,90.87221095334685,True,True,True,18.45841784989858,5.721193378963802,7.554588851677638,0.7573136660763881,0.06280626540327257,15.921978381919429,15.921978381919429,0.7573136660763881,493,188,154,91,2.622340425531915,1.0,61.86612576064909,seed_guided
S10_4FXE_23190_4_60_0001_0001_m_4FXE_16243_203_251_0001_0001_m_combined_3_dldesign_0_af2pred,S9l_4FXE_5700_748_731_0001_0001_m_4FXE_22899_294_350_0001_0001_m_combined_3_dldesign_0_af2pred,91,1,False,False,18.45841784989858,90.87221095334685,True,True,True,18.45841784989858,5.721193378963802,7.554588851677638,0.7573136660763881,0.06280626540327257,15.921978381919429,15.921978381919429,0.7573136660763881,493,188,154,91,2.622340425531915,1.0,61.86612576064909,seed_guided
S10_4FXE_23190_4_60_0001_0001_m_4FXE_19766_93_45_0001_0001_m_combined_3_dldesign_0_af2pred,S10_4FXE_23190_4_60_0001_0001_m_4FXE_19766_93_45_0001_0001_m_combined_3_dldesign_0_af2pred,1,108,True,True,0.2028397565922921,15.720081135902635,False,False,False,93.71196754563894,5.721193378963802,7.554588851677638,0.7573136660763881,0.06280626540327257,15.921978381919429,15.921978381919429,0.7573136660763881,493,188,154,91,2.622340425531915,1.0,61.86612576064909,seed_guided
S10_4FXE_23190_4_60_0001_0001_m_4FXE_20738_40_52_0001_0001_m_combined_3_dldesign_0_af2pred,S10_4FXE_23190_4_60_0001_0001_m_4FXE_20738_40_52_0001_0001_m_combined_3_dldesign_0_af2pred,2,28,False,True,0.4056795131845842,34.38133874239351,False,False,True,67.13995943204868,5.721193378963802,7.554588851677638,0.7573136660763881,0.06280626540327257,15.921978381919429,15.921978381919429,0.7573136660763881,493,188,154,91,2.622340425531915,1.0,61.86612576064909,seed_guided
S10_4FXE_23190_4_60_0001_0001_m_4FXE_20738_40_52_0001_0001_m_combined_3_dldesign_0_af2pred,S10_4FXE_19800_130_232_0001_0001_m_4FXE_16430_125_88_0001_0001_m_combined_0_dldesign_0_af2pred,2,28,False,False,0.4056795131845842,34.38133874239351,False,False,True,67.13995943204868,5.721193378963802,7.554588851677638,0.7573136660763881,0.06280626540327257,15.921978381919429,15.921978381919429,0.7573136660763881,493,188,154,91,2.622340425531915,1.0,61.86612576064909,seed_guided
S10_4FXE_2443_12_56_0001_0001_m_4FXE_20643_531_554_0001_0001_m_combined_3_dldesign_0_af2pred,S10_4FXE_2443_12_56_0001_0001_m_4FXE_20643_531_554_0001_0001_m_combined_3_dldesign_0_af2pred,1,109,True,True,0.2028397565922921,15.720081135902635,False,False,False,93.91480730223124,5.721193378963802,7.554588851677638,0.7573136660763881,0.06280626540327257,15.921978381919429,15.921978381919429,0.7573136660763881,493,188,154,91,2.622340425531915,1.0,61.86612576064909,seed_guided
S10_4FXE_2443_12_56_0001_0001_m_4FXE_5700_1223_1203_0001_0001_m_combined_2_dldesign_0_af2pred,S10_4FXE_2443_12_56_0001_0001_m_4FXE_5700_1223_1203_0001_0001_m_combined_2_dldesign_0_af2pred,1,110,True,True,0.2028397565922921,15.720081135902635,False,False,False,94.11764705882354,5.721193378963802,7.554588851677638,0.7573136660763881,0.06280626540327257,15.921978381919429,15.921978381919429,0.7573136660763881,493,188,154,91,2.622340425531915,1.0,61.86612576064909,seed_guided
S10_4FXE_2510_185_205_0001_0001_m_4FXE_13069_356_317_0001_0001_m_combined_2_dldesign_0_af2pred,S10_4FXE_2510_185_205_0001_0001_m_4FXE_13069_356_317_0001_0001_m_combined_2_dldesign_0_af2pred,1,111,True,True,0.2028397565922921,15.720081135902635,False,False,False,100.0,5.721193378963802,7.554588851677638,0.7573136660763881,0.06280626540327257,15.921978381919429,15.921978381919429,0.7573136660763881,493,188,154,91,2.622340425531915,1.0,61.86612576064909,seed_guided
S10_4FXE_2510_185_205_0001_0001_m_4FXE_18778_130_141_0001_0001_m_combined_1_dldesign_0_af2pred,S10_4FXE_2510_185_205_0001_0001_m_4FXE_18778_130_141_0001_0001_m_combined_1_dldesign_0_af2pred,1,112,True,True,0.2028397565922921,15.720081135902635,False,False,False,94.52332657200812,5.721193378963802,7.554588851677638,0.7573136660763881,0.06280626540327257,15.921978381919429,15.921978381919429,0.7573136660763881,493,188,154,91,2.622340425531915,1.0,61.86612576064909,seed_guided
S10_4FXE_2510_185_205_0001_0001_m_4FXE_9228_307_430_0001_0001_m_combined_1_dldesign_0_af2pred,S10_4FXE_2510_185_205_0001_0001_m_4FXE_9228_307_430_0001_0001_m_combined_1_dldesign_0_af2pred,1,113,True,True,0.2028397565922921,15.720081135902635,False,False,False,94.7261663286004,5.721193378963802,7.554588851677638,0.7573136660763881,0.06280626540327257,15.921978381919429,15.921978381919429,0.7573136660763881,493,188,154,91,2.622340425531915,1.0,61.86612576064909,seed_guided
S10_4FXE_2510_185_205_0001_0001_m_4FXE_9228_307_430_0001_0001_m_combined_4_dldesign_0_af2pred,S10_4FXE_2510_185_205_0001_0001_m_4FXE_9228_307_430_0001_0001_m_combined_4_dldesign_0_af2pred,1,114,True,True,0.2028397565922921,15.720081135902635,False,False,False,94.9290060851927,5.721193378963802,7.554588851677638,0.7573136660763881,0.06280626540327257,15.921978381919429,15.921978381919429,0.7573136660763881,493,188,154,91,2.622340425531915,1.0,61.86612576064909,seed_guided
S10_4FXE_2825_151_163_0001_0001_m_4FXE_10442_225_12_0001_0001_m_combined_0_dldesign_0_af2pred,S10_4FXE_2825_151_163_0001_0001_m_4FXE_10442_225_12_0001_0001_m_combined_0_dldesign_0_af2pred,4,11,False,True,0.8113590263691683,42.90060851926978,False,True,True,56.79513184584179,5.721193378963802,7.554588851677638,0.7573136660763881,0.06280626540327257,15.921978381919429,15.921978381919429,0.7573136660763881,493,188,154,91,2.622340425531915,1.0,61.86612576064909,seed_guided
S10_4FXE_2825_151_163_0001_0001_m_4FXE_10442_225_12_0001_0001_m_combined_0_dldesign_0_af2pred,S10_4FXE_1006_551_660_0001_0001_m_4FXE_20738_40_52_0001_0001_m_combined_2_dldesign_0_af2pred,4,11,False,False,0.8113590263691683,42.90060851926978,False,True,True,56.79513184584179,5.721193378963802,7.554588851677638,0.7573136660763881,0.06280626540327257,15.921978381919429,15.921978381919429,0.7573136660763881,493,188,154,91,2.622340425531915,1.0,61.86612576064909,seed_guided
S10_4FXE_2825_151_163_0001_0001_m_4FXE_10442_225_12_0001_0001_m_combined_0_dldesign_0_af2pred,S10_4FXE_16879_129_97_0001_0001_m_4FXE_20738_40_52_0001_0001_m_combined_0_dldesign_0_af2pred,4,11,False,False,0.8113590263691683,42.90060851926978,False,True,True,56.79513184584179,5.721193378963802,7.554588851677638,0.7573136660763881,0.06280626540327257,15.921978381919429,15.921978381919429,0.7573136660763881,493,188,154,91,2.622340425531915,1.0,61.86612576064909,seed_guided
S10_4FXE_2825_151_163_0001_0001_m_4FXE_10442_225_12_0001_0001_m_combined_0_dldesign_0_af2pred,S9l_4FXE_5700_748_731_0001_0001_m_4FXE_19826_77_105_0001_0001_m_combined_0_dldesign_0_af2pred,4,11,False,False,0.8113590263691683,42.90060851926978,False,True,True,56.79513184584179,5.721193378963802,7.554588851677638,0.7573136660763881,0.06280626540327257,15.921978381919429,15.921978381919429,0.7573136660763881,493,188,154,91,2.622340425531915,1.0,61.86612576064909,seed_guided
S10_4FXE_5691_33_44_0001_0001_m_4FXE_1458_57_6_0001_0001_m_combined_1_dldesign_0_af2pred,S10_4FXE_5691_33_44_0001_0001_m_4FXE_1458_57_6_0001_0001_m_combined_1_dldesign_0_af2pred,1,115,True,True,0.2028397565922921,15.720081135902635,False,False,False,95.131845841785,5.721193378963802,7.554588851677638,0.7573136660763881,0.06280626540327257,15.921978381919429,15.921978381919429,0.7573136660763881,493,188,154,91,2.622340425531915,1.0,61.86612576064909,seed_guided
S10_4FXE_6951_264_40_0001_0001_m_4FXE_10442_225_12_0001_0001_m_combined_2_dldesign_0_af2pred,S10_4FXE_6951_264_40_0001_0001_m_4FXE_10442_225_12_0001_0001_m_combined_2_dldesign_0_af2pred,1,116,True,True,0.2028397565922921,15.720081135902635,False,False,False,95.33468559837728,5.721193378963802,7.554588851677638,0.7573136660763881,0.06280626540327257,15.921978381919429,15.921978381919429,0.7573136660763881,493,188,154,91,2.622340425531915,1.0,61.86612576064909,seed_guided
S10_4FXE_6951_264_40_0001_0001_m_4FXE_12556_206_254_0001_0001_m_combined_2_dldesign_0_af2pred,S10_4FXE_6951_264_40_0001_0001_m_4FXE_12556_206_254_0001_0001_m_combined_2_dldesign_0_af2pred,1,117,True,True,0.2028397565922921,15.720081135902635,False,False,False,95.53752535496957,5.721193378963802,7.554588851677638,0.7573136660763881,0.06280626540327257,15.921978381919429,15.921978381919429,0.7573136660763881,493,188,154,91,2.622340425531915,1.0,61.86612576064909,seed_guided
S10_4FXE_6951_264_40_0001_0001_m_4FXE_13069_356_317_0001_0001_m_combined_3_dldesign_0_af2pred,S10_4FXE_6951_264_40_0001_0001_m_4FXE_13069_356_317_0001_0001_m_combined_3_dldesign_0_af2pred,1,118,True,True,0.2028397565922921,15.720081135902635,False,False,False,85.39553752535497,5.721193378963802,7.554588851677638,0.7573136660763881,0.06280626540327257,15.921978381919429,15.921978381919429,0.7573136660763881,493,188,154,91,2.622340425531915,1.0,61.86612576064909,seed_guided
S10_4FXE_6951_264_40_0001_0001_m_4FXE_1458_57_6_0001_0001_m_combined_4_dldesign_0_af2pred,S10_4FXE_6951_264_40_0001_0001_m_4FXE_1458_57_6_0001_0001_m_combined_4_dldesign_0_af2pred,1,119,True,True,0.2028397565922921,15.720081135902635,False,False,False,83.16430020283975,5.721193378963802,7.554588851677638,0.7573136660763881,0.06280626540327257,15.921978381919429,15.921978381919429,0.7573136660763881,493,188,154,91,2.622340425531915,1.0,61.86612576064909,seed_guided
S10_4FXE_6951_264_40_0001_0001_m_4FXE_14895_212_353_0001_0001_m_combined_1_dldesign_0_af2pred,S10_4FXE_6951_264_40_0001_0001_m_4FXE_14895_212_353_0001_0001_m_combined_1_dldesign_0_af2pred,2,29,False,True,0.4056795131845842,34.38133874239351,False,False,True,65.51724137931035,5.721193378963802,7.554588851677638,0.7573136660763881,0.06280626540327257,15.921978381919429,15.921978381919429,0.7573136660763881,493,188,154,91,2.622340425531915,1.0,61.86612576064909,seed_guided
S10_4FXE_6951_264_40_0001_0001_m_4FXE_14895_212_353_0001_0001_m_combined_1_dldesign_0_af2pred,S10_4FXE_6951_264_40_0001_0001_m_4FXE_6811_212_260_0001_0001_m_combined_3_dldesign_0_af2pred,2,29,False,False,0.4056795131845842,34.38133874239351,False,False,True,65.51724137931035,5.721193378963802,7.554588851677638,0.7573136660763881,0.06280626540327257,15.921978381919429,15.921978381919429,0.7573136660763881,493,188,154,91,2.622340425531915,1.0,61.86612576064909,seed_guided
