folder,binder_aligned_rmsd,pae_binder,pae_interaction,pae_target,plddt_binder,plddt_target,plddt_total,time,description,target_aligned_rmsd,backbone,Unnamed: 0,contacts,which_contacts,Total_Residues,Alpha_Helix_Count,Alpha_Helix_Percent,3-10_Helix_Count,3-10_Helix_Percent,Pi_Helix_Count,Pi_Helix_Percent,Beta_Strand_Count,Beta_Strand_Percent,Beta_Bridge_Count,Beta_Bridge_Percent,Turn_Count,Turn_Percent,Coil_Count,Coil_Percent,Bend_Count,Bend_Percent,residue_count
control_1,3.734,8.635,11.818,2.674,67.751,88.922,76.61,3.363,2kc8_A_l59_s325498_mpnn1_model1_af2pred,6.478,2kc8_A_l59_s325498_mpnn1_model1_af2pred,6,16,"[46, 15, 39, 40, 1, 3, 4, 37, 38, 7, 8, 41, 42, 11, 43, 45]",59,53,89.83,0,0.0,0,0.0,0,0.0,0,0.0,0,0.0,6,10.17,0,0.0,59
control_1,3.591,8.231,10.772,2.606,69.706,89.658,78.055,3.361,2kc8_A_l59_s325498_mpnn3_model2_af2pred,4.078,2kc8_A_l59_s325498_mpnn3_model2_af2pred,78,15,"[46, 39, 40, 1, 3, 4, 37, 38, 7, 8, 41, 42, 11, 43, 45]",59,51,86.44,0,0.0,0,0.0,0,0.0,0,0.0,4,6.78,4,6.78,0,0.0,59
control_1,3.652,11.194,25.29,3.934,58.41,88.508,71.127,55.74,2kc8_A_l60_s238854_mpnn11_model2_af2pred,23.408,2kc8_A_l60_s238854_mpnn11_model2_af2pred,17,2,"[41, 49]",60,33,55.0,0,0.0,0,0.0,8,13.33,1,1.67,3,5.0,15,25.0,0,0.0,60
control_1,3.81,11.149,15.816,3.597,57.651,82.63,68.406,51.328,2kc8_A_l62_s433447_mpnn18_model2_af2pred,4.949,2kc8_A_l62_s433447_mpnn18_model2_af2pred,62,22,"[46, 47, 50, 53, 57, 17, 23, 24, 25, 26, 27, 28, 30, 31, 34, 35, 36, 38, 39, 40, 42, 43]",62,54,87.1,0,0.0,0,0.0,0,0.0,0,0.0,4,6.45,4,6.45,0,0.0,62
control_1,3.305,6.841,10.805,4.08,74.778,84.54,78.981,3.318,2kc8_A_l62_s469743_mpnn13_model2_af2pred,4.029,2kc8_A_l62_s469743_mpnn13_model2_af2pred,75,21,"[46, 49, 50, 53, 54, 56, 57, 60, 61, 2, 5, 6, 9, 12, 13, 16, 19, 20, 39, 42, 43]",62,55,88.71,0,0.0,0,0.0,0,0.0,0,0.0,4,6.45,3,4.84,0,0.0,62
control_1,3.196,7.083,9.884,3.925,74.269,85.671,79.178,3.297,2kc8_A_l62_s469743_mpnn3_model2_af2pred,3.771,2kc8_A_l62_s469743_mpnn3_model2_af2pred,50,21,"[46, 49, 50, 53, 54, 56, 57, 60, 2, 5, 6, 9, 12, 13, 16, 19, 20, 23, 39, 42, 43]",62,55,88.71,0,0.0,0,0.0,0,0.0,0,0.0,4,6.45,3,4.84,0,0.0,62
control_1,3.689,6.547,9.339,2.992,76.955,87.886,81.704,55.053,2kc8_A_l63_s665483_mpnn12_model2_af2pred,4.835,2kc8_A_l63_s665483_mpnn12_model2_af2pred,35,19,"[47, 48, 49, 51, 52, 53, 54, 55, 56, 58, 59, 11, 14, 15, 18, 35, 42, 44, 45]",63,46,73.02,0,0.0,0,0.0,0,0.0,0,0.0,8,12.7,9,14.29,0,0.0,63
control_1,3.805,6.707,10.952,2.797,75.309,88.045,80.843,3.449,2kc8_A_l63_s665483_mpnn17_model2_af2pred,4.362,2kc8_A_l63_s665483_mpnn17_model2_af2pred,23,20,"[47, 48, 49, 51, 52, 53, 54, 55, 56, 58, 59, 11, 14, 15, 18, 35, 36, 42, 44, 45]",63,45,71.43,0,0.0,0,0.0,0,0.0,0,0.0,8,12.7,10,15.87,0,0.0,63
control_1,3.489,10.873,19.753,4.124,56.408,79.728,66.54,3.475,2kc8_A_l63_s70906_mpnn2_model1_af2pred,4.495,2kc8_A_l63_s70906_mpnn2_model1_af2pred,56,15,"[14, 16, 17, 20, 21, 25, 41, 45, 29, 62, 63, 35, 9, 10, 13]",63,40,63.49,4,6.35,0,0.0,0,0.0,0,0.0,3,4.76,16,25.4,0,0.0,63
control_1,3.532,8.26,10.255,3.035,69.179,92.868,82.195,4.582,2kc8_A_l100_s681666_mpnn2_model2_af2pred,4.428,2kc8_A_l100_s681666_mpnn2_model2_af2pred,13,25,"[74, 77, 80, 81, 82, 83, 84, 85, 87, 88, 89, 91, 92, 93, 94, 95, 98, 19, 23, 26, 27, 30, 31, 34, 36]",100,89,89.0,0,0.0,0,0.0,0,0.0,0,0.0,4,4.0,7,7.0,0,0.0,100
control_1,4.19,9.648,13.153,2.785,63.954,91.356,79.01,4.268,2kc8_A_l100_s699808_mpnn7_model2_af2pred,4.938,2kc8_A_l100_s699808_mpnn7_model2_af2pred,68,17,"[46, 78, 83, 84, 86, 87, 88, 90, 91, 42, 94, 95, 98, 100, 38, 74, 45]",100,81,81.0,0,0.0,0,0.0,0,0.0,0,0.0,4,4.0,15,15.0,0,0.0,100
control_1,4.008,9.6,13.028,2.781,64.439,91.818,79.482,4.298,2kc8_A_l100_s699808_mpnn8_model2_af2pred,4.467,2kc8_A_l100_s699808_mpnn8_model2_af2pred,24,18,"[46, 78, 83, 84, 86, 87, 88, 90, 91, 42, 94, 95, 97, 98, 100, 38, 74, 45]",100,82,82.0,0,0.0,0,0.0,0,0.0,0,0.0,4,4.0,14,14.0,0,0.0,100
control_1,1.857,8.299,9.305,3.203,70.009,91.411,81.768,4.273,2kc8_A_l100_s721986_mpnn17_model1_af2pred,2.815,2kc8_A_l100_s721986_mpnn17_model1_af2pred,90,24,"[46, 47, 48, 50, 51, 53, 54, 57, 78, 82, 17, 20, 21, 23, 24, 27, 28, 31, 32, 35, 39, 40, 43, 44]",100,81,81.0,3,3.0,0,0.0,0,0.0,0,0.0,6,6.0,10,10.0,0,0.0,100
control_1,3.116,8.692,10.841,3.879,68.582,87.139,78.778,4.29,2kc8_A_l100_s721986_mpnn8_model2_af2pred,3.861,2kc8_A_l100_s721986_mpnn8_model2_af2pred,44,23,"[46, 47, 48, 50, 51, 53, 54, 55, 57, 17, 20, 21, 24, 27, 28, 31, 32, 35, 36, 39, 40, 43, 44]",100,83,83.0,3,3.0,0,0.0,0,0.0,0,0.0,6,6.0,8,8.0,0,0.0,100
control_1,5.057,9.143,13.576,3.787,63.592,88.569,77.438,51.493,2kc8_A_l102_s618193_mpnn12_model2_af2pred,9.375,2kc8_A_l102_s618193_mpnn12_model2_af2pred,67,13,"[15, 83, 84, 86, 87, 88, 90, 91, 92, 94, 95, 98, 45]",102,71,69.61,3,2.94,0,0.0,0,0.0,0,0.0,11,10.78,17,16.67,0,0.0,102
control_1,5.054,9.113,13.809,4.272,63.851,87.615,77.024,4.228,2kc8_A_l102_s618193_mpnn4_model2_af2pred,8.632,2kc8_A_l102_s618193_mpnn4_model2_af2pred,91,11,"[83, 84, 86, 87, 88, 90, 91, 92, 94, 95, 98]",102,71,69.61,0,0.0,0,0.0,0,0.0,0,0.0,23,22.55,8,7.84,0,0.0,102
control_1,2.339,6.069,6.007,2.231,81.162,95.359,88.346,3.931,2kc8_A_l84_s658357_mpnn9_model2_af2pred,2.607,2kc8_A_l84_s658357_mpnn9_model2_af2pred,76,29,"[58, 59, 60, 62, 63, 64, 68, 71, 74, 75, 78, 79, 1, 2, 4, 5, 6, 8, 9, 10, 12, 13, 14, 16, 17, 19, 20, 23, 24]",84,71,84.52,3,3.57,0,0.0,0,0.0,0,0.0,3,3.57,7,8.33,0,0.0,84
control_1,3.782,9.057,11.81,2.789,66.018,89.824,78.273,58.233,2kc8_A_l87_s45813_mpnn11_model2_af2pred,5.244,2kc8_A_l87_s45813_mpnn11_model2_af2pred,42,17,"[46, 47, 16, 44, 48, 19, 50, 22, 26, 35, 36, 37, 39, 40, 41, 43, 12]",87,59,67.82,3,3.45,0,0.0,0,0.0,0,0.0,8,9.2,17,19.54,0,0.0,87
control_1,3.886,9.658,14.255,2.492,62.349,90.238,76.707,4.001,2kc8_A_l87_s45813_mpnn6_model2_af2pred,6.603,2kc8_A_l87_s45813_mpnn6_model2_af2pred,81,17,"[15, 47, 44, 48, 19, 50, 51, 22, 23, 26, 35, 36, 37, 39, 40, 43, 12]",87,58,66.67,3,3.45,0,0.0,0,0.0,0,0.0,8,9.2,18,20.69,0,0.0,87
control_1,3.922,9.243,11.436,3.335,66.373,90.314,78.766,58.103,2kc8_A_l88_s997824_mpnn2_model2_af2pred,4.372,2kc8_A_l88_s997824_mpnn2_model2_af2pred,33,21,"[58, 59, 61, 62, 65, 66, 68, 69, 70, 72, 73, 74, 76, 77, 27, 30, 31, 34, 35, 38, 42]",88,78,88.64,0,0.0,0,0.0,0,0.0,0,0.0,4,4.55,6,6.82,0,0.0,88
control_1,3.799,8.208,13.227,3.629,68.177,89.83,79.447,57.756,2kc8_A_l89_s253099_mpnn16_model1_af2pred,4.372,2kc8_A_l89_s253099_mpnn16_model1_af2pred,37,22,"[51, 54, 55, 58, 59, 61, 62, 65, 68, 69, 11, 15, 18, 19, 21, 22, 25, 26, 29, 32, 33, 37]",89,84,94.38,0,0.0,0,0.0,0,0.0,0,0.0,0,0.0,5,5.62,0,0.0,89
control_1,3.799,9.899,21.889,2.476,60.468,92.779,77.375,49.634,2kc8_A_l90_s173676_mpnn20_model2_af2pred,4.956,2kc8_A_l90_s173676_mpnn20_model2_af2pred,47,14,"[78, 15, 16, 79, 82, 19, 83, 53, 57, 68, 71, 72, 75, 76]",90,81,90.0,0,0.0,0,0.0,0,0.0,0,0.0,0,0.0,9,10.0,0,0.0,90
control_1,3.121,8.622,9.159,3.405,67.22,88.638,78.427,3.949,2kc8_A_l90_s180551_mpnn5_model1_af2pred,3.753,2kc8_A_l90_s180551_mpnn5_model1_af2pred,36,33,"[46, 48, 49, 50, 51, 52, 53, 55, 56, 59, 82, 1, 2, 3, 4, 8, 9, 12, 13, 18, 21, 22, 25, 28, 29, 32, 33, 36, 40, 41, 43, 44, 45]",90,75,83.33,0,0.0,0,0.0,0,0.0,0,0.0,6,6.67,9,10.0,0,0.0,90
control_1,4.325,10.315,20.26,2.532,58.907,89.834,75.089,3.996,2kc8_A_l90_s289967_mpnn8_model2_af2pred,5.043,2kc8_A_l90_s289967_mpnn8_model2_af2pred,72,18,"[78, 79, 80, 82, 83, 86, 87, 56, 57, 60, 64, 67, 70, 71, 72, 74, 75, 76]",90,71,78.89,3,3.33,0,0.0,0,0.0,0,0.0,8,8.89,8,8.89,0,0.0,90
control_1,3.746,9.894,14.398,5.137,62.692,86.65,75.359,58.308,2kc8_A_l92_s992341_mpnn4_model2_af2pred,4.622,2kc8_A_l92_s992341_mpnn4_model2_af2pred,21,22,"[48, 52, 56, 58, 59, 60, 62, 63, 66, 67, 69, 70, 73, 23, 26, 27, 30, 33, 34, 37, 38, 41]",92,79,85.87,0,0.0,0,0.0,0,0.0,0,0.0,4,4.35,9,9.78,0,0.0,92
control_1,4.286,8.27,11.44,4.857,68.861,88.273,79.125,4.199,2kc8_A_l92_s992341_mpnn7_model2_af2pred,5.296,2kc8_A_l92_s992341_mpnn7_model2_af2pred,64,23,"[47, 52, 55, 56, 59, 60, 62, 63, 65, 66, 67, 69, 70, 73, 23, 26, 27, 30, 33, 34, 37, 38, 41]",92,79,85.87,0,0.0,0,0.0,0,0.0,0,0.0,4,4.35,9,9.78,0,0.0,92
control_1,3.986,8.918,11.261,3.877,67.593,88.938,78.936,58.456,2kc8_A_l93_s980597_mpnn2_model2_af2pred,4.468,2kc8_A_l93_s980597_mpnn2_model2_af2pred,99,23,"[48, 52, 55, 56, 59, 60, 62, 63, 66, 67, 69, 70, 71, 73, 74, 77, 78, 81, 15, 18, 36, 39, 40]",93,73,78.49,0,0.0,0,0.0,0,0.0,0,0.0,8,8.6,12,12.9,0,0.0,93
control_1,4.091,8.456,10.052,3.745,70.612,90.392,81.124,4.145,2kc8_A_l93_s980597_mpnn3_model2_af2pred,4.273,2kc8_A_l93_s980597_mpnn3_model2_af2pred,11,22,"[48, 52, 55, 56, 58, 59, 60, 62, 63, 67, 69, 70, 71, 74, 77, 78, 81, 15, 18, 36, 39, 40]",93,73,78.49,0,0.0,0,0.0,0,0.0,0,0.0,8,8.6,12,12.9,0,0.0,93
control_1,3.625,7.964,12.184,3.86,69.893,89.564,80.399,49.349,2kc8_A_l94_s59062_mpnn16_model2_af2pred,4.263,2kc8_A_l94_s59062_mpnn16_model2_af2pred,34,21,"[64, 65, 68, 69, 72, 2, 4, 5, 7, 8, 10, 11, 12, 14, 15, 16, 17, 18, 19, 21, 22]",94,82,87.23,0,0.0,0,0.0,0,0.0,0,0.0,3,3.19,9,9.57,0,0.0,94
control_1,3.652,8.335,12.263,4.77,68.287,85.635,77.553,4.107,2kc8_A_l94_s59062_mpnn6_model2_af2pred,4.523,2kc8_A_l94_s59062_mpnn6_model2_af2pred,5,21,"[58, 64, 65, 68, 69, 72, 2, 4, 7, 8, 10, 11, 12, 14, 15, 16, 17, 18, 19, 21, 22]",94,84,89.36,0,0.0,0,0.0,0,0.0,0,0.0,0,0.0,10,10.64,0,0.0,94
control_1,3.359,6.09,8.356,2.622,78.529,93.151,86.415,59.301,2kc8_A_l96_s135324_mpnn12_model2_af2pred,4.278,2kc8_A_l96_s135324_mpnn12_model2_af2pred,73,18,"[78, 79, 80, 82, 83, 86, 89, 59, 93, 62, 63, 66, 69, 6, 73, 74, 70, 77]",96,71,73.96,0,0.0,0,0.0,0,0.0,0,0.0,7,7.29,18,18.75,0,0.0,96
control_1,3.392,6.028,8.074,2.496,79.244,93.647,87.012,4.243,2kc8_A_l96_s135324_mpnn6_model2_af2pred,4.221,2kc8_A_l96_s135324_mpnn6_model2_af2pred,63,18,"[78, 79, 80, 82, 83, 86, 89, 59, 93, 62, 63, 66, 69, 6, 73, 74, 70, 77]",96,71,73.96,0,0.0,0,0.0,0,0.0,0,0.0,7,7.29,18,18.75,0,0.0,96
control_1,3.499,9.845,20.83,4.074,61.839,91.181,77.739,52.95,2kc8_A_l97_s48255_mpnn2_model2_af2pred,9.679,2kc8_A_l97_s48255_mpnn2_model2_af2pred,15,12,"[53, 54, 57, 58, 61, 62, 64, 33, 34, 65, 37, 69]",97,91,93.81,0,0.0,0,0.0,0,0.0,0,0.0,4,4.12,2,2.06,0,0.0,97
control_1,3.432,10.582,19.211,4.125,58.54,90.27,75.734,4.252,2kc8_A_l97_s48255_mpnn3_model2_af2pred,4.378,2kc8_A_l97_s48255_mpnn3_model2_af2pred,95,17,"[76, 58, 61, 30, 62, 64, 33, 34, 65, 66, 37, 38, 68, 72, 73, 70, 69]",97,91,93.81,0,0.0,0,0.0,0,0.0,0,0.0,4,4.12,2,2.06,0,0.0,97
control_1,3.701,8.891,11.231,2.631,66.293,92.19,80.458,59.225,2kc8_A_l99_s209805_mpnn2_model1_af2pred,4.949,2kc8_A_l99_s209805_mpnn2_model1_af2pred,48,17,"[14, 39, 16, 17, 18, 46, 20, 21, 22, 24, 25, 6, 7, 40, 10, 43, 13]",99,88,88.89,0,0.0,0,0.0,0,0.0,0,0.0,3,3.03,8,8.08,0,0.0,99
control_1,3.684,7.15,9.536,2.803,73.424,92.27,83.732,4.352,2kc8_A_l99_s209805_mpnn4_model2_af2pred,4.465,2kc8_A_l99_s209805_mpnn4_model2_af2pred,40,18,"[14, 39, 16, 17, 18, 46, 20, 21, 23, 24, 25, 43, 6, 7, 9, 10, 11, 13]",99,88,88.89,0,0.0,0,0.0,0,0.0,0,0.0,3,3.03,8,8.08,0,0.0,99
control_1,3.969,9.033,14.415,2.223,64.131,93.126,80.274,4.421,2kc8_A_l103_s80478_mpnn7_model1_af2pred,5.768,2kc8_A_l103_s80478_mpnn7_model1_af2pred,1,16,"[20, 22, 57, 26, 60, 29, 30, 61, 64, 33, 34, 65, 68, 37, 69, 70]",103,77,74.76,3,2.91,0,0.0,0,0.0,0,0.0,4,3.88,19,18.45,0,0.0,103
control_1,3.767,10.286,16.248,2.778,59.871,91.88,77.768,56.667,2kc8_A_l104_s421608_mpnn1_model2_af2pred,4.513,2kc8_A_l104_s421608_mpnn1_model2_af2pred,84,16,"[23, 26, 27, 90, 91, 92, 95, 32, 33, 96, 35, 36, 37, 39, 40, 43]",104,86,82.69,0,0.0,0,0.0,0,0.0,0,0.0,4,3.85,14,13.46,0,0.0,104
control_1,3.828,10.586,17.397,2.592,58.453,92.497,77.488,4.397,2kc8_A_l104_s421608_mpnn2_model2_af2pred,4.884,2kc8_A_l104_s421608_mpnn2_model2_af2pred,45,14,"[23, 26, 90, 91, 92, 95, 32, 33, 96, 35, 36, 37, 39, 40]",104,86,82.69,0,0.0,0,0.0,0,0.0,0,0.0,4,3.85,14,13.46,0,0.0,104
control_1,3.602,10.737,15.901,4.234,58.132,85.805,73.605,4.377,2kc8_A_l104_s811389_mpnn1_model2_af2pred,7.442,2kc8_A_l104_s811389_mpnn1_model2_af2pred,70,23,"[65, 68, 69, 70, 72, 73, 76, 77, 79, 80, 83, 84, 92, 93, 95, 96, 97, 99, 100, 101, 103, 104, 2]",104,85,81.73,0,0.0,0,0.0,0,0.0,0,0.0,8,7.69,11,10.58,0,0.0,104
control_1,3.771,10.859,17.947,4.182,57.137,86.096,73.329,4.371,2kc8_A_l104_s811389_mpnn8_model2_af2pred,5.982,2kc8_A_l104_s811389_mpnn8_model2_af2pred,94,22,"[68, 69, 70, 72, 73, 76, 77, 79, 80, 83, 84, 92, 93, 95, 96, 97, 99, 100, 101, 103, 104, 2]",104,86,82.69,0,0.0,0,0.0,0,0.0,0,0.0,8,7.69,10,9.62,0,0.0,104
control_1,2.322,7.778,8.56,4.299,71.792,87.316,80.509,57.251,2kc8_A_l105_s469888_mpnn2_model2_af2pred,2.508,2kc8_A_l105_s469888_mpnn2_model2_af2pred,97,29,"[46, 47, 50, 51, 73, 74, 76, 77, 78, 80, 81, 82, 84, 85, 88, 89, 92, 96, 97, 98, 99, 22, 23, 26, 34, 35, 37, 38, 43]",105,74,70.48,9,8.57,0,0.0,0,0.0,0,0.0,8,7.62,14,13.33,0,0.0,105
control_1,3.51,6.873,8.667,2.567,74.43,93.441,85.105,4.446,2kc8_A_l105_s677264_mpnn19_model1_af2pred,3.869,2kc8_A_l105_s677264_mpnn19_model1_af2pred,4,23,"[50, 51, 53, 54, 58, 61, 62, 71, 72, 73, 76, 77, 79, 80, 83, 84, 87, 88, 98, 99, 103, 104, 105]",105,84,80.0,3,2.86,0,0.0,0,0.0,0,0.0,4,3.81,14,13.33,0,0.0,105
control_1,5.001,9.625,11.935,3.337,64.402,90.395,79.057,52.929,2kc8_A_l106_s416984_mpnn1_model2_af2pred,5.398,2kc8_A_l106_s416984_mpnn1_model2_af2pred,69,19,"[61, 65, 66, 68, 69, 71, 72, 73, 75, 76, 79, 80, 82, 83, 86, 100, 101, 104, 105]",106,89,83.96,0,0.0,0,0.0,0,0.0,0,0.0,7,6.6,10,9.43,0,0.0,106
control_1,4.816,9.427,10.986,2.684,65.395,92.799,80.846,4.351,2kc8_A_l106_s416984_mpnn2_model2_af2pred,5.322,2kc8_A_l106_s416984_mpnn2_model2_af2pred,28,19,"[61, 65, 66, 68, 69, 71, 72, 73, 75, 76, 79, 80, 82, 83, 86, 100, 101, 104, 105]",106,88,83.02,3,2.83,0,0.0,0,0.0,0,0.0,3,2.83,12,11.32,0,0.0,106
control_1,3.727,9.184,13.353,3.96,64.619,84.618,73.612,3.546,2kc8_A_l67_s371509_mpnn7_model2_af2pred,4.572,2kc8_A_l67_s371509_mpnn7_model2_af2pred,55,16,"[15, 16, 18, 19, 20, 22, 26, 27, 3, 4, 5, 6, 9, 11, 12, 13]",67,37,55.22,3,4.48,0,0.0,8,11.94,0,0.0,14,20.9,5,7.46,0,0.0,67
control_1,2.355,8.103,8.367,2.942,71.136,89.806,79.531,3.524,2kc8_A_l67_s724335_mpnn4_model2_af2pred,2.576,2kc8_A_l67_s724335_mpnn4_model2_af2pred,98,17,"[15, 16, 19, 41, 31, 34, 35, 4, 5, 38, 7, 8, 9, 42, 11, 12, 45]",67,58,86.57,0,0.0,0,0.0,0,0.0,0,0.0,5,7.46,4,5.97,0,0.0,67
control_1,2.035,5.913,6.695,2.918,81.664,91.055,85.887,3.585,2kc8_A_l67_s724335_mpnn8_model2_af2pred,3.041,2kc8_A_l67_s724335_mpnn8_model2_af2pred,92,17,"[14, 15, 16, 19, 41, 31, 34, 35, 4, 5, 38, 8, 9, 42, 11, 12, 45]",67,59,88.06,0,0.0,0,0.0,0,0.0,0,0.0,3,4.48,5,7.46,0,0.0,67
control_1,3.971,10.182,19.503,2.67,59.262,88.14,72.561,49.032,2kc8_A_l70_s352286_mpnn1_model2_af2pred,7.379,2kc8_A_l70_s352286_mpnn1_model2_af2pred,16,10,"[49, 53, 56, 57, 27, 60, 31, 34, 38, 42]",70,57,81.43,0,0.0,0,0.0,0,0.0,0,0.0,4,5.71,9,12.86,0,0.0,70
control_1,3.725,9.842,19.111,2.328,60.48,89.889,74.024,3.558,2kc8_A_l70_s352286_mpnn3_model2_af2pred,8.239,2kc8_A_l70_s352286_mpnn3_model2_af2pred,39,12,"[52, 53, 56, 57, 27, 60, 30, 31, 34, 38, 41, 42]",70,57,81.43,0,0.0,0,0.0,0,0.0,0,0.0,4,5.71,9,12.86,0,0.0,70
control_1,3.609,7.02,9.827,3.146,74.057,89.564,81.413,52.848,2kc8_A_l74_s865123_mpnn6_model2_af2pred,4.592,2kc8_A_l74_s865123_mpnn6_model2_af2pred,82,16,"[15, 16, 17, 19, 20, 52, 53, 1, 2, 5, 6, 8, 9, 10, 12, 13]",74,46,62.16,3,4.05,0,0.0,4,5.41,1,1.35,11,14.86,9,12.16,0,0.0,74
control_1,3.629,8.326,10.343,2.408,68.649,91.522,79.726,57.125,2kc8_A_l77_s201833_mpnn1_model2_af2pred,4.244,2kc8_A_l77_s201833_mpnn1_model2_af2pred,31,24,"[46, 48, 49, 51, 52, 53, 75, 76, 2, 6, 9, 10, 13, 14, 31, 34, 35, 37, 38, 40, 41, 42, 44, 45]",77,62,80.52,0,0.0,0,0.0,0,0.0,0,0.0,9,11.69,6,7.79,0,0.0,77
control_1,3.354,6.782,8.254,2.243,75.248,93.143,83.914,3.77,2kc8_A_l77_s201833_mpnn2_model2_af2pred,3.853,2kc8_A_l77_s201833_mpnn2_model2_af2pred,66,19,"[46, 48, 49, 53, 6, 9, 10, 13, 14, 31, 34, 35, 37, 38, 40, 41, 42, 44, 45]",77,62,80.52,0,0.0,0,0.0,0,0.0,0,0.0,9,11.69,6,7.79,0,0.0,77
control_1,3.783,8.954,14.686,2.801,64.673,89.682,76.784,3.752,2kc8_A_l77_s76916_mpnn4_model1_af2pred,4.89,2kc8_A_l77_s76916_mpnn4_model1_af2pred,20,14,"[46, 57, 60, 61, 31, 32, 64, 65, 35, 36, 39, 40, 42, 43]",77,62,80.52,3,3.9,0,0.0,0,0.0,0,0.0,7,9.09,5,6.49,0,0.0,77
control_1,3.831,6.333,7.877,2.794,78.826,92.613,85.502,3.72,2kc8_A_l77_s76916_mpnn5_model2_af2pred,5.119,2kc8_A_l77_s76916_mpnn5_model2_af2pred,29,16,"[46, 57, 60, 61, 31, 32, 64, 65, 35, 36, 68, 39, 40, 42, 43, 44]",77,61,79.22,3,3.9,0,0.0,0,0.0,0,0.0,8,10.39,5,6.49,0,0.0,77
control_1,4.161,7.728,8.023,2.635,72.782,92.641,82.464,52.495,2kc8_A_l78_s953579_mpnn12_model2_af2pred,4.798,2kc8_A_l78_s953579_mpnn12_model2_af2pred,83,19,"[55, 57, 60, 61, 64, 65, 68, 9, 10, 13, 14, 16, 17, 19, 20, 21, 23, 24, 28]",78,71,91.03,0,0.0,0,0.0,0,0.0,0,0.0,0,0.0,7,8.97,0,0.0,78
control_1,3.507,5.137,6.577,2.726,84.344,92.67,88.403,3.643,2kc8_A_l78_s953579_mpnn15_model1_af2pred,4.132,2kc8_A_l78_s953579_mpnn15_model1_af2pred,10,20,"[57, 61, 64, 65, 68, 3, 6, 9, 10, 12, 13, 14, 16, 17, 19, 20, 21, 23, 24, 28]",78,71,91.03,0,0.0,0,0.0,0,0.0,0,0.0,0,0.0,7,8.97,0,0.0,78
control_1,3.79,11.527,21.526,2.867,54.588,88.452,71.204,57.215,2kc8_A_l79_s616296_mpnn1_model1_af2pred,6.528,2kc8_A_l79_s616296_mpnn1_model1_af2pred,0,7,"[46, 47, 53, 66, 67, 70, 74]",79,70,88.61,0,0.0,0,0.0,0,0.0,0,0.0,3,3.8,6,7.59,0,0.0,79
control_1,3.789,10.086,19.191,2.388,59.034,90.277,74.364,3.822,2kc8_A_l79_s616296_mpnn6_model2_af2pred,4.772,2kc8_A_l79_s616296_mpnn6_model2_af2pred,86,12,"[46, 47, 53, 59, 63, 66, 67, 70, 71, 74, 43, 77]",79,70,88.61,0,0.0,0,0.0,0,0.0,0,0.0,3,3.8,6,7.59,0,0.0,79
control_1,3.397,8.61,12.611,4.186,66.724,86.472,76.414,3.806,2kc8_A_l79_s782689_mpnn2_model2_af2pred,5.242,2kc8_A_l79_s782689_mpnn2_model2_af2pred,80,26,"[57, 58, 61, 65, 72, 73, 76, 1, 4, 9, 10, 12, 13, 14, 16, 17, 18, 20, 21, 22, 23, 24, 25, 27, 28, 31]",79,71,89.87,0,0.0,0,0.0,0,0.0,0,0.0,0,0.0,8,10.13,0,0.0,79
control_1,3.961,9.427,12.717,3.31,62.393,87.336,74.632,3.869,2kc8_A_l79_s966989_mpnn1_model1_af2pred,5.194,2kc8_A_l79_s966989_mpnn1_model1_af2pred,79,22,"[46, 50, 55, 58, 61, 62, 64, 65, 68, 73, 3, 6, 7, 8, 10, 11, 14, 15, 17, 18, 21, 22]",79,69,87.34,3,3.8,0,0.0,0,0.0,0,0.0,2,2.53,5,6.33,0,0.0,79
control_1,5.456,9.619,11.34,2.596,63.484,90.415,76.698,3.808,2kc8_A_l79_s966989_mpnn4_model2_af2pred,6.515,2kc8_A_l79_s966989_mpnn4_model2_af2pred,22,22,"[46, 50, 53, 55, 58, 61, 62, 65, 68, 72, 3, 6, 7, 8, 10, 11, 14, 15, 17, 18, 21, 22]",79,67,84.81,0,0.0,0,0.0,0,0.0,0,0.0,8,10.13,4,5.06,0,0.0,79
control_1,3.205,5.942,6.921,2.81,80.263,92.263,86.226,57.168,2kc8_A_l81_s440941_mpnn1_model2_af2pred,3.537,2kc8_A_l81_s440941_mpnn1_model2_af2pred,12,23,"[69, 72, 73, 76, 77, 79, 80, 13, 14, 17, 18, 20, 21, 23, 24, 25, 27, 28, 30, 31, 32, 33, 35]",81,57,70.37,6,7.41,0,0.0,0,0.0,0,0.0,3,3.7,15,18.52,0,0.0,81
control_1,3.401,6.197,7.289,2.729,79.038,92.164,85.561,3.867,2kc8_A_l81_s440941_mpnn4_model2_af2pred,3.776,2kc8_A_l81_s440941_mpnn4_model2_af2pred,57,23,"[69, 72, 73, 76, 77, 79, 80, 13, 14, 17, 18, 20, 21, 23, 24, 25, 27, 28, 30, 31, 32, 33, 35]",81,59,72.84,3,3.7,0,0.0,0,0.0,0,0.0,4,4.94,15,18.52,0,0.0,81
control_1,4.731,10.404,16.311,3.17,57.788,86.815,72.212,3.858,2kc8_A_l81_s491467_mpnn4_model2_af2pred,5.522,2kc8_A_l81_s491467_mpnn4_model2_af2pred,59,23,"[57, 60, 64, 67, 71, 72, 73, 74, 75, 77, 78, 79, 81, 27, 30, 31, 34, 37, 38, 41, 42, 44, 45]",81,71,87.65,0,0.0,0,0.0,0,0.0,0,0.0,0,0.0,10,12.35,0,0.0,81
control_1,4.322,10.134,17.266,3.021,59.137,87.997,73.478,3.842,2kc8_A_l81_s491467_mpnn9_model1_af2pred,5.576,2kc8_A_l81_s491467_mpnn9_model1_af2pred,60,21,"[64, 67, 71, 72, 74, 75, 76, 77, 78, 79, 81, 27, 30, 31, 34, 35, 37, 38, 41, 42, 45]",81,71,87.65,0,0.0,0,0.0,0,0.0,0,0.0,0,0.0,10,12.35,0,0.0,81
control_1,3.732,8.437,13.155,4.001,66.785,88.228,77.507,53.352,2kc8_A_l82_s272576_mpnn1_model2_af2pred,4.922,2kc8_A_l82_s272576_mpnn1_model2_af2pred,26,20,"[49, 52, 53, 55, 56, 59, 60, 63, 66, 67, 70, 24, 27, 28, 31, 34, 35, 38, 39, 45]",82,74,90.24,0,0.0,0,0.0,0,0.0,0,0.0,4,4.88,4,4.88,0,0.0,82
control_1,3.875,7.594,11.569,4.204,71.18,87.88,79.53,3.796,2kc8_A_l82_s272576_mpnn3_model2_af2pred,4.807,2kc8_A_l82_s272576_mpnn3_model2_af2pred,52,23,"[49, 52, 53, 55, 56, 59, 60, 62, 63, 64, 66, 67, 70, 20, 24, 27, 28, 31, 34, 35, 38, 39, 45]",82,74,90.24,0,0.0,0,0.0,0,0.0,0,0.0,4,4.88,4,4.88,0,0.0,82
control_1,5.378,9.919,12.378,4.384,62.507,88.388,77.219,56.22,2kc8_A_l108_s465965_mpnn1_model2_af2pred,7.179,2kc8_A_l108_s465965_mpnn1_model2_af2pred,87,22,"[93, 97, 100, 104, 108, 2, 22, 23, 24, 26, 27, 29, 30, 32, 33, 34, 36, 37, 39, 40, 41, 44]",108,83,76.85,0,0.0,0,0.0,0,0.0,0,0.0,8,7.41,17,15.74,0,0.0,108
control_1,4.226,10.83,14.397,4.593,58.14,86.973,74.53,4.511,2kc8_A_l108_s465965_mpnn2_model2_af2pred,5.487,2kc8_A_l108_s465965_mpnn2_model2_af2pred,53,21,"[93, 97, 100, 104, 108, 1, 2, 19, 22, 23, 26, 27, 29, 30, 32, 33, 34, 36, 37, 40, 41]",108,87,80.56,0,0.0,0,0.0,0,0.0,0,0.0,6,5.56,15,13.89,0,0.0,108
control_1,3.84,9.387,13.661,2.459,63.696,92.751,80.277,57.503,2kc8_A_l109_s96624_mpnn4_model2_af2pred,4.373,2kc8_A_l109_s96624_mpnn4_model2_af2pred,74,20,"[72, 76, 77, 79, 80, 82, 85, 89, 90, 92, 93, 94, 96, 97, 98, 100, 14, 18, 21, 25]",109,97,88.99,0,0.0,0,0.0,0,0.0,0,0.0,0,0.0,12,11.01,0,0.0,109
control_1,3.824,9.635,13.397,2.355,62.492,93.083,79.95,4.542,2kc8_A_l109_s96624_mpnn5_model1_af2pred,4.609,2kc8_A_l109_s96624_mpnn5_model1_af2pred,71,24,"[72, 76, 77, 79, 80, 82, 85, 89, 90, 92, 93, 94, 96, 97, 98, 100, 101, 103, 104, 14, 17, 18, 21, 25]",109,97,88.99,0,0.0,0,0.0,0,0.0,0,0.0,0,0.0,12,11.01,0,0.0,109
control_1,4.331,9.033,10.447,3.01,66.723,91.796,81.143,56.849,2kc8_A_l111_s532988_mpnn3_model1_af2pred,4.773,2kc8_A_l111_s532988_mpnn3_model1_af2pred,51,18,"[80, 81, 82, 84, 85, 22, 86, 24, 25, 88, 89, 28, 92, 93, 95, 96, 99, 75]",111,88,79.28,4,3.6,0,0.0,0,0.0,0,0.0,4,3.6,15,13.51,0,0.0,111
control_1,4.193,9.625,10.998,2.783,64.242,92.285,80.37,4.626,2kc8_A_l111_s532988_mpnn5_model2_af2pred,4.951,2kc8_A_l111_s532988_mpnn5_model2_af2pred,41,19,"[75, 80, 81, 82, 84, 85, 86, 88, 89, 91, 92, 93, 95, 96, 99, 22, 24, 25, 28]",111,88,79.28,0,0.0,0,0.0,0,0.0,0,0.0,10,9.01,13,11.71,0,0.0,111
control_1,3.581,6.639,8.649,2.956,77.738,93.535,86.858,57.204,2kc8_A_l112_s698003_mpnn2_model2_af2pred,4.321,2kc8_A_l112_s698003_mpnn2_model2_af2pred,7,20,"[51, 55, 58, 59, 62, 67, 68, 71, 72, 74, 75, 76, 77, 81, 82, 85, 86, 89, 90, 93]",112,96,85.71,3,2.68,0,0.0,0,0.0,0,0.0,2,1.79,11,9.82,0,0.0,112
control_1,3.776,8.427,11.599,2.863,68.407,92.813,82.497,4.643,2kc8_A_l112_s698003_mpnn6_model1_af2pred,4.345,2kc8_A_l112_s698003_mpnn6_model1_af2pred,58,21,"[51, 55, 58, 59, 62, 67, 68, 71, 72, 74, 75, 76, 77, 81, 82, 85, 86, 87, 89, 90, 93]",112,96,85.71,3,2.68,0,0.0,0,0.0,0,0.0,2,1.79,11,9.82,0,0.0,112
control_1,3.998,9.366,15.119,3.814,63.268,90.372,78.975,57.42,2kc8_A_l113_s56038_mpnn9_model1_af2pred,5.832,2kc8_A_l113_s56038_mpnn9_model1_af2pred,19,19,"[74, 77, 82, 83, 86, 87, 88, 90, 91, 92, 94, 95, 98, 99, 101, 37, 38, 40, 41]",113,90,79.65,3,2.65,0,0.0,0,0.0,0,0.0,7,6.19,13,11.5,0,0.0,113
control_1,3.699,9.448,22.314,3.797,62.68,90.481,78.85,52.133,2kc8_A_l114_s196857_mpnn13_model1_af2pred,6.611,2kc8_A_l114_s196857_mpnn13_model1_af2pred,65,11,"[16, 17, 20, 23, 4, 68, 71, 72, 74, 12, 13]",114,98,85.96,0,0.0,0,0.0,0,0.0,0,0.0,4,3.51,12,10.53,0,0.0,114
control_1,3.364,5.411,7.312,2.829,82.551,93.387,88.854,4.575,2kc8_A_l114_s792785_mpnn17_model2_af2pred,4.346,2kc8_A_l114_s792785_mpnn17_model2_af2pred,25,21,"[66, 70, 71, 73, 74, 77, 83, 85, 86, 89, 90, 93, 94, 96, 97, 98, 103, 104, 107, 110, 114]",114,89,78.07,0,0.0,0,0.0,0,0.0,0,0.0,12,10.53,13,11.4,0,0.0,114
control_1,3.48,5.647,7.752,2.835,81.403,93.131,88.225,4.532,2kc8_A_l114_s792785_mpnn20_model2_af2pred,4.583,2kc8_A_l114_s792785_mpnn20_model2_af2pred,43,22,"[66, 70, 71, 73, 74, 77, 83, 85, 86, 89, 90, 93, 94, 96, 97, 98, 103, 104, 107, 110, 111, 114]",114,88,77.19,0,0.0,0,0.0,0,0.0,0,0.0,12,10.53,14,12.28,0,0.0,114
control_1,3.466,9.657,11.737,3.17,64.443,83.938,71.449,52.424,2kc8_A_l46_s846094_mpnn1_model2_af2pred,6.639,2kc8_A_l46_s846094_mpnn1_model2_af2pred,32,14,"[14, 15, 17, 18, 19, 21, 22, 25, 45, 7, 41, 10, 11, 13]",46,42,91.3,0,0.0,0,0.0,0,0.0,0,0.0,0,0.0,4,8.7,0,0.0,46
control_1,3.611,9.644,12.772,3.4,64.0,81.689,70.357,2.975,2kc8_A_l46_s846094_mpnn3_model2_af2pred,7.454,2kc8_A_l46_s846094_mpnn3_model2_af2pred,2,14,"[14, 15, 17, 18, 19, 21, 22, 25, 45, 7, 41, 10, 11, 13]",46,42,91.3,0,0.0,0,0.0,0,0.0,0,0.0,0,0.0,4,8.7,0,0.0,46
control_1,2.796,8.649,10.229,4.232,69.126,81.488,73.691,54.4,2kc8_A_l48_s411326_mpnn4_model1_af2pred,3.004,2kc8_A_l48_s411326_mpnn4_model1_af2pred,61,23,"[47, 3, 4, 7, 8, 10, 11, 12, 14, 15, 16, 18, 19, 21, 23, 26, 27, 30, 33, 34, 37, 38, 41]",48,41,85.42,0,0.0,0,0.0,0,0.0,0,0.0,3,6.25,4,8.33,0,0.0,48
control_1,2.905,6.713,8.445,4.352,79.038,84.675,81.119,3.116,2kc8_A_l48_s411326_mpnn9_model1_af2pred,3.213,2kc8_A_l48_s411326_mpnn9_model1_af2pred,54,23,"[3, 4, 7, 8, 10, 11, 12, 14, 15, 16, 18, 19, 21, 23, 26, 27, 30, 31, 33, 34, 37, 38, 41]",48,42,87.5,0,0.0,0,0.0,0,0.0,0,0.0,0,0.0,6,12.5,0,0.0,48
control_1,3.713,7.817,10.817,3.068,71.14,87.364,77.361,57.264,2kc8_A_l51_s420307_mpnn2_model2_af2pred,6.126,2kc8_A_l51_s420307_mpnn2_model2_af2pred,8,12,"[14, 25, 26, 28, 29, 30, 32, 33, 4, 37, 7, 11]",51,43,84.31,0,0.0,0,0.0,0,0.0,0,0.0,4,7.84,4,7.84,0,0.0,51
control_1,3.791,8.412,11.819,2.477,68.53,88.607,76.229,3.218,2kc8_A_l51_s420307_mpnn5_model2_af2pred,6.062,2kc8_A_l51_s420307_mpnn5_model2_af2pred,30,13,"[14, 23, 25, 26, 28, 29, 30, 32, 33, 4, 37, 7, 11]",51,43,84.31,0,0.0,0,0.0,0,0.0,0,0.0,4,7.84,4,7.84,0,0.0,51
control_1,4.378,10.724,13.231,3.901,58.838,74.894,65.556,54.853,2kc8_A_l59_s206628_mpnn2_model2_af2pred,5.044,2kc8_A_l59_s206628_mpnn2_model2_af2pred,14,27,"[46, 47, 48, 49, 52, 55, 56, 59, 1, 5, 8, 12, 15, 16, 19, 25, 28, 29, 31, 32, 35, 36, 39, 40, 43, 44, 45]",59,48,81.36,0,0.0,0,0.0,2,3.39,0,0.0,4,6.78,5,8.47,0,0.0,59
control_1,3.643,9.863,11.021,4.203,63.655,78.91,70.038,3.384,2kc8_A_l59_s206628_mpnn4_model2_af2pred,4.602,2kc8_A_l59_s206628_mpnn4_model2_af2pred,89,27,"[46, 47, 48, 49, 52, 55, 56, 59, 1, 5, 8, 12, 15, 16, 19, 20, 25, 28, 29, 31, 32, 36, 39, 40, 43, 44, 45]",59,48,81.36,0,0.0,0,0.0,3,5.08,0,0.0,4,6.78,4,6.78,0,0.0,59
control_1,3.879,9.512,12.624,2.964,64.089,92.091,79.68,55.852,2kc8_A_l103_s321469_mpnn1_model2_af2pred,4.978,2kc8_A_l103_s321469_mpnn1_model2_af2pred,38,19,"[46, 48, 49, 50, 52, 53, 55, 59, 24, 28, 31, 32, 33, 37, 40, 41, 42, 44, 45]",103,86,83.5,0,0.0,0,0.0,0,0.0,0,0.0,7,6.8,10,9.71,0,0.0,103
control_1,4.303,9.249,11.515,2.958,66.724,92.375,81.005,4.405,2kc8_A_l103_s321469_mpnn2_model2_af2pred,5.376,2kc8_A_l103_s321469_mpnn2_model2_af2pred,96,19,"[46, 48, 49, 50, 52, 53, 55, 56, 59, 28, 31, 32, 33, 37, 40, 41, 42, 44, 45]",103,85,82.52,0,0.0,0,0.0,0,0.0,0,0.0,7,6.8,11,10.68,0,0.0,103
control_1,3.964,8.34,9.513,3.102,68.209,90.976,80.885,4.39,2kc8_A_l103_s503369_mpnn13_model2_af2pred,5.139,2kc8_A_l103_s503369_mpnn13_model2_af2pred,49,28,"[46, 50, 53, 56, 58, 59, 60, 61, 62, 65, 66, 68, 69, 71, 72, 73, 79, 20, 23, 26, 27, 29, 35, 38, 39, 42, 43, 45]",103,80,77.67,4,3.88,0,0.0,0,0.0,1,0.97,0,0.0,18,17.48,0,0.0,103
control_1,4.559,9.898,16.266,2.865,60.626,90.3,77.147,4.39,2kc8_A_l103_s794968_mpnn4_model2_af2pred,6.629,2kc8_A_l103_s794968_mpnn4_model2_af2pred,3,21,"[62, 65, 66, 1, 2, 4, 5, 9, 12, 13, 14, 16, 17, 19, 20, 21, 23, 24, 25, 42, 44]",103,78,75.73,3,2.91,0,0.0,0,0.0,0,0.0,4,3.88,18,17.48,0,0.0,103
control_1,3.881,8.682,14.37,2.29,65.888,93.061,81.017,4.365,2kc8_A_l103_s80478_mpnn1_model2_af2pred,6.44,2kc8_A_l103_s80478_mpnn1_model2_af2pred,27,16,"[22, 23, 57, 26, 60, 29, 30, 61, 64, 33, 34, 65, 68, 37, 69, 70]",103,77,74.76,3,2.91,0,0.0,0,0.0,0,0.0,4,3.88,19,18.45,0,0.0,103
control_1,3.512,8.45,11.357,3.897,67.539,87.771,77.655,3.724,2kc8_A_l82_s658800_mpnn3_model2_af2pred,6.858,2kc8_A_l82_s658800_mpnn3_model2_af2pred,85,23,"[48, 49, 51, 52, 53, 56, 60, 63, 67, 16, 17, 20, 21, 23, 24, 25, 27, 28, 29, 31, 32, 35, 36]",82,73,89.02,0,0.0,0,0.0,0,0.0,0,0.0,0,0.0,9,10.98,0,0.0,82
control_1,3.323,8.552,11.045,3.434,67.39,89.252,78.321,3.737,2kc8_A_l82_s658800_mpnn5_model2_af2pred,5.42,2kc8_A_l82_s658800_mpnn5_model2_af2pred,9,24,"[48, 49, 51, 52, 53, 56, 63, 67, 9, 13, 16, 17, 20, 21, 23, 24, 25, 27, 28, 31, 32, 35, 36, 39]",82,74,90.24,0,0.0,0,0.0,0,0.0,0,0.0,0,0.0,8,9.76,0,0.0,82
control_1,3.926,8.302,9.609,2.875,70.507,91.379,81.069,53.723,2kc8_A_l84_s456084_mpnn14_model2_af2pred,4.266,2kc8_A_l84_s456084_mpnn14_model2_af2pred,93,25,"[52, 60, 61, 63, 64, 66, 67, 68, 70, 71, 72, 74, 75, 77, 78, 79, 81, 82, 1, 4, 5, 6, 10, 13, 14]",84,64,76.19,3,3.57,0,0.0,0,0.0,2,2.38,4,4.76,11,13.1,0,0.0,84
control_1,3.543,11.082,19.194,4.249,56.086,79.397,66.214,3.446,2kc8_A_l63_s70906_mpnn3_model2_af2pred,4.807,2kc8_A_l63_s70906_mpnn3_model2_af2pred,46,17,"[14, 16, 17, 20, 21, 24, 25, 41, 45, 29, 62, 63, 34, 35, 9, 10, 13]",63,40,63.49,4,6.35,0,0.0,0,0.0,0,0.0,0,0.0,19,30.16,0,0.0,63
control_1,3.57,10.643,18.864,3.714,57.536,83.536,69.227,58.149,2kc8_A_l67_s305468_mpnn3_model1_af2pred,7.392,2kc8_A_l67_s305468_mpnn3_model1_af2pred,88,18,"[14, 15, 17, 18, 21, 38, 30, 33, 34, 67, 4, 37, 6, 7, 41, 10, 11, 45]",67,53,79.1,3,4.48,0,0.0,0,0.0,0,0.0,3,4.48,8,11.94,0,0.0,67
control_1,3.713,9.566,12.487,3.365,63.248,84.786,72.933,3.546,2kc8_A_l67_s305468_mpnn5_model1_af2pred,6.319,2kc8_A_l67_s305468_mpnn5_model1_af2pred,18,21,"[67, 1, 3, 4, 6, 7, 8, 10, 11, 12, 13, 14, 18, 30, 33, 34, 35, 38, 41, 42, 45]",67,54,80.6,3,4.48,0,0.0,0,0.0,0,0.0,3,4.48,7,10.45,0,0.0,67
control_1,3.776,7.875,10.476,3.199,71.507,92.376,82.973,60.049,2kc8_A_l100_s681666_mpnn1_model2_af2pred,5.056,2kc8_A_l100_s681666_mpnn1_model2_af2pred,77,25,"[73, 74, 78, 80, 81, 83, 84, 85, 87, 88, 89, 91, 92, 93, 94, 95, 98, 19, 23, 26, 27, 30, 31, 34, 36]",100,89,89.0,0,0.0,0,0.0,0,0.0,0,0.0,4,4.0,7,7.0,0,0.0,100
control_2,4.032,7.38,8.619,3.053,74.113,88.725,79.979,54.772,2kc8_A_l55_s205991_mpnn5_model1_af2pred,5.283,2kc8_A_l55_s205991_mpnn5_model1_af2pred,78,21,"[46, 47, 48, 49, 51, 52, 53, 55, 4, 11, 14, 15, 18, 22, 37, 38, 40, 41, 42, 44, 45]",55,50,90.91,0,0.0,0,0.0,0,0.0,0,0.0,0,0.0,5,9.09,0,0.0,55
control_2,4.008,7.433,8.586,3.026,73.971,89.097,80.044,5.661,2kc8_A_l55_s205991_mpnn8_model2_af2pred,4.589,2kc8_A_l55_s205991_mpnn8_model2_af2pred,75,21,"[46, 47, 48, 49, 51, 52, 53, 55, 11, 14, 15, 18, 25, 33, 37, 38, 40, 41, 42, 44, 45]",55,50,90.91,0,0.0,0,0.0,0,0.0,0,0.0,0,0.0,5,9.09,0,0.0,55
control_2,3.823,8.169,8.917,2.438,71.418,92.788,80.36,54.344,2kc8_A_l59_s117171_mpnn1_model2_af2pred,4.416,2kc8_A_l59_s117171_mpnn1_model2_af2pred,83,19,"[46, 50, 12, 16, 19, 22, 23, 28, 29, 32, 33, 35, 36, 37, 39, 40, 41, 43, 44]",59,53,89.83,0,0.0,0,0.0,0,0.0,0,0.0,0,0.0,6,10.17,0,0.0,59
control_2,4.024,8.546,12.296,2.313,67.49,93.778,82.667,4.709,2kc8_A_l112_s56734_mpnn6_model2_af2pred,6.309,2kc8_A_l112_s56734_mpnn6_model2_af2pred,22,20,"[93, 1, 3, 4, 6, 7, 15, 16, 18, 19, 20, 22, 23, 24, 26, 27, 30, 31, 33, 34]",112,76,67.86,3,2.68,0,0.0,0,0.0,0,0.0,16,14.29,17,15.18,0,0.0,112
control_2,3.856,7.932,9.44,2.733,70.62,92.809,82.866,4.287,2kc8_A_l101_s763873_mpnn10_model2_af2pred,4.198,2kc8_A_l101_s763873_mpnn10_model2_af2pred,55,25,"[47, 50, 51, 53, 54, 57, 61, 94, 13, 16, 17, 18, 19, 20, 21, 22, 23, 24, 25, 26, 27, 28, 29, 38, 43]",101,77,76.24,0,0.0,0,0.0,0,0.0,2,1.98,4,3.96,18,17.82,0,0.0,101
control_2,4.12,9.844,16.215,3.442,60.806,88.801,76.393,54.972,2kc8_A_l103_s101417_mpnn16_model2_af2pred,6.998,2kc8_A_l103_s101417_mpnn16_model2_af2pred,23,18,"[14, 16, 17, 18, 20, 21, 24, 27, 95, 64, 96, 97, 4, 6, 7, 9, 10, 13]",103,68,66.02,0,0.0,0,0.0,0,0.0,0,0.0,8,7.77,27,26.21,0,0.0,103
control_2,4.162,9.998,16.901,2.863,59.271,90.697,76.768,4.366,2kc8_A_l103_s101417_mpnn6_model2_af2pred,6.703,2kc8_A_l103_s101417_mpnn6_model2_af2pred,50,20,"[64, 66, 94, 95, 100, 1, 4, 6, 7, 9, 10, 13, 14, 16, 17, 18, 20, 21, 24, 27]",103,68,66.02,0,0.0,0,0.0,0,0.0,0,0.0,8,7.77,27,26.21,0,0.0,103
control_2,4.09,9.308,21.914,2.786,62.151,91.983,78.761,4.362,2kc8_A_l103_s292510_mpnn10_model2_af2pred,6.593,2kc8_A_l103_s292510_mpnn10_model2_af2pred,87,11,"[78, 79, 81, 82, 83, 85, 86, 89, 90, 36, 75]",103,80,77.67,6,5.83,0,0.0,0,0.0,0,0.0,0,0.0,17,16.5,0,0.0,103
control_2,4.617,9.723,13.543,2.834,63.216,91.318,78.862,4.345,2kc8_A_l103_s292510_mpnn6_model1_af2pred,5.151,2kc8_A_l103_s292510_mpnn6_model1_af2pred,74,20,"[71, 72, 73, 75, 76, 78, 79, 81, 82, 83, 85, 86, 89, 90, 92, 93, 96, 35, 36, 37]",103,80,77.67,6,5.83,0,0.0,0,0.0,0,0.0,0,0.0,17,16.5,0,0.0,103
control_2,3.11,6.684,9.561,4.085,74.818,89.897,83.556,56.471,2kc8_A_l113_s359044_mpnn3_model2_af2pred,3.463,2kc8_A_l113_s359044_mpnn3_model2_af2pred,48,26,"[83, 87, 90, 93, 94, 98, 101, 102, 104, 105, 106, 108, 109, 112, 113, 1, 2, 4, 5, 8, 9, 12, 15, 16, 17, 19]",113,96,84.96,0,0.0,0,0.0,0,0.0,0,0.0,12,10.62,5,4.42,0,0.0,113
control_2,3.118,7.209,10.684,3.984,72.165,89.262,82.072,4.628,2kc8_A_l113_s359044_mpnn6_model2_af2pred,3.312,2kc8_A_l113_s359044_mpnn6_model2_af2pred,93,27,"[83, 89, 90, 91, 93, 94, 98, 101, 102, 104, 105, 108, 109, 112, 113, 1, 2, 4, 5, 8, 9, 12, 14, 15, 16, 17, 19]",113,96,84.96,3,2.65,0,0.0,0,0.0,0,0.0,8,7.08,6,5.31,0,0.0,113
control_2,3.169,9.423,14.153,3.683,63.777,72.763,66.961,54.911,2kc8_A_l45_s784476_mpnn6_model2_af2pred,5.785,2kc8_A_l45_s784476_mpnn6_model2_af2pred,95,18,"[19, 40, 23, 26, 27, 29, 30, 31, 32, 33, 2, 3, 4, 7, 8, 43, 44, 45]",45,34,75.56,0,0.0,0,0.0,0,0.0,0,0.0,0,0.0,11,24.44,0,0.0,45
control_2,3.69,11.192,20.694,4.854,54.993,68.622,59.891,50.861,2kc8_A_l46_s108268_mpnn11_model1_af2pred,5.299,2kc8_A_l46_s108268_mpnn11_model1_af2pred,66,13,"[15, 19, 22, 23, 26, 28, 32, 2, 35, 36, 43, 39, 11]",46,31,67.39,0,0.0,0,0.0,0,0.0,0,0.0,5,10.87,10,21.74,0,0.0,46
control_2,3.451,5.665,8.098,3.816,81.321,86.455,83.166,2.931,2kc8_A_l46_s415104_mpnn1_model1_af2pred,3.868,2kc8_A_l46_s415104_mpnn1_model1_af2pred,5,19,"[10, 14, 17, 18, 21, 25, 27, 28, 29, 30, 31, 33, 34, 35, 37, 38, 41, 42, 45]",46,34,73.91,0,0.0,0,0.0,0,0.0,0,0.0,6,13.04,6,13.04,0,0.0,46
control_2,3.382,5.509,7.762,3.595,82.453,87.259,84.18,2.917,2kc8_A_l46_s415104_mpnn3_model2_af2pred,3.659,2kc8_A_l46_s415104_mpnn3_model2_af2pred,72,16,"[14, 17, 18, 21, 25, 29, 30, 42, 33, 34, 35, 37, 38, 41, 10, 45]",46,34,73.91,0,0.0,0,0.0,0,0.0,0,0.0,4,8.7,8,17.39,0,0.0,46
control_2,3.868,7.222,9.051,3.218,74.85,85.929,78.887,53.87,2kc8_A_l47_s233268_mpnn14_model1_af2pred,6.017,2kc8_A_l47_s233268_mpnn14_model1_af2pred,64,18,"[14, 46, 47, 17, 20, 21, 24, 45, 42, 35, 36, 39, 40, 41, 10, 43, 44, 13]",47,40,85.11,0,0.0,0,0.0,0,0.0,0,0.0,0,0.0,7,14.89,0,0.0,47
control_2,2.796,6.894,9.068,3.435,76.278,92.111,85.131,55.697,2kc8_A_l104_s314686_mpnn1_model2_af2pred,3.073,2kc8_A_l104_s314686_mpnn1_model2_af2pred,28,15,"[14, 17, 20, 21, 86, 87, 90, 91, 93, 94, 95, 97, 98, 101, 102]",104,91,87.5,0,0.0,0,0.0,0,0.0,0,0.0,0,0.0,13,12.5,0,0.0,104
control_2,3.05,7.666,10.243,3.689,72.741,90.944,82.919,4.403,2kc8_A_l104_s314686_mpnn2_model2_af2pred,3.639,2kc8_A_l104_s314686_mpnn2_model2_af2pred,88,15,"[14, 17, 20, 21, 86, 87, 90, 91, 93, 94, 95, 97, 98, 101, 102]",104,91,87.5,0,0.0,0,0.0,0,0.0,0,0.0,0,0.0,13,12.5,0,0.0,104
control_2,3.95,8.748,10.125,2.267,68.074,93.354,82.209,4.374,2kc8_A_l104_s578403_mpnn11_model2_af2pred,4.405,2kc8_A_l104_s578403_mpnn11_model2_af2pred,89,27,"[66, 67, 68, 70, 71, 73, 74, 75, 77, 78, 79, 80, 81, 82, 88, 99, 100, 102, 103, 104, 12, 19, 20, 41, 42, 44, 45]",104,83,79.81,0,0.0,0,0.0,0,0.0,0,0.0,12,11.54,9,8.65,0,0.0,104
control_2,3.898,8.814,10.178,2.267,67.865,93.22,82.042,4.355,2kc8_A_l104_s578403_mpnn13_model2_af2pred,4.374,2kc8_A_l104_s578403_mpnn13_model2_af2pred,65,27,"[54, 66, 67, 68, 70, 71, 74, 75, 77, 78, 79, 80, 81, 82, 85, 95, 99, 100, 102, 103, 104, 12, 19, 20, 41, 42, 45]",104,81,77.88,3,2.88,0,0.0,0,0.0,0,0.0,12,11.54,8,7.69,0,0.0,104
control_2,4.143,9.522,13.318,3.029,64.02,91.735,79.582,56.01,2kc8_A_l105_s548248_mpnn12_model2_af2pred,4.471,2kc8_A_l105_s548248_mpnn12_model2_af2pred,20,18,"[14, 78, 79, 81, 18, 82, 85, 22, 23, 86, 88, 89, 68, 69, 72, 74, 75, 77]",105,90,85.71,0,0.0,0,0.0,0,0.0,0,0.0,4,3.81,11,10.48,0,0.0,105
control_2,3.955,10.258,16.261,3.143,61.137,91.392,78.125,4.424,2kc8_A_l105_s548248_mpnn6_model2_af2pred,4.375,2kc8_A_l105_s548248_mpnn6_model2_af2pred,29,16,"[78, 79, 81, 18, 82, 85, 22, 23, 86, 88, 68, 69, 72, 74, 75, 77]",105,90,85.71,0,0.0,0,0.0,0,0.0,0,0.0,4,3.81,11,10.48,0,0.0,105
control_2,3.939,9.634,13.164,2.768,62.713,91.359,78.865,51.765,2kc8_A_l106_s104029_mpnn10_model2_af2pred,4.963,2kc8_A_l106_s104029_mpnn10_model2_af2pred,60,21,"[46, 47, 56, 57, 59, 60, 62, 63, 64, 66, 67, 70, 71, 98, 102, 103, 104, 105, 36, 40, 43]",106,74,69.81,9,8.49,0,0.0,0,0.0,0,0.0,0,0.0,23,21.7,0,0.0,106
control_2,3.802,8.335,11.554,2.936,67.51,91.151,80.84,4.327,2kc8_A_l106_s104029_mpnn18_model2_af2pred,4.164,2kc8_A_l106_s104029_mpnn18_model2_af2pred,2,19,"[47, 52, 56, 57, 59, 60, 62, 63, 64, 66, 67, 69, 70, 71, 103, 104, 36, 40, 43]",106,74,69.81,9,8.49,0,0.0,0,0.0,0,0.0,0,0.0,23,21.7,0,0.0,106
control_2,4.31,10.441,19.158,3.003,57.667,86.686,71.998,57.099,2kc8_A_l80_s564733_mpnn1_model2_af2pred,6.429,2kc8_A_l80_s564733_mpnn1_model2_af2pred,92,16,"[14, 78, 17, 18, 20, 22, 57, 60, 61, 64, 67, 68, 71, 72, 10, 13]",80,61,76.25,3,3.75,0,0.0,0,0.0,0,0.0,4,5.0,12,15.0,0,0.0,80
control_2,3.753,8.849,13.323,3.384,66.223,88.939,77.441,3.814,2kc8_A_l80_s602985_mpnn12_model2_af2pred,6.035,2kc8_A_l80_s602985_mpnn12_model2_af2pred,53,19,"[69, 77, 1, 2, 3, 5, 6, 8, 9, 10, 12, 13, 14, 15, 16, 17, 19, 20, 42]",80,63,78.75,6,7.5,0,0.0,0,0.0,0,0.0,0,0.0,11,13.75,0,0.0,80
control_2,3.749,9.396,12.265,3.296,66.191,91.721,78.798,3.803,2kc8_A_l80_s704782_mpnn15_model2_af2pred,4.872,2kc8_A_l80_s704782_mpnn15_model2_af2pred,59,15,"[46, 47, 49, 50, 51, 53, 54, 55, 57, 58, 60, 61, 40, 42, 43]",80,72,90.0,0,0.0,0,0.0,0,0.0,0,0.0,4,5.0,4,5.0,0,0.0,80
control_2,4.022,8.653,11.529,3.162,68.444,92.013,80.083,3.804,2kc8_A_l80_s704782_mpnn20_model2_af2pred,4.817,2kc8_A_l80_s704782_mpnn20_model2_af2pred,68,16,"[46, 47, 49, 50, 51, 53, 54, 55, 57, 58, 60, 61, 65, 40, 42, 43]",80,72,90.0,0,0.0,0,0.0,0,0.0,0,0.0,4,5.0,4,5.0,0,0.0,80
control_2,3.921,7.897,10.621,3.05,69.657,88.975,79.256,53.404,2kc8_A_l81_s434386_mpnn3_model2_af2pred,5.096,2kc8_A_l81_s434386_mpnn3_model2_af2pred,11,21,"[46, 47, 48, 50, 51, 54, 55, 57, 58, 61, 79, 80, 81, 18, 25, 28, 32, 36, 40, 43, 44]",81,56,69.14,0,0.0,0,0.0,8,9.88,0,0.0,3,3.7,14,17.28,0,0.0,81
control_2,3.691,8.129,11.627,2.89,67.548,89.408,78.411,3.848,2kc8_A_l81_s434386_mpnn8_model2_af2pred,4.41,2kc8_A_l81_s434386_mpnn8_model2_af2pred,13,20,"[46, 47, 48, 50, 51, 53, 54, 55, 57, 58, 61, 80, 21, 25, 28, 32, 40, 42, 43, 44]",81,56,69.14,0,0.0,0,0.0,8,9.88,0,0.0,3,3.7,14,17.28,0,0.0,81
control_2,4.072,9.426,20.07,2.846,61.862,89.735,75.713,3.903,2kc8_A_l81_s689144_mpnn6_model2_af2pred,6.145,2kc8_A_l81_s689144_mpnn6_model2_af2pred,52,14,"[79, 24, 25, 59, 60, 28, 64, 65, 67, 68, 69, 71, 72, 75]",81,63,77.78,3,3.7,0,0.0,0,0.0,0,0.0,6,7.41,9,11.11,0,0.0,81
control_2,4.147,9.913,16.823,2.647,60.17,90.176,75.081,3.808,2kc8_A_l81_s689144_mpnn8_model2_af2pred,6.125,2kc8_A_l81_s689144_mpnn8_model2_af2pred,81,14,"[24, 25, 56, 27, 28, 60, 64, 65, 67, 68, 69, 71, 72, 75]",81,64,79.01,3,3.7,0,0.0,0,0.0,0,0.0,6,7.41,8,9.88,0,0.0,81
control_2,3.633,10.75,14.78,3.209,58.376,84.775,70.627,3.773,2kc8_A_l71_s935247_mpnn1_model2_af2pred,4.654,2kc8_A_l71_s935247_mpnn1_model2_af2pred,67,21,"[54, 58, 61, 62, 64, 65, 66, 68, 69, 70, 71, 1, 2, 4, 5, 9, 13, 16, 17, 20, 21]",71,55,77.46,3,4.23,0,0.0,0,0.0,0,0.0,4,5.63,9,12.68,0,0.0,71
control_2,3.406,6.037,8.332,2.829,79.099,90.563,84.419,3.649,2kc8_A_l71_s935247_mpnn2_model2_af2pred,4.122,2kc8_A_l71_s935247_mpnn2_model2_af2pred,4,22,"[54, 58, 59, 60, 61, 62, 64, 65, 66, 68, 69, 71, 1, 2, 4, 5, 13, 16, 17, 20, 21, 24]",71,55,77.46,3,4.23,0,0.0,0,0.0,0,0.0,4,5.63,9,12.68,0,0.0,71
control_2,3.544,6.002,11.301,4.674,78.41,86.836,82.349,56.981,2kc8_A_l72_s520073_mpnn16_model2_af2pred,4.543,2kc8_A_l72_s520073_mpnn16_model2_af2pred,10,17,"[46, 49, 50, 20, 21, 53, 23, 24, 57, 28, 29, 30, 31, 34, 39, 42, 43]",72,57,79.17,0,0.0,0,0.0,0,0.0,0,0.0,7,9.72,8,11.11,0,0.0,72
control_2,3.435,10.153,14.507,3.845,60.402,83.724,71.386,52.833,2kc8_A_l73_s587563_mpnn10_model2_af2pred,5.582,2kc8_A_l73_s587563_mpnn10_model2_af2pred,26,23,"[59, 62, 63, 66, 69, 70, 73, 3, 5, 9, 12, 13, 15, 16, 17, 18, 19, 20, 23, 24, 26, 27, 30]",73,60,82.19,0,0.0,0,0.0,0,0.0,0,0.0,0,0.0,13,17.81,0,0.0,73
control_2,3.544,10.321,15.22,3.755,59.678,83.646,70.966,3.685,2kc8_A_l73_s587563_mpnn1_model2_af2pred,5.277,2kc8_A_l73_s587563_mpnn1_model2_af2pred,96,24,"[59, 62, 63, 66, 70, 73, 3, 4, 5, 9, 12, 13, 15, 16, 17, 18, 19, 20, 21, 23, 24, 26, 27, 30]",73,60,82.19,0,0.0,0,0.0,0,0.0,0,0.0,0,0.0,13,17.81,0,0.0,73
control_2,3.592,9.151,14.404,3.456,64.869,86.928,75.551,57.101,2kc8_A_l77_s656672_mpnn3_model2_af2pred,4.135,2kc8_A_l77_s656672_mpnn3_model2_af2pred,19,24,"[46, 49, 64, 68, 69, 71, 72, 74, 75, 76, 21, 25, 28, 29, 30, 31, 32, 33, 34, 35, 38, 41, 42, 45]",77,68,88.31,0,0.0,0,0.0,0,0.0,0,0.0,0,0.0,9,11.69,0,0.0,77
control_2,3.744,7.425,10.132,3.407,73.388,89.426,81.155,3.745,2kc8_A_l77_s656672_mpnn6_model2_af2pred,4.117,2kc8_A_l77_s656672_mpnn6_model2_af2pred,31,23,"[46, 64, 68, 69, 71, 72, 74, 75, 76, 77, 21, 25, 28, 29, 30, 32, 33, 34, 35, 38, 41, 42, 45]",77,67,87.01,0,0.0,0,0.0,0,0.0,0,0.0,0,0.0,10,12.99,0,0.0,77
control_2,5.113,9.494,10.444,2.653,65.432,89.377,77.105,53.141,2kc8_A_l78_s325639_mpnn4_model2_af2pred,5.757,2kc8_A_l78_s325639_mpnn4_model2_af2pred,94,22,"[46, 48, 49, 52, 53, 58, 61, 62, 65, 66, 68, 69, 72, 73, 75, 76, 77, 38, 41, 42, 44, 45]",78,61,78.21,6,7.69,0,0.0,0,0.0,0,0.0,8,10.26,3,3.85,0,0.0,78
control_2,3.494,5.832,10.371,4.011,80.617,86.324,83.183,3.575,2kc8_A_l67_s673943_mpnn1_model1_af2pred,3.828,2kc8_A_l67_s673943_mpnn1_model1_af2pred,1,15,"[46, 47, 48, 49, 51, 22, 23, 24, 25, 26, 28, 41, 45, 43, 13]",67,25,37.31,0,0.0,0,0.0,29,43.28,0,0.0,8,11.94,5,7.46,0,0.0,67
control_2,3.782,8.645,14.794,3.25,66.259,87.572,75.843,3.56,2kc8_A_l67_s673943_mpnn2_model2_af2pred,4.328,2kc8_A_l67_s673943_mpnn2_model2_af2pred,35,13,"[46, 47, 48, 17, 49, 51, 23, 24, 25, 27, 41, 43, 13]",67,19,28.36,0,0.0,0,0.0,32,47.76,0,0.0,11,16.42,5,7.46,0,0.0,67
control_2,3.743,6.928,9.612,3.614,74.687,86.779,80.213,56.134,2kc8_A_l69_s852163_mpnn11_model2_af2pred,5.923,2kc8_A_l69_s852163_mpnn11_model2_af2pred,54,16,"[14, 16, 17, 18, 20, 21, 23, 24, 25, 61, 30, 1, 8, 9, 10, 13]",69,55,79.71,0,0.0,0,0.0,0,0.0,0,0.0,4,5.8,10,14.49,0,0.0,69
control_2,3.907,7.302,8.948,2.807,73.404,89.976,80.977,3.605,2kc8_A_l69_s852163_mpnn4_model1_af2pred,5.645,2kc8_A_l69_s852163_mpnn4_model1_af2pred,25,16,"[14, 16, 17, 18, 20, 21, 23, 24, 30, 1, 6, 8, 9, 10, 12, 13]",69,55,79.71,3,4.35,0,0.0,0,0.0,0,0.0,0,0.0,11,15.94,0,0.0,69
control_2,4.071,10.123,12.098,3.751,63.085,85.92,73.52,3.58,2kc8_A_l69_s952001_mpnn6_model2_af2pred,4.671,2kc8_A_l69_s952001_mpnn6_model2_af2pred,69,25,"[48, 49, 52, 55, 56, 57, 59, 60, 62, 63, 66, 67, 69, 3, 7, 10, 11, 14, 17, 18, 21, 24, 25, 28, 45]",69,64,92.75,0,0.0,0,0.0,0,0.0,0,0.0,0,0.0,5,7.25,0,0.0,69
control_2,3.575,9.639,11.397,3.373,65.047,86.889,75.028,3.556,2kc8_A_l69_s952001_mpnn7_model2_af2pred,5.372,2kc8_A_l69_s952001_mpnn7_model2_af2pred,33,23,"[49, 52, 55, 56, 59, 60, 62, 63, 66, 67, 69, 3, 7, 10, 11, 14, 17, 18, 21, 24, 25, 28, 45]",69,63,91.3,0,0.0,0,0.0,0,0.0,0,0.0,4,5.8,2,2.9,0,0.0,69
control_2,4.792,9.383,11.251,3.775,65.33,88.374,76.024,56.801,2kc8_A_l71_s874340_mpnn3_model2_af2pred,5.252,2kc8_A_l71_s874340_mpnn3_model2_af2pred,77,25,"[47, 48, 51, 54, 55, 58, 59, 61, 65, 68, 69, 16, 19, 20, 23, 26, 27, 30, 31, 33, 34, 35, 37, 38, 44]",71,56,78.87,0,0.0,0,0.0,0,0.0,0,0.0,4,5.63,11,15.49,0,0.0,71
control_2,4.282,7.122,8.662,3.898,74.962,89.897,81.892,3.747,2kc8_A_l71_s874340_mpnn5_model2_af2pred,4.912,2kc8_A_l71_s874340_mpnn5_model2_af2pred,0,25,"[47, 48, 51, 54, 55, 58, 59, 61, 65, 68, 69, 16, 19, 20, 23, 26, 27, 30, 31, 33, 34, 35, 37, 38, 44]",71,56,78.87,0,0.0,0,0.0,0,0.0,0,0.0,4,5.63,11,15.49,0,0.0,71
control_2,3.774,9.168,10.128,2.606,67.481,91.78,77.649,3.379,2kc8_A_l59_s117171_mpnn2_model2_af2pred,4.593,2kc8_A_l59_s117171_mpnn2_model2_af2pred,46,18,"[46, 16, 44, 19, 23, 28, 29, 30, 32, 33, 35, 36, 37, 39, 40, 41, 43, 12]",59,53,89.83,0,0.0,0,0.0,0,0.0,0,0.0,0,0.0,6,10.17,0,0.0,59
control_2,3.624,9.429,10.932,3.279,66.794,88.632,76.021,56.029,2kc8_A_l60_s785431_mpnn1_model2_af2pred,6.179,2kc8_A_l60_s785431_mpnn1_model2_af2pred,30,20,"[48, 52, 15, 16, 18, 19, 20, 22, 23, 25, 26, 27, 29, 30, 31, 34, 37, 38, 41, 45]",60,55,91.67,0,0.0,0,0.0,0,0.0,0,0.0,0,0.0,5,8.33,0,0.0,60
control_2,3.656,9.713,11.834,3.408,65.174,87.64,74.667,3.388,2kc8_A_l60_s785431_mpnn2_model2_af2pred,6.184,2kc8_A_l60_s785431_mpnn2_model2_af2pred,97,20,"[48, 52, 15, 16, 18, 19, 20, 22, 23, 25, 26, 27, 29, 30, 31, 34, 37, 38, 41, 45]",60,55,91.67,0,0.0,0,0.0,0,0.0,0,0.0,0,0.0,5,8.33,0,0.0,60
control_2,3.646,9.748,12.678,2.429,62.738,87.262,73.2,56.21,2kc8_A_l61_s87456_mpnn12_model2_af2pred,4.484,2kc8_A_l61_s87456_mpnn12_model2_af2pred,71,21,"[49, 52, 53, 56, 13, 21, 22, 23, 24, 25, 27, 28, 29, 31, 32, 33, 34, 35, 36, 39, 45]",61,54,88.52,0,0.0,0,0.0,0,0.0,0,0.0,0,0.0,7,11.48,0,0.0,61
control_2,3.667,9.199,12.308,2.606,64.731,86.967,74.217,3.415,2kc8_A_l61_s87456_mpnn14_model2_af2pred,4.907,2kc8_A_l61_s87456_mpnn14_model2_af2pred,42,20,"[49, 52, 53, 56, 13, 21, 22, 23, 24, 25, 27, 28, 29, 31, 32, 33, 35, 36, 39, 45]",61,54,88.52,0,0.0,0,0.0,0,0.0,0,0.0,0,0.0,7,11.48,0,0.0,61
control_2,3.832,9.404,11.547,3.578,66.849,88.512,76.176,51.203,2kc8_A_l62_s773518_mpnn16_model2_af2pred,5.933,2kc8_A_l62_s773518_mpnn16_model2_af2pred,34,18,"[15, 44, 18, 19, 40, 22, 29, 30, 31, 33, 34, 35, 37, 38, 8, 41, 42, 12]",62,57,91.94,0,0.0,0,0.0,0,0.0,0,0.0,0,0.0,5,8.06,0,0.0,62
control_2,3.617,10.064,14.318,2.669,62.247,88.669,74.03,52.584,2kc8_A_l66_s360571_mpnn19_model2_af2pred,4.143,2kc8_A_l66_s360571_mpnn19_model2_af2pred,58,16,"[48, 49, 51, 52, 28, 29, 32, 35, 36, 38, 39, 40, 41, 42, 44, 45]",66,55,83.33,0,0.0,0,0.0,0,0.0,0,0.0,0,0.0,11,16.67,0,0.0,66
control_2,3.398,6.433,7.321,2.909,78.052,90.388,83.599,55.475,2kc8_A_l67_s563081_mpnn12_model1_af2pred,3.816,2kc8_A_l67_s563081_mpnn12_model1_af2pred,17,27,"[61, 64, 65, 66, 67, 1, 2, 3, 4, 5, 6, 9, 11, 12, 13, 15, 16, 18, 19, 20, 22, 23, 25, 26, 30, 34, 42]",67,49,73.13,0,0.0,0,0.0,0,0.0,0,0.0,8,11.94,10,14.93,0,0.0,67
control_2,3.769,8.953,11.513,3.64,66.852,89.944,79.424,49.123,2kc8_A_l98_s515923_mpnn7_model2_af2pred,5.03,2kc8_A_l98_s515923_mpnn7_model2_af2pred,98,17,"[78, 47, 81, 50, 82, 85, 54, 88, 57, 95, 96, 97, 98, 39, 74, 43, 77]",98,75,76.53,3,3.06,0,0.0,0,0.0,2,2.04,3,3.06,15,15.31,0,0.0,98
control_2,3.928,7.897,10.08,2.508,71.27,93.438,83.395,60.478,2kc8_A_l99_s702598_mpnn1_model1_af2pred,5.487,2kc8_A_l99_s702598_mpnn1_model1_af2pred,61,16,"[78, 81, 82, 85, 89, 92, 61, 64, 65, 96, 67, 68, 69, 71, 72, 73]",99,80,80.81,0,0.0,0,0.0,0,0.0,0,0.0,7,7.07,12,12.12,0,0.0,99
control_2,3.872,7.551,10.028,2.893,72.825,91.685,83.141,4.314,2kc8_A_l99_s702598_mpnn3_model2_af2pred,4.333,2kc8_A_l99_s702598_mpnn3_model2_af2pred,15,18,"[78, 81, 82, 85, 89, 92, 61, 62, 64, 65, 96, 67, 68, 69, 71, 72, 73, 74]",99,81,81.82,0,0.0,0,0.0,0,0.0,0,0.0,6,6.06,12,12.12,0,0.0,99
control_2,3.903,8.031,13.122,4.263,67.609,85.053,76.926,56.049,2kc8_A_l94_s170127_mpnn2_model2_af2pred,4.513,2kc8_A_l94_s170127_mpnn2_model2_af2pred,32,20,"[46, 47, 48, 49, 78, 79, 80, 82, 83, 85, 86, 87, 89, 90, 92, 93, 1, 39, 40, 43]",94,66,70.21,0,0.0,0,0.0,4,4.26,0,0.0,8,8.51,16,17.02,0,0.0,94
control_2,4.082,10.399,16.947,4.573,61.06,88.337,76.114,4.298,2kc8_A_l101_s235765_mpnn7_model2_af2pred,6.2,2kc8_A_l101_s235765_mpnn7_model2_af2pred,91,14,"[48, 49, 52, 53, 56, 57, 59, 60, 61, 63, 64, 66, 67, 70]",101,83,82.18,0,0.0,0,0.0,0,0.0,0,0.0,9,8.91,9,8.91,0,0.0,101
control_2,3.905,10.935,20.216,2.732,57.08,91.691,74.49,3.918,2kc8_A_l83_s506114_mpnn2_model2_af2pred,4.509,2kc8_A_l83_s506114_mpnn2_model2_af2pred,8,11,"[79, 28, 29, 31, 32, 35, 36, 38, 72, 75, 76]",83,71,85.54,0,0.0,0,0.0,0,0.0,0,0.0,4,4.82,8,9.64,0,0.0,83
control_2,3.617,7.096,10.366,2.724,73.349,91.583,82.521,3.894,2kc8_A_l83_s85337_mpnn3_model2_af2pred,4.316,2kc8_A_l83_s85337_mpnn3_model2_af2pred,37,20,"[51, 54, 55, 58, 59, 61, 16, 17, 18, 19, 21, 22, 24, 25, 26, 27, 28, 29, 30, 32]",83,68,81.93,0,0.0,0,0.0,0,0.0,0,0.0,3,3.61,12,14.46,0,0.0,83
control_2,3.996,8.256,10.14,3.299,71.249,91.901,81.82,53.857,2kc8_A_l86_s137810_mpnn1_model2_af2pred,5.411,2kc8_A_l86_s137810_mpnn1_model2_af2pred,76,21,"[46, 48, 49, 52, 53, 56, 24, 27, 28, 30, 31, 32, 34, 35, 36, 37, 38, 40, 41, 44, 45]",86,74,86.05,0,0.0,0,0.0,0,0.0,0,0.0,0,0.0,12,13.95,0,0.0,86
control_2,3.905,7.879,10.105,3.517,72.033,90.803,81.642,3.843,2kc8_A_l86_s137810_mpnn3_model2_af2pred,4.537,2kc8_A_l86_s137810_mpnn3_model2_af2pred,51,19,"[48, 49, 52, 53, 56, 24, 27, 28, 30, 31, 32, 34, 35, 36, 37, 40, 41, 44, 45]",86,74,86.05,0,0.0,0,0.0,0,0.0,0,0.0,0,0.0,12,13.95,0,0.0,86
control_2,3.773,7.275,8.811,2.515,74.197,92.883,83.762,3.81,2kc8_A_l86_s36415_mpnn6_model2_af2pred,4.102,2kc8_A_l86_s36415_mpnn6_model2_af2pred,18,18,"[49, 52, 53, 55, 24, 56, 26, 27, 57, 59, 30, 60, 61, 62, 34, 63, 66, 37]",86,66,76.74,3,3.49,0,0.0,0,0.0,0,0.0,7,8.14,10,11.63,0,0.0,86
control_2,3.548,6.313,8.03,2.394,78.405,93.383,86.072,3.79,2kc8_A_l86_s36415_mpnn7_model2_af2pred,3.917,2kc8_A_l86_s36415_mpnn7_model2_af2pred,85,17,"[49, 52, 53, 55, 24, 56, 26, 27, 57, 59, 30, 60, 63, 34, 66, 37, 38]",86,66,76.74,3,3.49,0,0.0,0,0.0,0,0.0,7,8.14,10,11.63,0,0.0,86
control_2,3.531,5.955,7.099,2.794,79.874,93.061,86.663,52.855,2kc8_A_l87_s938555_mpnn18_model1_af2pred,5.049,2kc8_A_l87_s938555_mpnn18_model1_af2pred,21,19,"[46, 80, 84, 87, 15, 16, 19, 20, 22, 23, 24, 26, 27, 32, 33, 35, 36, 39, 43]",87,74,85.06,3,3.45,0,0.0,0,0.0,0,0.0,7,8.05,3,3.45,0,0.0,87
control_2,3.718,9.59,17.279,3.437,63.37,89.672,77.487,54.082,2kc8_A_l95_s876304_mpnn9_model2_af2pred,5.562,2kc8_A_l95_s876304_mpnn9_model2_af2pred,3,16,"[56, 57, 60, 61, 63, 64, 65, 3, 67, 5, 6, 68, 9, 70, 69, 13]",95,80,84.21,0,0.0,0,0.0,0,0.0,0,0.0,4,4.21,11,11.58,0,0.0,95
control_2,3.515,6.943,11.69,3.209,72.405,89.996,81.892,60.299,2kc8_A_l96_s670381_mpnn11_model2_af2pred,5.191,2kc8_A_l96_s670381_mpnn11_model2_af2pred,14,23,"[57, 59, 61, 86, 87, 88, 90, 92, 93, 94, 8, 10, 12, 13, 14, 15, 16, 17, 18, 19, 20, 21, 23]",96,35,36.46,3,3.12,0,0.0,27,28.12,0,0.0,16,16.67,15,15.62,0,0.0,96
control_2,3.687,9.265,16.562,2.994,62.13,89.676,76.986,4.324,2kc8_A_l96_s670381_mpnn20_model2_af2pred,5.177,2kc8_A_l96_s670381_mpnn20_model2_af2pred,56,20,"[57, 59, 61, 81, 86, 88, 89, 90, 92, 93, 94, 10, 12, 14, 15, 17, 18, 19, 20, 21]",96,35,36.46,3,3.12,0,0.0,27,28.12,0,0.0,16,16.67,15,15.62,0,0.0,96
control_2,3.266,5.926,7.04,2.438,80.112,93.835,87.513,4.223,2kc8_A_l96_s888764_mpnn4_model2_af2pred,3.874,2kc8_A_l96_s888764_mpnn4_model2_af2pred,49,22,"[48, 49, 52, 53, 56, 57, 59, 60, 63, 64, 68, 14, 18, 19, 21, 22, 23, 25, 26, 29, 41, 45]",96,79,82.29,3,3.12,0,0.0,0,0.0,0,0.0,0,0.0,14,14.58,0,0.0,96
control_2,3.295,6.029,7.496,2.498,79.158,93.167,86.713,4.2,2kc8_A_l96_s888764_mpnn6_model2_af2pred,4.227,2kc8_A_l96_s888764_mpnn6_model2_af2pred,79,22,"[48, 49, 52, 53, 56, 57, 59, 60, 63, 64, 68, 14, 18, 19, 21, 22, 23, 25, 26, 29, 41, 45]",96,79,82.29,3,3.12,0,0.0,0,0.0,0,0.0,0,0.0,14,14.58,0,0.0,96
control_2,3.815,7.685,10.739,3.837,72.558,90.18,82.107,59.395,2kc8_A_l97_s71411_mpnn1_model2_af2pred,4.893,2kc8_A_l97_s71411_mpnn1_model2_af2pred,16,15,"[79, 80, 87, 59, 62, 63, 66, 67, 68, 69, 71, 72, 73, 75, 76]",97,76,78.35,3,3.09,0,0.0,0,0.0,0,0.0,7,7.22,11,11.34,0,0.0,97
control_2,3.792,8.53,11.952,4.07,68.661,89.224,79.804,4.218,2kc8_A_l97_s71411_mpnn2_model2_af2pred,4.761,2kc8_A_l97_s71411_mpnn2_model2_af2pred,47,19,"[59, 62, 63, 66, 67, 68, 69, 71, 72, 73, 75, 76, 79, 82, 86, 87, 2, 10, 21]",97,76,78.35,4,4.12,0,0.0,0,0.0,0,0.0,7,7.22,10,10.31,0,0.0,97
control_2,3.409,5.586,6.591,2.519,81.595,93.867,87.912,4.072,2kc8_A_l87_s938555_mpnn6_model2_af2pred,4.334,2kc8_A_l87_s938555_mpnn6_model2_af2pred,57,19,"[46, 80, 84, 87, 15, 16, 19, 20, 22, 23, 24, 26, 27, 32, 33, 35, 36, 39, 43]",87,73,83.91,3,3.45,0,0.0,0,0.0,0,0.0,7,8.05,4,4.6,0,0.0,87
control_2,3.872,10.027,17.722,3.051,59.022,88.381,74.219,58.564,2kc8_A_l88_s224926_mpnn17_model2_af2pred,4.943,2kc8_A_l88_s224926_mpnn17_model2_af2pred,24,12,"[19, 23, 26, 27, 31, 32, 34, 35, 38, 39, 41, 42]",88,63,71.59,0,0.0,0,0.0,0,0.0,0,0.0,9,10.23,16,18.18,0,0.0,88
control_2,3.616,8.059,11.253,3.536,69.696,88.801,79.639,57.995,2kc8_A_l89_s543821_mpnn13_model2_af2pred,4.157,2kc8_A_l89_s543821_mpnn13_model2_af2pred,27,19,"[46, 53, 63, 12, 13, 15, 16, 17, 19, 20, 21, 22, 23, 24, 26, 27, 39, 42, 43]",89,76,85.39,3,3.37,0,0.0,0,0.0,0,0.0,0,0.0,10,11.24,0,0.0,89
control_2,4.06,7.099,9.61,3.658,74.414,89.711,82.375,4.116,2kc8_A_l89_s543821_mpnn4_model2_af2pred,4.672,2kc8_A_l89_s543821_mpnn4_model2_af2pred,6,21,"[46, 53, 64, 12, 13, 15, 16, 17, 19, 20, 21, 22, 23, 24, 26, 27, 30, 39, 40, 42, 43]",89,76,85.39,0,0.0,0,0.0,0,0.0,0,0.0,6,6.74,7,7.87,0,0.0,89
control_2,2.535,8.213,9.658,2.789,70.151,91.319,81.168,4.11,2kc8_A_l89_s868816_mpnn4_model2_af2pred,3.119,2kc8_A_l89_s868816_mpnn4_model2_af2pred,80,30,"[78, 81, 82, 84, 85, 86, 88, 89, 1, 2, 3, 6, 7, 10, 13, 14, 17, 21, 23, 24, 25, 26, 27, 28, 29, 30, 31, 32, 37, 41]",89,63,70.79,0,0.0,0,0.0,9,10.11,0,0.0,7,7.87,10,11.24,0,0.0,89
control_2,2.569,10.181,12.512,2.91,61.168,88.66,75.477,3.967,2kc8_A_l89_s868816_mpnn7_model2_af2pred,4.32,2kc8_A_l89_s868816_mpnn7_model2_af2pred,39,29,"[76, 78, 81, 82, 84, 85, 86, 87, 88, 89, 2, 6, 7, 10, 13, 14, 21, 23, 24, 25, 26, 27, 28, 29, 30, 31, 32, 37, 41]",89,63,70.79,0,0.0,0,0.0,9,10.11,0,0.0,7,7.87,10,11.24,0,0.0,89
control_2,3.822,9.788,17.412,3.739,60.404,89.063,75.4,48.819,2kc8_A_l90_s812191_mpnn2_model2_af2pred,4.867,2kc8_A_l90_s812191_mpnn2_model2_af2pred,73,20,"[47, 50, 51, 54, 55, 57, 58, 59, 61, 62, 65, 68, 69, 28, 32, 35, 39, 42, 43, 44]",90,81,90.0,0,0.0,0,0.0,0,0.0,0,0.0,0,0.0,9,10.0,0,0.0,90
control_2,3.78,9.757,17.114,3.962,60.759,88.634,75.345,3.956,2kc8_A_l90_s812191_mpnn4_model2_af2pred,4.596,2kc8_A_l90_s812191_mpnn4_model2_af2pred,43,19,"[47, 50, 51, 54, 55, 57, 58, 59, 61, 62, 65, 68, 28, 32, 35, 39, 42, 43, 44]",90,81,90.0,0,0.0,0,0.0,0,0.0,0,0.0,0,0.0,9,10.0,0,0.0,90
control_2,3.884,10.198,16.175,2.661,60.383,92.097,76.336,59.375,2kc8_A_l83_s506114_mpnn1_model2_af2pred,4.393,2kc8_A_l83_s506114_mpnn1_model2_af2pred,63,12,"[79, 26, 28, 29, 31, 32, 35, 36, 38, 72, 75, 76]",83,71,85.54,0,0.0,0,0.0,0,0.0,0,0.0,4,4.82,8,9.64,0,0.0,83
control_2,3.453,9.957,11.019,3.102,62.688,81.972,69.808,56.014,2kc8_A_l48_s139037_mpnn16_model1_af2pred,4.453,2kc8_A_l48_s139037_mpnn16_model1_af2pred,45,22,"[47, 48, 3, 4, 5, 7, 8, 9, 10, 11, 12, 14, 15, 16, 18, 19, 22, 32, 36, 39, 40, 43]",48,41,85.42,0,0.0,0,0.0,0,0.0,0,0.0,4,8.33,3,6.25,0,0.0,48
control_2,3.575,5.892,6.548,2.615,80.811,89.457,84.003,3.172,2kc8_A_l48_s139037_mpnn7_model1_af2pred,4.377,2kc8_A_l48_s139037_mpnn7_model1_af2pred,90,20,"[47, 48, 5, 7, 8, 9, 10, 11, 12, 14, 15, 16, 18, 19, 22, 33, 36, 39, 40, 43]",48,42,87.5,0,0.0,0,0.0,0,0.0,0,0.0,4,8.33,2,4.17,0,0.0,48
control_2,2.427,8.106,8.533,3.057,71.587,87.716,77.772,55.106,2kc8_A_l51_s365187_mpnn1_model2_af2pred,3.043,2kc8_A_l51_s365187_mpnn1_model2_af2pred,62,22,"[46, 49, 50, 51, 20, 21, 22, 23, 24, 25, 26, 27, 28, 29, 34, 35, 38, 39, 41, 42, 43, 45]",51,17,33.33,0,0.0,0,0.0,16,31.37,0,0.0,13,25.49,5,9.8,0,0.0,51
control_2,2.579,8.141,8.467,3.087,71.412,87.675,77.648,3.158,2kc8_A_l51_s365187_mpnn3_model2_af2pred,2.925,2kc8_A_l51_s365187_mpnn3_model2_af2pred,86,21,"[46, 49, 50, 51, 20, 21, 22, 23, 24, 25, 26, 27, 28, 34, 35, 38, 39, 41, 42, 43, 45]",51,17,33.33,0,0.0,0,0.0,16,31.37,0,0.0,13,25.49,5,9.8,0,0.0,51
control_2,3.392,5.649,8.21,2.54,81.339,94.883,89.038,57.6,2kc8_A_l108_s250613_mpnn1_model2_af2pred,3.701,2kc8_A_l108_s250613_mpnn1_model2_af2pred,70,18,"[15, 50, 54, 55, 58, 59, 60, 61, 1, 3, 4, 99, 6, 7, 8, 10, 11, 12]",108,90,83.33,0,0.0,0,0.0,0,0.0,0,0.0,0,0.0,18,16.67,0,0.0,108
control_2,3.345,5.425,7.115,2.662,82.971,94.515,89.533,4.604,2kc8_A_l108_s250613_mpnn2_model2_af2pred,3.788,2kc8_A_l108_s250613_mpnn2_model2_af2pred,12,20,"[50, 54, 55, 58, 59, 60, 61, 99, 106, 1, 3, 4, 6, 7, 8, 10, 11, 12, 15, 18]",108,91,84.26,0,0.0,0,0.0,0,0.0,0,0.0,0,0.0,17,15.74,0,0.0,108
control_2,3.829,8.051,10.805,3.246,69.815,91.173,81.956,4.487,2kc8_A_l108_s302468_mpnn14_model2_af2pred,4.824,2kc8_A_l108_s302468_mpnn14_model2_af2pred,84,23,"[46, 49, 54, 55, 63, 64, 66, 67, 69, 70, 71, 73, 75, 76, 78, 28, 31, 32, 34, 35, 38, 39, 42]",108,93,86.11,0,0.0,0,0.0,0,0.0,0,0.0,8,7.41,7,6.48,0,0.0,108
control_2,3.73,7.968,11.274,2.884,70.161,92.537,82.88,4.486,2kc8_A_l108_s302468_mpnn3_model1_af2pred,4.663,2kc8_A_l108_s302468_mpnn3_model1_af2pred,40,20,"[64, 66, 67, 68, 69, 70, 71, 72, 73, 75, 76, 78, 28, 29, 31, 34, 35, 38, 39, 42]",108,93,86.11,0,0.0,0,0.0,0,0.0,0,0.0,8,7.41,7,6.48,0,0.0,108
control_2,5.287,8.58,10.633,2.757,68.51,92.464,82.18,56.687,2kc8_A_l109_s8641_mpnn3_model1_af2pred,6.97,2kc8_A_l109_s8641_mpnn3_model1_af2pred,41,21,"[46, 49, 50, 52, 53, 56, 57, 70, 71, 72, 73, 75, 76, 79, 99, 102, 103, 106, 43, 44, 45]",109,85,77.98,3,2.75,0,0.0,0,0.0,0,0.0,4,3.67,17,15.6,0,0.0,109
control_2,4.315,9.137,11.432,3.004,66.224,91.698,80.762,4.529,2kc8_A_l109_s8641_mpnn5_model2_af2pred,6.449,2kc8_A_l109_s8641_mpnn5_model2_af2pred,36,17,"[46, 79, 49, 50, 52, 53, 56, 57, 99, 75, 102, 70, 103, 72, 43, 44, 45]",109,85,77.98,6,5.5,0,0.0,0,0.0,0,0.0,6,5.5,12,11.01,0,0.0,109
control_2,2.997,5.581,6.238,2.879,81.949,94.091,88.932,56.02,2kc8_A_l111_s997895_mpnn18_model1_af2pred,3.224,2kc8_A_l111_s997895_mpnn18_model1_af2pred,38,35,"[55, 56, 57, 58, 59, 60, 62, 63, 64, 67, 70, 71, 73, 74, 75, 77, 78, 81, 82, 85, 2, 3, 4, 5, 6, 8, 9, 12, 13, 16, 17, 20, 37, 41, 45]",111,89,80.18,0,0.0,0,0.0,0,0.0,0,0.0,8,7.21,14,12.61,0,0.0,111
control_2,4.027,8.346,12.25,2.389,68.641,93.799,83.165,56.177,2kc8_A_l112_s56734_mpnn4_model2_af2pred,6.035,2kc8_A_l112_s56734_mpnn4_model2_af2pred,44,19,"[1, 3, 4, 6, 7, 15, 16, 18, 19, 20, 22, 23, 24, 26, 27, 30, 31, 33, 34]",112,77,68.75,6,5.36,0,0.0,0,0.0,0,0.0,8,7.14,21,18.75,0,0.0,112
control_2,4.301,9.958,11.837,2.465,62.288,92.402,79.054,4.33,2kc8_A_l103_s454428_mpnn19_model2_af2pred,5.35,2kc8_A_l103_s454428_mpnn19_model2_af2pred,82,28,"[46, 47, 49, 50, 53, 81, 6, 9, 10, 12, 13, 14, 16, 17, 20, 21, 24, 29, 30, 31, 32, 34, 36, 38, 39, 40, 42, 43]",103,88,85.44,0,0.0,0,0.0,4,3.88,0,0.0,2,1.94,9,8.74,0,0.0,103
control_2,3.361,5.77,8.433,3.262,79.713,91.181,86.098,4.874,2kc8_A_l103_s922251_mpnn2_model2_af2pred,3.537,2kc8_A_l103_s922251_mpnn2_model2_af2pred,7,22,"[46, 87, 88, 90, 91, 94, 95, 98, 101, 102, 24, 25, 27, 28, 29, 31, 32, 34, 37, 38, 39, 42]",103,79,76.7,0,0.0,0,0.0,8,7.77,0,0.0,4,3.88,12,11.65,0,0.0,103
control_2,4.126,10.76,17.017,3.873,59.55,89.284,75.961,57.395,2kc8_A_l101_s235765_mpnn6_model2_af2pred,5.574,2kc8_A_l101_s235765_mpnn6_model2_af2pred,9,14,"[48, 49, 52, 53, 56, 57, 59, 60, 61, 63, 64, 66, 67, 70]",101,81,80.2,3,2.97,0,0.0,0,0.0,0,0.0,7,6.93,10,9.9,0,0.0,101
control_2,3.763,5.974,7.735,3.142,80.848,87.442,83.251,3.068,2kc8_A_l47_s233268_mpnn17_model2_af2pred,5.571,2kc8_A_l47_s233268_mpnn17_model2_af2pred,99,18,"[14, 46, 47, 17, 18, 20, 21, 24, 45, 42, 35, 36, 39, 40, 10, 43, 44, 13]",47,40,85.11,0,0.0,0,0.0,0,0.0,0,0.0,0,0.0,7,14.89,0,0.0,47
control_3,3.426,5.455,7.228,2.913,83.406,88.811,85.479,60.747,2kc8_A_l51_s230050_mpnn14_model2_af2pred,3.747,2kc8_A_l51_s230050_mpnn14_model2_af2pred,51,17,"[14, 39, 18, 21, 22, 25, 38, 1, 2, 33, 4, 34, 35, 7, 36, 10, 11]",51,41,80.39,0,0.0,0,0.0,0,0.0,0,0.0,0,0.0,10,19.61,0,0.0,51
control_3,3.713,8.118,12.982,3.279,68.721,85.203,75.338,59.527,2kc8_A_l55_s682471_mpnn11_model1_af2pred,3.937,2kc8_A_l55_s682471_mpnn11_model1_af2pred,72,18,"[47, 16, 17, 51, 20, 21, 24, 30, 32, 33, 35, 36, 37, 39, 40, 41, 43, 44]",55,50,90.91,0,0.0,0,0.0,0,0.0,0,0.0,0,0.0,5,9.09,0,0.0,55
control_3,2.43,8.485,8.796,4.192,68.517,84.412,74.967,59.473,2kc8_A_l56_s895948_mpnn1_model1_af2pred,2.849,2kc8_A_l56_s895948_mpnn1_model1_af2pred,58,26,"[46, 47, 49, 50, 53, 54, 2, 3, 4, 5, 6, 7, 8, 10, 13, 16, 17, 20, 24, 31, 32, 35, 38, 39, 42, 43]",56,36,64.29,0,0.0,0,0.0,0,0.0,0,0.0,12,21.43,8,14.29,0,0.0,56
control_3,2.461,9.845,10.118,3.894,62.792,84.075,71.428,6.729,2kc8_A_l56_s895948_mpnn9_model2_af2pred,2.909,2kc8_A_l56_s895948_mpnn9_model2_af2pred,93,26,"[46, 47, 49, 50, 53, 54, 2, 3, 4, 5, 6, 7, 8, 10, 13, 16, 17, 20, 31, 32, 35, 36, 38, 39, 42, 43]",56,36,64.29,3,5.36,0,0.0,0,0.0,0,0.0,8,14.29,9,16.07,0,0.0,56
control_3,4.726,9.72,10.991,3.267,66.331,88.711,75.878,59.984,2kc8_A_l61_s192369_mpnn1_model2_af2pred,5.906,2kc8_A_l61_s192369_mpnn1_model2_af2pred,27,20,"[47, 51, 15, 18, 21, 22, 25, 26, 28, 29, 30, 31, 32, 33, 36, 37, 40, 41, 43, 44]",61,57,93.44,0,0.0,0,0.0,0,0.0,0,0.0,0,0.0,4,6.56,0,0.0,61
control_3,3.729,10.141,13.283,2.908,61.916,87.712,72.92,4.994,2kc8_A_l61_s192369_mpnn2_model2_af2pred,4.972,2kc8_A_l61_s192369_mpnn2_model2_af2pred,67,20,"[47, 51, 18, 19, 21, 22, 25, 26, 28, 29, 30, 31, 32, 33, 36, 37, 40, 41, 43, 44]",61,57,93.44,0,0.0,0,0.0,0,0.0,0,0.0,0,0.0,4,6.56,0,0.0,61
control_3,3.583,9.594,15.779,3.219,62.856,87.641,73.429,4.962,2kc8_A_l61_s58917_mpnn2_model2_af2pred,4.727,2kc8_A_l61_s58917_mpnn2_model2_af2pred,56,15,"[46, 22, 25, 26, 29, 30, 31, 32, 33, 36, 37, 38, 39, 41, 42]",61,50,81.97,0,0.0,0,0.0,0,0.0,0,0.0,4,6.56,7,11.48,0,0.0,61
control_3,3.498,6.108,10.398,3.281,79.017,90.34,83.847,4.992,2kc8_A_l61_s58917_mpnn3_model2_af2pred,4.181,2kc8_A_l61_s58917_mpnn3_model2_af2pred,63,14,"[46, 22, 25, 26, 29, 30, 31, 32, 33, 35, 36, 37, 38, 42]",61,50,81.97,0,0.0,0,0.0,0,0.0,0,0.0,4,6.56,7,11.48,0,0.0,61
control_3,4.165,10.175,15.02,3.902,61.063,89.214,77.437,56.366,2kc8_A_l114_s300530_mpnn12_model2_af2pred,4.87,2kc8_A_l114_s300530_mpnn12_model2_af2pred,95,20,"[88, 92, 95, 12, 15, 16, 19, 22, 23, 24, 26, 27, 30, 31, 33, 34, 37, 38, 40, 41]",114,94,82.46,0,0.0,0,0.0,0,0.0,0,0.0,8,7.02,12,10.53,0,0.0,114
control_3,4.254,9.355,12.144,4.186,65.251,89.434,79.317,6.485,2kc8_A_l114_s300530_mpnn5_model2_af2pred,5.403,2kc8_A_l114_s300530_mpnn5_model2_af2pred,78,21,"[88, 92, 8, 12, 15, 16, 19, 22, 23, 26, 27, 29, 30, 31, 33, 34, 35, 37, 38, 40, 41]",114,96,84.21,0,0.0,0,0.0,0,0.0,0,0.0,5,4.39,13,11.4,0,0.0,114
control_3,4.403,9.812,13.657,2.81,62.068,90.877,78.824,6.354,2kc8_A_l114_s371599_mpnn19_model1_af2pred,4.883,2kc8_A_l114_s371599_mpnn19_model1_af2pred,39,23,"[46, 47, 50, 60, 64, 71, 81, 82, 86, 90, 27, 28, 31, 32, 34, 35, 37, 38, 39, 41, 42, 43, 45]",114,95,83.33,0,0.0,0,0.0,0,0.0,0,0.0,8,7.02,11,9.65,0,0.0,114
control_3,3.437,5.74,7.983,2.878,82.39,87.671,84.234,59.555,2kc8_A_l44_s618536_mpnn8_model2_af2pred,4.147,2kc8_A_l44_s618536_mpnn8_model2_af2pred,97,17,"[14, 17, 18, 21, 22, 29, 33, 2, 3, 36, 37, 6, 7, 40, 10, 11, 13]",44,39,88.64,0,0.0,0,0.0,0,0.0,0,0.0,0,0.0,5,11.36,0,0.0,44
control_3,3.045,9.148,11.135,2.622,66.24,84.922,72.86,59.912,2kc8_A_l45_s332745_mpnn1_model2_af2pred,4.275,2kc8_A_l45_s332745_mpnn1_model2_af2pred,73,13,"[20, 21, 23, 24, 25, 27, 28, 29, 35, 36, 39, 42, 43]",45,19,42.22,12,26.67,0,0.0,0,0.0,0,0.0,3,6.67,11,24.44,0,0.0,45
control_3,3.211,6.488,9.856,2.731,76.82,84.908,79.686,4.631,2kc8_A_l45_s332745_mpnn2_model2_af2pred,4.128,2kc8_A_l45_s332745_mpnn2_model2_af2pred,1,17,"[15, 19, 20, 21, 22, 24, 25, 27, 28, 29, 32, 35, 36, 38, 39, 42, 43]",45,20,44.44,12,26.67,0,0.0,0,0.0,0,0.0,3,6.67,10,22.22,0,0.0,45
control_3,2.287,7.719,8.336,3.425,73.643,87.283,78.679,60.222,2kc8_A_l48_s812730_mpnn1_model2_af2pred,2.333,2kc8_A_l48_s812730_mpnn1_model2_af2pred,24,16,"[15, 16, 18, 19, 22, 31, 32, 33, 34, 37, 5, 8, 9, 11, 12, 13]",48,37,77.08,0,0.0,0,0.0,0,0.0,0,0.0,0,0.0,11,22.92,0,0.0,48
control_3,2.225,7.436,8.196,3.385,75.385,88.25,80.135,4.565,2kc8_A_l48_s812730_mpnn2_model2_af2pred,2.406,2kc8_A_l48_s812730_mpnn2_model2_af2pred,70,16,"[15, 16, 18, 19, 22, 31, 32, 33, 34, 37, 5, 8, 9, 11, 12, 13]",48,37,77.08,0,0.0,0,0.0,0,0.0,0,0.0,0,0.0,11,22.92,0,0.0,48
control_3,4.126,8.349,10.16,3.027,70.14,92.988,83.022,6.073,2kc8_A_l106_s4768_mpnn1_model2_af2pred,4.806,2kc8_A_l106_s4768_mpnn1_model2_af2pred,59,22,"[46, 47, 49, 50, 52, 76, 79, 80, 81, 82, 83, 21, 25, 28, 32, 36, 38, 39, 41, 42, 43, 45]",106,94,88.68,0,0.0,0,0.0,0,0.0,0,0.0,0,0.0,12,11.32,0,0.0,106
control_3,3.96,8.758,11.026,3.167,68.402,92.411,81.939,6.099,2kc8_A_l106_s4768_mpnn2_model2_af2pred,4.212,2kc8_A_l106_s4768_mpnn2_model2_af2pred,14,22,"[46, 47, 49, 50, 52, 76, 79, 80, 81, 82, 83, 21, 25, 28, 32, 36, 38, 39, 41, 42, 43, 45]",106,94,88.68,0,0.0,0,0.0,0,0.0,0,0.0,0,0.0,12,11.32,0,0.0,106
control_3,4.066,9.995,17.973,2.723,60.196,91.424,77.875,62.522,2kc8_A_l107_s678926_mpnn17_model2_af2pred,5.208,2kc8_A_l107_s678926_mpnn17_model2_af2pred,100,11,"[47, 48, 50, 51, 52, 54, 55, 58, 101, 104, 105]",107,91,85.05,3,2.8,0,0.0,0,0.0,0,0.0,4,3.74,9,8.41,0,0.0,107
control_3,3.907,10.883,20.382,3.222,56.584,89.468,75.201,6.454,2kc8_A_l107_s678926_mpnn9_model2_af2pred,5.007,2kc8_A_l107_s678926_mpnn9_model2_af2pred,92,15,"[47, 48, 50, 51, 52, 54, 55, 58, 59, 61, 62, 97, 101, 104, 105]",107,91,85.05,3,2.8,0,0.0,0,0.0,0,0.0,4,3.74,9,8.41,0,0.0,107
control_3,4.825,10.477,17.199,3.024,57.308,89.22,75.448,63.012,2kc8_A_l108_s176583_mpnn2_model2_af2pred,6.901,2kc8_A_l108_s176583_mpnn2_model2_af2pred,90,21,"[52, 54, 55, 57, 58, 59, 61, 62, 65, 66, 69, 74, 75, 79, 80, 83, 84, 87, 88, 40, 44]",108,89,82.41,0,0.0,0,0.0,0,0.0,0,0.0,3,2.78,16,14.81,0,0.0,108
control_3,4.429,7.67,8.191,2.317,73.159,94.534,85.309,6.542,2kc8_A_l108_s556034_mpnn2_model2_af2pred,4.908,2kc8_A_l108_s556034_mpnn2_model2_af2pred,2,26,"[55, 56, 58, 59, 62, 63, 66, 69, 73, 75, 76, 81, 82, 83, 84, 86, 87, 88, 90, 91, 92, 94, 95, 98, 99, 102]",108,90,83.33,3,2.78,0,0.0,0,0.0,0,0.0,11,10.19,4,3.7,0,0.0,108
control_3,4.378,8.174,8.682,2.306,70.617,94.27,84.062,6.475,2kc8_A_l108_s556034_mpnn3_model1_af2pred,4.978,2kc8_A_l108_s556034_mpnn3_model1_af2pred,9,24,"[55, 56, 58, 59, 62, 63, 66, 69, 73, 75, 76, 81, 82, 84, 86, 87, 88, 90, 91, 92, 94, 95, 98, 99]",108,90,83.33,3,2.78,0,0.0,0,0.0,0,0.0,11,10.19,4,3.7,0,0.0,108
control_3,3.358,6.134,9.96,3.673,78.489,90.038,85.08,63.157,2kc8_A_l109_s441355_mpnn10_model2_af2pred,3.874,2kc8_A_l109_s441355_mpnn10_model2_af2pred,25,20,"[57, 58, 60, 61, 62, 64, 65, 66, 67, 68, 69, 70, 79, 80, 81, 82, 83, 84, 87, 94]",109,86,78.9,0,0.0,0,0.0,0,0.0,0,0.0,8,7.34,15,13.76,0,0.0,109
control_3,3.732,7.29,9.434,4.055,74.272,90.202,83.103,6.02,2kc8_A_l102_s659889_mpnn13_model2_af2pred,4.02,2kc8_A_l102_s659889_mpnn13_model2_af2pred,28,29,"[54, 56, 57, 67, 72, 80, 83, 84, 86, 87, 89, 90, 91, 92, 93, 94, 95, 97, 98, 100, 101, 1, 3, 5, 6, 8, 9, 10, 11]",102,74,72.55,3,2.94,0,0.0,0,0.0,0,0.0,7,6.86,18,17.65,0,0.0,102
control_3,4.115,8.477,10.839,3.349,69.995,92.53,82.487,6.444,2kc8_A_l102_s796125_mpnn13_model2_af2pred,5.141,2kc8_A_l102_s796125_mpnn13_model2_af2pred,71,22,"[65, 66, 67, 69, 71, 72, 7, 9, 10, 12, 14, 32, 34, 35, 36, 37, 40, 41, 42, 43, 44, 45]",102,27,26.47,0,0.0,0,0.0,51,50.0,0,0.0,12,11.76,12,11.76,0,0.0,102
control_3,4.149,10.021,15.567,4.198,60.86,88.311,76.209,62.327,2kc8_A_l104_s152373_mpnn2_model2_af2pred,5.519,2kc8_A_l104_s152373_mpnn2_model2_af2pred,7,18,"[78, 79, 71, 81, 82, 84, 88, 74, 64, 4, 68, 6, 7, 75, 73, 10, 70, 77]",104,89,85.58,0,0.0,0,0.0,0,0.0,0,0.0,9,8.65,6,5.77,0,0.0,104
control_3,3.924,10.688,15.155,4.146,59.249,88.298,75.491,6.442,2kc8_A_l104_s152373_mpnn4_model2_af2pred,4.312,2kc8_A_l104_s152373_mpnn4_model2_af2pred,81,18,"[77, 78, 71, 81, 82, 84, 85, 74, 64, 67, 4, 75, 6, 7, 73, 10, 70, 13]",104,89,85.58,0,0.0,0,0.0,0,0.0,0,0.0,4,3.85,11,10.58,0,0.0,104
control_3,4.007,9.784,14.852,2.378,61.305,92.046,78.566,62.527,2kc8_A_l105_s702365_mpnn13_model1_af2pred,5.109,2kc8_A_l105_s702365_mpnn13_model1_af2pred,41,18,"[78, 79, 81, 82, 83, 85, 29, 32, 33, 66, 67, 68, 69, 70, 71, 72, 74, 75]",105,66,62.86,0,0.0,0,0.0,17,16.19,0,0.0,7,6.67,15,14.29,0,0.0,105
control_3,3.735,8.133,16.191,2.4,66.543,91.904,80.783,6.289,2kc8_A_l105_s702365_mpnn7_model2_af2pred,4.788,2kc8_A_l105_s702365_mpnn7_model2_af2pred,15,18,"[78, 79, 81, 82, 83, 85, 26, 32, 33, 67, 36, 68, 69, 71, 72, 75, 74, 70]",105,62,59.05,3,2.86,0,0.0,17,16.19,2,1.9,6,5.71,15,14.29,0,0.0,105
control_3,3.878,8.223,10.037,2.394,70.777,93.432,83.551,57.541,2kc8_A_l106_s429607_mpnn1_model1_af2pred,4.155,2kc8_A_l106_s429607_mpnn1_model1_af2pred,18,23,"[54, 58, 59, 61, 62, 63, 65, 66, 67, 69, 70, 71, 73, 74, 78, 79, 80, 81, 95, 99, 31, 35, 38]",106,88,83.02,0,0.0,0,0.0,0,0.0,0,0.0,4,3.77,14,13.21,0,0.0,106
control_3,3.831,8.888,10.978,2.43,66.899,93.03,81.632,6.12,2kc8_A_l106_s429607_mpnn2_model2_af2pred,4.012,2kc8_A_l106_s429607_mpnn2_model2_af2pred,55,25,"[54, 57, 58, 59, 61, 62, 63, 65, 66, 67, 69, 70, 71, 72, 73, 74, 78, 79, 80, 81, 92, 95, 31, 35, 38]",106,88,83.02,0,0.0,0,0.0,0,0.0,0,0.0,4,3.77,14,13.21,0,0.0,106
control_3,3.486,5.816,7.357,2.385,80.405,93.037,86.603,5.724,2kc8_A_l79_s238641_mpnn4_model2_af2pred,3.93,2kc8_A_l79_s238641_mpnn4_model2_af2pred,83,20,"[47, 48, 49, 50, 51, 52, 54, 55, 56, 58, 59, 61, 75, 78, 79, 23, 25, 26, 29, 44]",79,68,86.08,0,0.0,0,0.0,0,0.0,0,0.0,0,0.0,11,13.92,0,0.0,79
control_3,3.205,11.518,16.856,2.897,54.556,86.166,70.066,5.685,2kc8_A_l79_s241993_mpnn3_model1_af2pred,3.612,2kc8_A_l79_s241993_mpnn3_model1_af2pred,30,17,"[14, 48, 17, 18, 50, 20, 21, 22, 23, 51, 52, 26, 53, 29, 30, 33, 37]",79,57,72.15,0,0.0,0,0.0,6,7.59,0,0.0,4,5.06,12,15.19,0,0.0,79
control_3,5.169,10.858,18.771,2.795,55.204,86.16,70.394,5.724,2kc8_A_l79_s241993_mpnn4_model1_af2pred,14.823,2kc8_A_l79_s241993_mpnn4_model1_af2pred,47,15,"[14, 48, 17, 18, 49, 51, 21, 22, 23, 53, 26, 29, 30, 33, 37]",79,57,72.15,0,0.0,0,0.0,6,7.59,0,0.0,4,5.06,12,15.19,0,0.0,79
control_3,3.766,8.13,11.086,2.46,68.79,91.307,79.839,5.612,2kc8_A_l79_s76744_mpnn1_model2_af2pred,4.094,2kc8_A_l79_s76744_mpnn1_model2_af2pred,65,19,"[46, 49, 72, 75, 76, 17, 19, 30, 31, 34, 35, 37, 38, 39, 41, 42, 43, 44, 45]",79,63,79.75,0,0.0,0,0.0,0,0.0,0,0.0,7,8.86,9,11.39,0,0.0,79
control_3,3.882,8.415,11.039,2.565,67.858,90.797,79.114,5.726,2kc8_A_l79_s76744_mpnn3_model2_af2pred,4.57,2kc8_A_l79_s76744_mpnn3_model2_af2pred,86,18,"[46, 17, 49, 76, 30, 31, 34, 35, 75, 37, 38, 39, 72, 41, 42, 43, 44, 45]",79,63,79.75,0,0.0,0,0.0,0,0.0,0,0.0,7,8.86,9,11.39,0,0.0,79
control_3,2.448,8.048,8.557,3.417,70.66,89.264,79.905,62.973,2kc8_A_l81_s358285_mpnn10_model1_af2pred,2.927,2kc8_A_l81_s358285_mpnn10_model1_af2pred,26,25,"[46, 47, 56, 60, 64, 67, 68, 71, 4, 5, 8, 9, 12, 13, 15, 16, 19, 20, 23, 33, 35, 36, 38, 39, 42]",81,66,81.48,3,3.7,0,0.0,0,0.0,0,0.0,6,7.41,6,7.41,0,0.0,81
control_3,4.134,12.011,21.231,3.624,51.203,83.298,67.444,62.733,2kc8_A_l84_s366380_mpnn7_model2_af2pred,21.413,2kc8_A_l84_s366380_mpnn7_model2_af2pred,12,14,"[14, 17, 18, 19, 20, 54, 23, 57, 58, 62, 65, 6, 7, 12]",84,46,54.76,0,0.0,0,0.0,16,19.05,0,0.0,6,7.14,16,19.05,0,0.0,84
control_3,3.316,5.705,8.538,3.199,79.703,91.442,85.643,5.82,2kc8_A_l84_s898738_mpnn5_model2_af2pred,3.815,2kc8_A_l84_s898738_mpnn5_model2_af2pred,35,23,"[46, 47, 48, 49, 64, 68, 8, 9, 12, 15, 16, 19, 23, 24, 26, 27, 30, 31, 34, 35, 38, 44, 45]",84,64,76.19,3,3.57,0,0.0,0,0.0,0,0.0,5,5.95,12,14.29,0,0.0,84
control_3,3.804,10.593,16.476,4.283,58.909,84.928,71.338,5.585,2kc8_A_l75_s902163_mpnn1_model2_af2pred,6.425,2kc8_A_l75_s902163_mpnn1_model2_af2pred,88,19,"[46, 47, 49, 50, 51, 53, 54, 55, 57, 58, 60, 61, 64, 30, 37, 39, 40, 41, 43]",75,67,89.33,0,0.0,0,0.0,0,0.0,0,0.0,0,0.0,8,10.67,0,0.0,75
control_3,3.663,10.188,15.094,4.271,61.325,85.32,72.788,5.573,2kc8_A_l75_s902163_mpnn2_model2_af2pred,5.832,2kc8_A_l75_s902163_mpnn2_model2_af2pred,32,19,"[46, 47, 50, 51, 53, 54, 55, 57, 58, 60, 61, 64, 30, 37, 39, 40, 41, 43, 44]",75,66,88.0,0,0.0,0,0.0,0,0.0,0,0.0,0,0.0,9,12.0,0,0.0,75
control_3,3.981,10.592,18.986,3.018,56.764,86.262,70.953,58.831,2kc8_A_l76_s551117_mpnn15_model2_af2pred,6.342,2kc8_A_l76_s551117_mpnn15_model2_af2pred,85,12,"[39, 16, 32, 2, 3, 4, 5, 6, 36, 40, 9, 38]",76,55,72.37,0,0.0,0,0.0,0,0.0,0,0.0,5,6.58,16,21.05,0,0.0,76
control_3,4.16,11.155,13.962,3.017,58.255,88.086,72.702,61.448,2kc8_A_l77_s502754_mpnn1_model2_af2pred,5.313,2kc8_A_l77_s502754_mpnn1_model2_af2pred,66,23,"[65, 68, 69, 72, 76, 3, 4, 5, 6, 7, 8, 9, 11, 12, 13, 15, 16, 17, 18, 19, 20, 23, 24]",77,59,76.62,0,0.0,0,0.0,0,0.0,0,0.0,7,9.09,11,14.29,0,0.0,77
control_3,4.8,9.218,11.368,3.117,66.164,88.91,77.179,5.581,2kc8_A_l77_s502754_mpnn4_model2_af2pred,5.742,2kc8_A_l77_s502754_mpnn4_model2_af2pred,98,25,"[65, 68, 69, 72, 76, 3, 4, 5, 6, 7, 8, 9, 11, 12, 13, 15, 16, 17, 18, 19, 20, 22, 23, 24, 26]",77,59,76.62,0,0.0,0,0.0,0,0.0,0,0.0,7,9.09,11,14.29,0,0.0,77
control_3,3.4,8.419,8.823,2.659,70.014,90.649,80.007,5.63,2kc8_A_l77_s671746_mpnn1_model1_af2pred,3.798,2kc8_A_l77_s671746_mpnn1_model1_af2pred,22,25,"[46, 47, 49, 50, 51, 52, 53, 54, 55, 56, 59, 3, 6, 7, 10, 11, 32, 35, 36, 37, 39, 40, 42, 43, 44]",77,67,87.01,0,0.0,0,0.0,0,0.0,0,0.0,4,5.19,6,7.79,0,0.0,77
control_3,3.807,8.754,12.39,3.254,66.46,87.386,76.594,5.665,2kc8_A_l77_s671746_mpnn3_model1_af2pred,4.237,2kc8_A_l77_s671746_mpnn3_model1_af2pred,53,21,"[46, 47, 51, 52, 53, 54, 55, 56, 59, 2, 3, 11, 32, 35, 36, 37, 39, 40, 42, 43, 44]",77,66,85.71,0,0.0,0,0.0,0,0.0,0,0.0,4,5.19,7,9.09,0,0.0,77
control_3,3.519,5.767,7.273,2.352,80.5,92.908,86.588,64.27,2kc8_A_l79_s238641_mpnn2_model2_af2pred,3.839,2kc8_A_l79_s238641_mpnn2_model2_af2pred,5,18,"[78, 47, 48, 49, 79, 51, 52, 54, 23, 55, 25, 26, 56, 58, 29, 59, 61, 44]",79,68,86.08,0,0.0,0,0.0,0,0.0,0,0.0,0,0.0,11,13.92,0,0.0,79
control_3,3.478,8.388,10.061,3.521,69.528,89.355,78.588,62.787,2kc8_A_l69_s474538_mpnn3_model1_af2pred,4.009,2kc8_A_l69_s474538_mpnn3_model1_af2pred,76,24,"[46, 47, 48, 50, 51, 52, 53, 54, 55, 57, 58, 61, 8, 15, 16, 19, 20, 23, 26, 40, 41, 42, 43, 44]",69,60,86.96,0,0.0,0,0.0,0,0.0,0,0.0,3,4.35,6,8.7,0,0.0,69
control_3,3.745,8.142,9.083,3.586,72.115,90.344,80.445,5.336,2kc8_A_l69_s474538_mpnn4_model2_af2pred,4.198,2kc8_A_l69_s474538_mpnn4_model2_af2pred,43,23,"[46, 47, 48, 50, 51, 52, 54, 55, 57, 58, 61, 62, 15, 16, 19, 20, 23, 26, 36, 40, 42, 43, 44]",69,60,86.96,0,0.0,0,0.0,0,0.0,0,0.0,3,4.35,6,8.7,0,0.0,69
control_3,3.985,7.132,10.215,3.529,72.992,86.738,79.322,53.818,2kc8_A_l70_s718120_mpnn3_model1_af2pred,6.052,2kc8_A_l70_s718120_mpnn3_model1_af2pred,21,19,"[46, 47, 60, 21, 22, 23, 24, 27, 30, 31, 34, 35, 37, 38, 39, 41, 42, 43, 45]",70,39,55.71,0,0.0,0,0.0,0,0.0,2,2.86,10,14.29,19,27.14,0,0.0,70
control_3,3.886,8.472,10.664,2.674,68.273,89.225,77.922,5.148,2kc8_A_l70_s718120_mpnn4_model1_af2pred,5.304,2kc8_A_l70_s718120_mpnn4_model1_af2pred,0,17,"[46, 21, 24, 27, 60, 30, 31, 64, 33, 34, 35, 37, 38, 39, 41, 42, 45]",70,40,57.14,0,0.0,0,0.0,0,0.0,2,2.86,10,14.29,18,25.71,0,0.0,70
control_3,3.655,10.187,14.297,2.99,60.489,87.267,72.821,5.11,2kc8_A_l70_s778685_mpnn7_model2_af2pred,4.257,2kc8_A_l70_s778685_mpnn7_model2_af2pred,42,17,"[46, 48, 49, 52, 53, 56, 57, 59, 60, 63, 35, 36, 67, 38, 39, 42, 43]",70,60,85.71,0,0.0,0,0.0,0,0.0,0,0.0,4,5.71,6,8.57,0,0.0,70
control_3,4.704,10.418,13.039,2.543,60.174,88.715,73.808,62.137,2kc8_A_l75_s376505_mpnn2_model2_af2pred,5.674,2kc8_A_l75_s376505_mpnn2_model2_af2pred,52,16,"[46, 49, 50, 53, 57, 58, 61, 62, 64, 65, 3, 68, 69, 71, 72, 42]",75,65,86.67,0,0.0,0,0.0,0,0.0,0,0.0,0,0.0,10,13.33,0,0.0,75
control_3,3.562,8.06,11.608,2.697,68.117,89.129,78.155,5.615,2kc8_A_l75_s376505_mpnn8_model2_af2pred,4.429,2kc8_A_l75_s376505_mpnn8_model2_af2pred,74,17,"[46, 49, 50, 53, 57, 58, 61, 62, 64, 65, 3, 68, 69, 71, 72, 42, 43]",75,65,86.67,0,0.0,0,0.0,0,0.0,0,0.0,0,0.0,10,13.33,0,0.0,75
control_3,4.326,7.677,9.138,3.094,72.031,90.739,80.968,8.295,2kc8_A_l75_s885196_mpnn12_model1_af2pred,5.807,2kc8_A_l75_s885196_mpnn12_model1_af2pred,8,18,"[47, 48, 51, 20, 21, 52, 24, 25, 27, 28, 30, 34, 35, 39, 40, 43, 44, 45]",75,52,69.33,0,0.0,0,0.0,0,0.0,0,0.0,9,12.0,14,18.67,0,0.0,75
control_3,3.813,9.6,15.434,3.326,63.045,85.591,72.663,4.981,2kc8_A_l61_s715208_mpnn3_model2_af2pred,5.795,2kc8_A_l61_s715208_mpnn3_model2_af2pred,34,16,"[48, 18, 21, 22, 25, 28, 30, 31, 32, 33, 34, 37, 40, 41, 44, 45]",61,50,81.97,0,0.0,0,0.0,0,0.0,0,0.0,7,11.48,4,6.56,0,0.0,61
control_3,3.925,9.651,16.008,3.229,62.454,85.683,72.363,4.985,2kc8_A_l61_s715208_mpnn7_model2_af2pred,7.044,2kc8_A_l61_s715208_mpnn7_model2_af2pred,84,18,"[14, 48, 18, 21, 22, 25, 28, 30, 31, 32, 33, 34, 37, 40, 41, 43, 44, 45]",61,50,81.97,0,0.0,0,0.0,0,0.0,0,0.0,7,11.48,4,6.56,0,0.0,61
control_3,3.706,9.429,12.314,4.07,65.966,85.434,74.425,60.44,2kc8_A_l63_s144302_mpnn3_model2_af2pred,5.352,2kc8_A_l63_s144302_mpnn3_model2_af2pred,69,20,"[47, 48, 51, 52, 54, 55, 58, 59, 61, 62, 63, 5, 8, 9, 12, 15, 16, 19, 23, 44]",63,54,85.71,0,0.0,0,0.0,0,0.0,0,0.0,5,7.94,4,6.35,0,0.0,63
control_3,3.473,6.922,9.769,3.911,75.662,88.058,81.047,5.141,2kc8_A_l63_s144302_mpnn4_model2_af2pred,4.926,2kc8_A_l63_s144302_mpnn4_model2_af2pred,75,18,"[15, 16, 47, 48, 19, 51, 54, 23, 55, 58, 59, 61, 62, 63, 5, 8, 9, 12]",63,54,85.71,0,0.0,0,0.0,0,0.0,0,0.0,5,7.94,4,6.35,0,0.0,63
control_3,2.966,7.801,8.908,3.062,72.301,88.63,79.396,5.085,2kc8_A_l63_s872698_mpnn3_model1_af2pred,5.696,2kc8_A_l63_s872698_mpnn3_model1_af2pred,11,16,"[46, 49, 50, 53, 56, 57, 26, 33, 34, 35, 36, 37, 38, 39, 40, 45]",63,9,14.29,6,9.52,0,0.0,28,44.44,0,0.0,12,19.05,8,12.7,0,0.0,63
control_3,2.76,8.017,8.755,3.055,71.576,89.69,79.446,5.105,2kc8_A_l63_s872698_mpnn8_model1_af2pred,6.048,2kc8_A_l63_s872698_mpnn8_model1_af2pred,19,16,"[46, 49, 50, 53, 56, 57, 26, 33, 34, 35, 36, 37, 38, 39, 40, 45]",63,13,20.63,0,0.0,0,0.0,27,42.86,0,0.0,17,26.98,6,9.52,0,0.0,63
control_3,3.484,5.67,8.226,2.755,80.847,89.731,84.842,60.649,2kc8_A_l67_s489128_mpnn3_model2_af2pred,4.439,2kc8_A_l67_s489128_mpnn3_model2_af2pred,50,18,"[46, 48, 49, 52, 53, 26, 27, 60, 30, 64, 33, 2, 5, 39, 41, 42, 44, 45]",67,56,83.58,0,0.0,0,0.0,0,0.0,0,0.0,0,0.0,11,16.42,0,0.0,67
control_3,3.899,8.688,13.974,2.882,65.268,85.91,74.55,5.33,2kc8_A_l67_s489128_mpnn6_model2_af2pred,4.752,2kc8_A_l67_s489128_mpnn6_model2_af2pred,4,20,"[46, 48, 49, 52, 53, 60, 64, 1, 4, 5, 8, 26, 30, 33, 37, 39, 41, 42, 44, 45]",67,56,83.58,0,0.0,0,0.0,0,0.0,0,0.0,0,0.0,11,16.42,0,0.0,67
control_3,3.977,8.384,11.477,3.009,68.071,91.702,80.816,6.008,2kc8_A_l96_s3628_mpnn17_model2_af2pred,5.692,2kc8_A_l96_s3628_mpnn17_model2_af2pred,57,22,"[48, 49, 50, 51, 52, 55, 58, 59, 62, 65, 66, 27, 31, 33, 34, 35, 36, 38, 39, 40, 42, 43]",96,70,72.92,6,6.25,0,0.0,0,0.0,0,0.0,2,2.08,18,18.75,0,0.0,96
control_3,3.906,8.429,11.815,2.512,67.481,92.871,81.174,5.958,2kc8_A_l96_s583308_mpnn6_model2_af2pred,4.763,2kc8_A_l96_s583308_mpnn6_model2_af2pred,91,16,"[80, 83, 84, 87, 88, 91, 94, 95, 2, 3, 5, 6, 9, 10, 12, 13]",96,77,80.21,3,3.12,0,0.0,0,0.0,0,0.0,6,6.25,10,10.42,0,0.0,96
control_3,3.763,7.657,12.337,2.765,70.137,91.911,81.88,5.986,2kc8_A_l96_s583308_mpnn7_model1_af2pred,4.151,2kc8_A_l96_s583308_mpnn7_model1_af2pred,96,16,"[80, 83, 84, 87, 88, 91, 94, 95, 2, 3, 5, 6, 7, 9, 10, 13]",96,81,84.38,3,3.12,0,0.0,0,0.0,0,0.0,3,3.12,9,9.38,0,0.0,96
control_3,4.061,7.596,8.142,2.422,74.535,95.088,85.62,6.013,2kc8_A_l96_s70858_mpnn2_model2_af2pred,4.466,2kc8_A_l96_s70858_mpnn2_model2_af2pred,36,28,"[46, 49, 50, 52, 53, 54, 56, 57, 61, 62, 63, 64, 65, 66, 69, 70, 73, 20, 21, 22, 23, 24, 27, 28, 31, 42, 43, 45]",96,78,81.25,3,3.12,0,0.0,0,0.0,0,0.0,7,7.29,8,8.33,0,0.0,96
control_3,3.913,7.14,7.599,2.418,76.511,95.482,86.743,6.032,2kc8_A_l96_s70858_mpnn7_model2_af2pred,4.275,2kc8_A_l96_s70858_mpnn7_model2_af2pred,13,28,"[46, 49, 50, 52, 53, 54, 56, 57, 61, 62, 63, 64, 65, 66, 69, 70, 73, 20, 21, 22, 23, 24, 27, 28, 31, 42, 43, 45]",96,78,81.25,3,3.12,0,0.0,0,0.0,0,0.0,7,7.29,8,8.33,0,0.0,96
control_3,4.274,9.514,12.452,3.071,64.333,90.614,78.641,54.35,2kc8_A_l98_s81878_mpnn4_model2_af2pred,5.172,2kc8_A_l98_s81878_mpnn4_model2_af2pred,38,19,"[48, 50, 52, 53, 54, 56, 57, 58, 60, 61, 64, 65, 67, 68, 1, 2, 5, 35, 39]",98,68,69.39,0,0.0,0,0.0,4,4.08,0,0.0,9,9.18,17,17.35,0,0.0,98
control_3,4.264,8.141,10.071,3.877,70.927,89.066,80.803,5.901,2kc8_A_l98_s84663_mpnn2_model2_af2pred,5.783,2kc8_A_l98_s84663_mpnn2_model2_af2pred,10,18,"[46, 71, 54, 55, 58, 59, 60, 62, 63, 65, 66, 35, 67, 69, 70, 39, 42, 43]",98,84,85.71,0,0.0,0,0.0,0,0.0,0,0.0,3,3.06,11,11.22,0,0.0,98
control_3,4.364,8.034,9.346,3.308,72.563,91.894,83.088,5.872,2kc8_A_l98_s84663_mpnn3_model2_af2pred,5.833,2kc8_A_l98_s84663_mpnn3_model2_af2pred,94,17,"[46, 71, 55, 58, 59, 60, 62, 63, 65, 66, 35, 67, 69, 70, 39, 42, 43]",98,84,85.71,0,0.0,0,0.0,0,0.0,0,0.0,3,3.06,11,11.22,0,0.0,98
control_3,4.225,9.473,11.533,2.997,65.708,91.726,79.604,5.683,2kc8_A_l94_s844083_mpnn3_model2_af2pred,5.658,2kc8_A_l94_s844083_mpnn3_model2_af2pred,46,16,"[78, 49, 52, 53, 56, 57, 63, 64, 66, 67, 68, 70, 71, 74, 75, 77]",94,79,84.04,0,0.0,0,0.0,0,0.0,0,0.0,8,8.51,7,7.45,0,0.0,94
control_3,3.798,9.266,11.112,2.597,65.274,91.657,79.434,63.868,2kc8_A_l95_s207390_mpnn1_model2_af2pred,6.494,2kc8_A_l95_s207390_mpnn1_model2_af2pred,87,22,"[58, 62, 65, 8, 11, 12, 15, 19, 21, 23, 24, 26, 27, 28, 30, 31, 32, 34, 35, 38, 41, 42]",95,80,84.21,0,0.0,0,0.0,0,0.0,0,0.0,7,7.37,8,8.42,0,0.0,95
control_3,3.961,8.877,13.949,2.441,64.725,91.688,79.197,6.111,2kc8_A_l95_s207390_mpnn2_model2_af2pred,8.259,2kc8_A_l95_s207390_mpnn2_model2_af2pred,54,19,"[58, 62, 65, 8, 11, 12, 15, 21, 23, 24, 27, 28, 30, 31, 32, 34, 35, 38, 42]",95,81,85.26,0,0.0,0,0.0,0,0.0,0,0.0,3,3.16,11,11.58,0,0.0,95
control_3,3.654,9.631,13.999,2.732,62.243,91.469,77.929,6.067,2kc8_A_l95_s794589_mpnn2_model1_af2pred,5.092,2kc8_A_l95_s794589_mpnn2_model1_af2pred,6,19,"[47, 63, 66, 69, 70, 71, 72, 73, 74, 77, 78, 31, 33, 36, 37, 40, 41, 43, 44]",95,82,86.32,0,0.0,0,0.0,0,0.0,0,0.0,0,0.0,13,13.68,0,0.0,95
control_3,3.706,8.158,11.544,2.881,68.711,91.886,81.149,6.042,2kc8_A_l95_s794589_mpnn5_model1_af2pred,5.885,2kc8_A_l95_s794589_mpnn5_model1_af2pred,16,17,"[78, 47, 73, 31, 70, 33, 66, 36, 37, 69, 71, 40, 41, 74, 43, 44, 77]",95,82,86.32,0,0.0,0,0.0,0,0.0,0,0.0,0,0.0,13,13.68,0,0.0,95
control_3,4.02,9.452,23.396,3.064,61.706,91.447,77.746,64.401,2kc8_A_l96_s31061_mpnn3_model2_af2pred,6.633,2kc8_A_l96_s31061_mpnn3_model2_af2pred,77,11,"[14, 46, 17, 18, 20, 21, 22, 25, 28, 9, 10]",96,78,81.25,0,0.0,0,0.0,0,0.0,0,0.0,8,8.33,10,10.42,0,0.0,96
control_3,3.987,9.5,22.737,2.815,61.478,92.106,77.997,6.088,2kc8_A_l96_s31061_mpnn4_model2_af2pred,6.396,2kc8_A_l96_s31061_mpnn4_model2_af2pred,64,14,"[14, 15, 46, 17, 18, 20, 21, 22, 24, 57, 7, 9, 10, 11]",96,78,81.25,0,0.0,0,0.0,0,0.0,0,0.0,8,8.33,10,10.42,0,0.0,96
control_3,3.906,9.214,13.668,3.306,64.458,90.281,78.385,6.02,2kc8_A_l96_s3628_mpnn13_model2_af2pred,5.743,2kc8_A_l96_s3628_mpnn13_model2_af2pred,99,20,"[48, 49, 50, 51, 52, 55, 58, 59, 62, 66, 27, 31, 33, 34, 35, 36, 38, 39, 42, 43]",96,70,72.92,6,6.25,0,0.0,0,0.0,0,0.0,2,2.08,18,18.75,0,0.0,96
control_3,4.566,8.238,11.13,2.938,68.477,90.185,79.896,65.004,2kc8_A_l91_s483533_mpnn1_model2_af2pred,6.139,2kc8_A_l91_s483533_mpnn1_model2_af2pred,82,15,"[14, 15, 16, 18, 19, 22, 23, 28, 31, 32, 3, 4, 35, 11, 12]",91,74,81.32,0,0.0,0,0.0,0,0.0,0,0.0,0,0.0,17,18.68,0,0.0,91
control_3,4.568,8.312,11.422,3.087,68.465,89.02,79.277,6.102,2kc8_A_l91_s483533_mpnn8_model1_af2pred,6.424,2kc8_A_l91_s483533_mpnn8_model1_af2pred,31,16,"[14, 15, 16, 18, 19, 22, 23, 25, 28, 31, 32, 3, 4, 35, 11, 12]",91,73,80.22,0,0.0,0,0.0,0,0.0,0,0.0,4,4.4,14,15.38,0,0.0,91
control_3,4.006,7.92,11.149,4.499,70.009,87.003,78.994,63.949,2kc8_A_l92_s719697_mpnn1_model1_af2pred,5.617,2kc8_A_l92_s719697_mpnn1_model1_af2pred,68,21,"[46, 50, 78, 15, 16, 19, 20, 22, 23, 24, 26, 27, 29, 30, 31, 33, 34, 36, 39, 42, 43]",92,79,85.87,0,0.0,0,0.0,0,0.0,0,0.0,9,9.78,4,4.35,0,0.0,92
control_3,3.926,7.145,9.801,3.155,73.311,91.007,82.668,6.144,2kc8_A_l92_s719697_mpnn2_model1_af2pred,5.166,2kc8_A_l92_s719697_mpnn2_model1_af2pred,23,19,"[46, 50, 78, 15, 19, 20, 22, 23, 24, 26, 27, 29, 30, 31, 33, 34, 36, 42, 43]",92,78,84.78,0,0.0,0,0.0,0,0.0,0,0.0,9,9.78,5,5.43,0,0.0,92
control_3,3.605,6.269,7.251,2.729,80.394,93.028,87.142,54.827,2kc8_A_l94_s362489_mpnn6_model2_af2pred,4.316,2kc8_A_l94_s362489_mpnn6_model2_af2pred,62,26,"[1, 2, 3, 4, 5, 6, 11, 12, 14, 15, 16, 17, 18, 19, 21, 22, 23, 25, 26, 27, 28, 29, 30, 31, 33, 35]",94,69,73.4,0,0.0,0,0.0,0,0.0,0,0.0,13,13.83,12,12.77,0,0.0,94
control_3,4.226,8.189,9.426,3.866,71.107,92.016,82.275,5.733,2kc8_A_l94_s683987_mpnn1_model2_af2pred,5.657,2kc8_A_l94_s683987_mpnn1_model2_af2pred,3,25,"[54, 57, 58, 61, 62, 64, 65, 68, 69, 71, 72, 75, 76, 79, 24, 27, 30, 31, 34, 37, 38, 39, 41, 42, 44]",94,84,89.36,0,0.0,0,0.0,0,0.0,0,0.0,4,4.26,6,6.38,0,0.0,94
control_3,4.237,8.314,9.733,3.854,70.398,91.66,81.754,5.707,2kc8_A_l94_s683987_mpnn3_model2_af2pred,5.268,2kc8_A_l94_s683987_mpnn3_model2_af2pred,29,25,"[54, 57, 58, 61, 62, 64, 65, 68, 69, 71, 72, 75, 76, 24, 27, 30, 31, 34, 37, 38, 39, 41, 42, 44, 45]",94,84,89.36,0,0.0,0,0.0,0,0.0,0,0.0,4,4.26,6,6.38,0,0.0,94
control_3,4.359,9.342,11.364,2.901,66.419,92.004,80.084,5.753,2kc8_A_l94_s844083_mpnn2_model2_af2pred,5.421,2kc8_A_l94_s844083_mpnn2_model2_af2pred,60,17,"[78, 49, 81, 52, 53, 56, 57, 63, 64, 66, 67, 68, 70, 71, 74, 75, 77]",94,79,84.04,0,0.0,0,0.0,0,0.0,0,0.0,8,8.51,7,7.45,0,0.0,94
control_3,4.009,10.329,12.385,2.434,61.262,91.141,76.47,63.186,2kc8_A_l85_s300956_mpnn5_model2_af2pred,4.876,2kc8_A_l85_s300956_mpnn5_model2_af2pred,37,21,"[47, 48, 49, 50, 51, 52, 53, 3, 6, 7, 10, 14, 17, 21, 30, 33, 37, 40, 41, 43, 44]",85,69,81.18,7,8.24,0,0.0,0,0.0,0,0.0,4,4.71,5,5.88,0,0.0,85
control_3,4.194,9.96,11.95,2.301,63.444,91.556,77.752,5.85,2kc8_A_l85_s300956_mpnn9_model2_af2pred,5.645,2kc8_A_l85_s300956_mpnn9_model2_af2pred,33,18,"[14, 47, 48, 50, 51, 52, 33, 34, 3, 37, 6, 7, 40, 41, 10, 43, 44, 45]",85,69,81.18,7,8.24,0,0.0,0,0.0,0,0.0,4,4.71,5,5.88,0,0.0,85
control_3,4.028,8.757,9.7,2.466,70.02,93.303,82.072,62.94,2kc8_A_l88_s265701_mpnn2_model2_af2pred,5.387,2kc8_A_l88_s265701_mpnn2_model2_af2pred,61,17,"[14, 15, 46, 49, 18, 19, 21, 22, 76, 26, 29, 31, 8, 73, 42, 11, 12]",88,78,88.64,0,0.0,0,0.0,0,0.0,0,0.0,0,0.0,10,11.36,0,0.0,88
control_3,4.191,9.888,11.126,2.515,65.412,92.837,79.608,5.963,2kc8_A_l88_s265701_mpnn3_model2_af2pred,5.956,2kc8_A_l88_s265701_mpnn3_model2_af2pred,48,16,"[14, 15, 46, 49, 18, 19, 21, 22, 25, 26, 29, 31, 8, 42, 11, 12]",88,78,88.64,0,0.0,0,0.0,0,0.0,0,0.0,0,0.0,10,11.36,0,0.0,88
control_3,3.725,9.337,11.905,2.116,64.626,93.851,79.918,54.814,2kc8_A_l90_s192364_mpnn1_model2_af2pred,4.651,2kc8_A_l90_s192364_mpnn1_model2_af2pred,17,21,"[51, 52, 54, 55, 56, 58, 59, 60, 61, 62, 63, 65, 66, 67, 70, 75, 78, 85, 24, 27, 31]",90,78,86.67,0,0.0,0,0.0,0,0.0,0,0.0,4,4.44,8,8.89,0,0.0,90
control_3,3.846,8.466,11.045,2.163,67.848,93.673,81.361,5.88,2kc8_A_l90_s192364_mpnn3_model2_af2pred,4.535,2kc8_A_l90_s192364_mpnn3_model2_af2pred,49,19,"[49, 51, 52, 54, 55, 56, 58, 59, 61, 62, 63, 65, 66, 70, 78, 89, 24, 27, 31]",90,77,85.56,0,0.0,0,0.0,0,0.0,0,0.0,4,4.44,9,10.0,0,0.0,90
control_3,3.527,5.844,8.616,2.984,80.595,91.421,86.26,5.856,2kc8_A_l90_s209445_mpnn5_model2_af2pred,4.261,2kc8_A_l90_s209445_mpnn5_model2_af2pred,45,19,"[52, 53, 56, 67, 71, 72, 74, 75, 77, 78, 79, 81, 82, 84, 85, 88, 26, 31, 32]",90,68,75.56,0,0.0,0,0.0,0,0.0,0,0.0,0,0.0,22,24.44,0,0.0,90
control_3,3.513,5.847,8.512,3.313,79.839,89.849,85.076,5.83,2kc8_A_l90_s209445_mpnn6_model2_af2pred,3.989,2kc8_A_l90_s209445_mpnn6_model2_af2pred,80,19,"[52, 53, 56, 67, 71, 72, 74, 75, 77, 78, 79, 81, 82, 84, 85, 88, 26, 29, 31]",90,68,75.56,0,0.0,0,0.0,0,0.0,0,0.0,4,4.44,18,20.0,0,0.0,90
control_3,4.583,10.611,22.301,2.666,56.38,88.915,74.256,64.717,2kc8_A_l100_s108120_mpnn3_model1_af2pred,18.431,2kc8_A_l100_s108120_mpnn3_model1_af2pred,89,9,"[78, 81, 82, 85, 88, 89, 68, 72, 73]",100,85,85.0,0,0.0,0,0.0,0,0.0,0,0.0,0,0.0,15,15.0,0,0.0,100
control_3,3.962,8.932,23.852,2.46,63.56,91.683,79.012,6.518,2kc8_A_l100_s108120_mpnn9_model2_af2pred,15.852,2kc8_A_l100_s108120_mpnn9_model2_af2pred,79,5,"[81, 82, 84, 85, 86]",100,86,86.0,0,0.0,0,0.0,0,0.0,0,0.0,0,0.0,14,14.0,0,0.0,100
control_3,3.832,7.746,9.861,2.918,71.527,92.243,83.011,56.032,2kc8_A_l102_s575830_mpnn10_model1_af2pred,4.561,2kc8_A_l102_s575830_mpnn10_model1_af2pred,20,22,"[73, 97, 99, 101, 102, 5, 8, 10, 11, 13, 15, 17, 22, 23, 24, 26, 29, 31, 32, 34, 35, 36]",102,40,39.22,0,0.0,0,0.0,32,31.37,0,0.0,12,11.76,18,17.65,0,0.0,102
control_3,5.649,8.701,11.05,3.171,67.802,90.641,80.463,6.05,2kc8_A_l102_s575830_mpnn1_model1_af2pred,8.446,2kc8_A_l102_s575830_mpnn1_model1_af2pred,40,18,"[15, 17, 20, 22, 24, 26, 29, 30, 32, 34, 99, 36, 5, 101, 8, 73, 11, 13]",102,40,39.22,0,0.0,0,0.0,31,30.39,0,0.0,8,7.84,23,22.55,0,0.0,102
control_3,3.821,7.217,8.532,4.126,75.382,90.678,83.861,6.008,2kc8_A_l102_s659889_mpnn10_model1_af2pred,3.974,2kc8_A_l102_s659889_mpnn10_model1_af2pred,44,29,"[54, 57, 67, 79, 80, 83, 84, 86, 87, 88, 89, 90, 91, 92, 93, 94, 95, 97, 98, 100, 101, 2, 3, 6, 7, 8, 9, 10, 11]",102,73,71.57,3,2.94,0,0.0,0,0.0,0,0.0,4,3.92,22,21.57,0,0.0,102
control_4,4.114,9.386,14.919,2.798,63.05,91.515,78.619,6.735,2kc8_A_l99_s175669_mpnn4_model2_af2pred,6.04,2kc8_A_l99_s175669_mpnn4_model2_af2pred,42,15,"[79, 80, 81, 83, 84, 58, 62, 65, 66, 68, 69, 73, 74, 76, 77]",99,88,88.89,3,3.03,0,0.0,0,0.0,0,0.0,0,0.0,8,8.08,0,0.0,99
control_4,3.677,9.354,13.612,2.893,65.634,91.802,79.947,6.741,2kc8_A_l99_s314734_mpnn1_model1_af2pred,6.124,2kc8_A_l99_s314734_mpnn1_model1_af2pred,11,14,"[82, 85, 86, 88, 89, 90, 91, 28, 29, 92, 93, 95, 96, 99]",99,87,87.88,0,0.0,0,0.0,0,0.0,0,0.0,0,0.0,12,12.12,0,0.0,99
control_4,3.819,8.655,12.233,2.604,68.626,92.956,81.933,6.638,2kc8_A_l99_s314734_mpnn9_model2_af2pred,5.899,2kc8_A_l99_s314734_mpnn9_model2_af2pred,44,14,"[82, 85, 86, 88, 89, 90, 91, 28, 29, 92, 93, 95, 96, 99]",99,87,87.88,0,0.0,0,0.0,0,0.0,0,0.0,0,0.0,12,12.12,0,0.0,99
control_4,3.878,9.667,20.533,3.141,60.528,89.213,76.289,64.016,2kc8_A_l100_s350026_mpnn3_model2_af2pred,6.799,2kc8_A_l100_s350026_mpnn3_model2_af2pred,52,14,"[16, 19, 20, 22, 25, 26, 29, 30, 32, 99, 100, 9, 12, 13]",100,73,73.0,4,4.0,0,0.0,0,0.0,0,0.0,12,12.0,11,11.0,0,0.0,100
control_4,4.118,9.886,22.049,2.238,60.868,94.169,79.165,6.769,2kc8_A_l100_s350026_mpnn7_model2_af2pred,8.738,2kc8_A_l100_s350026_mpnn7_model2_af2pred,13,7,"[19, 20, 22, 25, 26, 29, 30]",100,73,73.0,3,3.0,0,0.0,0,0.0,0,0.0,16,16.0,8,8.0,0,0.0,100
control_4,3.929,10.404,16.934,2.741,58.61,90.29,76.016,6.308,2kc8_A_l100_s536667_mpnn4_model2_af2pred,4.744,2kc8_A_l100_s536667_mpnn4_model2_af2pred,27,21,"[79, 82, 83, 86, 87, 89, 90, 93, 94, 96, 97, 98, 26, 29, 30, 31, 33, 34, 35, 36, 38]",100,83,83.0,3,3.0,0,0.0,0,0.0,0,0.0,4,4.0,10,10.0,0,0.0,100
control_4,3.85,10.793,18.296,3.248,57.045,88.633,74.401,6.381,2kc8_A_l100_s536667_mpnn7_model2_af2pred,5.027,2kc8_A_l100_s536667_mpnn7_model2_af2pred,96,19,"[79, 83, 86, 87, 89, 90, 93, 94, 97, 98, 26, 29, 30, 31, 33, 34, 35, 36, 38]",100,84,84.0,3,3.0,0,0.0,0,0.0,0,0.0,4,4.0,9,9.0,0,0.0,100
control_4,3.671,7.69,9.66,2.535,71.741,93.306,83.59,6.359,2kc8_A_l100_s588275_mpnn6_model2_af2pred,4.143,2kc8_A_l100_s588275_mpnn6_model2_af2pred,84,21,"[54, 58, 67, 68, 69, 70, 71, 72, 74, 75, 76, 78, 79, 94, 97, 98, 100, 18, 19, 22, 23]",100,78,78.0,3,3.0,0,0.0,0,0.0,0,0.0,4,4.0,15,15.0,0,0.0,100
control_4,3.65,8.334,11.392,2.915,69.083,91.467,81.382,6.376,2kc8_A_l100_s588275_mpnn8_model1_af2pred,4.117,2kc8_A_l100_s588275_mpnn8_model1_af2pred,36,21,"[54, 58, 67, 68, 69, 70, 71, 72, 74, 75, 76, 77, 78, 79, 94, 97, 98, 100, 19, 22, 23]",100,77,77.0,0,0.0,0,0.0,0,0.0,0,0.0,9,9.0,14,14.0,0,0.0,100
control_4,3.768,9.502,12.193,4.052,65.637,88.024,76.898,64.435,2kc8_A_l83_s969032_mpnn15_model2_af2pred,4.549,2kc8_A_l83_s969032_mpnn15_model2_af2pred,28,15,"[14, 16, 17, 80, 83, 73, 2, 3, 69, 6, 7, 9, 10, 76, 13]",83,72,86.75,0,0.0,0,0.0,0,0.0,0,0.0,6,7.23,5,6.02,0,0.0,83
control_4,4.192,9.975,15.548,2.582,60.299,90.717,75.691,59.275,2kc8_A_l84_s226005_mpnn14_model2_af2pred,4.878,2kc8_A_l84_s226005_mpnn14_model2_af2pred,94,15,"[46, 49, 18, 22, 26, 28, 30, 31, 34, 35, 37, 38, 41, 42, 45]",84,75,89.29,0,0.0,0,0.0,0,0.0,0,0.0,4,4.76,5,5.95,0,0.0,84
control_4,4.018,9.817,14.961,2.918,61.642,89.73,75.855,5.934,2kc8_A_l84_s226005_mpnn8_model2_af2pred,5.613,2kc8_A_l84_s226005_mpnn8_model2_af2pred,57,16,"[46, 49, 18, 21, 22, 26, 30, 31, 34, 35, 37, 38, 41, 42, 11, 45]",84,75,89.29,0,0.0,0,0.0,0,0.0,0,0.0,4,4.76,5,5.95,0,0.0,84
control_4,3.727,8.879,9.909,2.522,68.333,92.494,80.559,5.872,2kc8_A_l84_s846841_mpnn4_model2_af2pred,4.353,2kc8_A_l84_s846841_mpnn4_model2_af2pred,79,24,"[61, 65, 68, 69, 72, 73, 75, 76, 79, 83, 84, 5, 7, 8, 10, 11, 12, 14, 15, 16, 18, 19, 21, 22]",84,71,84.52,0,0.0,0,0.0,0,0.0,0,0.0,6,7.14,7,8.33,0,0.0,84
control_4,3.855,8.287,9.973,2.636,69.521,91.819,80.804,6.07,2kc8_A_l84_s846841_mpnn7_model1_af2pred,4.97,2kc8_A_l84_s846841_mpnn7_model1_af2pred,47,25,"[61, 65, 68, 69, 72, 73, 75, 76, 79, 83, 84, 3, 4, 5, 7, 8, 10, 11, 12, 14, 15, 16, 18, 19, 21]",84,71,84.52,0,0.0,0,0.0,0,0.0,0,0.0,6,7.14,7,8.33,0,0.0,84
control_4,3.834,7.709,11.575,3.301,70.995,90.508,80.927,64.233,2kc8_A_l85_s976716_mpnn1_model2_af2pred,5.112,2kc8_A_l85_s976716_mpnn1_model2_af2pred,35,15,"[15, 16, 18, 19, 20, 22, 23, 24, 26, 27, 29, 30, 33, 73, 11]",85,68,80.0,3,3.53,0,0.0,0,0.0,0,0.0,3,3.53,11,12.94,0,0.0,85
control_4,3.819,7.869,12.146,3.906,69.757,88.335,79.213,6.017,2kc8_A_l85_s976716_mpnn2_model2_af2pred,4.798,2kc8_A_l85_s976716_mpnn2_model2_af2pred,83,17,"[15, 16, 18, 19, 20, 22, 23, 24, 26, 27, 29, 30, 33, 73, 11, 12, 13]",85,68,80.0,7,8.24,0,0.0,0,0.0,0,0.0,0,0.0,10,11.76,0,0.0,85
control_4,3.552,10.283,14.967,3.867,60.285,86.215,73.853,57.413,2kc8_A_l90_s962400_mpnn5_model2_af2pred,3.806,2kc8_A_l90_s962400_mpnn5_model2_af2pred,97,22,"[63, 64, 67, 68, 71, 72, 75, 78, 79, 81, 82, 85, 2, 3, 6, 7, 9, 10, 11, 13, 14, 20]",90,75,83.33,0,0.0,0,0.0,0,0.0,0,0.0,4,4.44,11,12.22,0,0.0,90
control_4,4.122,8.614,9.294,2.951,70.406,92.421,82.106,71.881,2kc8_A_l93_s432417_mpnn1_model1_af2pred,4.619,2kc8_A_l93_s432417_mpnn1_model1_af2pred,41,30,"[52, 55, 56, 58, 59, 60, 62, 63, 64, 65, 66, 67, 68, 70, 71, 73, 74, 75, 77, 78, 79, 81, 82, 85, 3, 4, 7, 11, 14, 18]",93,76,81.72,0,0.0,0,0.0,0,0.0,0,0.0,4,4.3,13,13.98,0,0.0,93
control_4,3.857,9.068,12.122,2.97,64.718,90.286,78.306,6.476,2kc8_A_l93_s432417_mpnn9_model1_af2pred,5.171,2kc8_A_l93_s432417_mpnn9_model1_af2pred,85,25,"[48, 52, 55, 56, 59, 60, 63, 65, 68, 70, 71, 73, 74, 75, 77, 78, 81, 82, 85, 3, 4, 7, 11, 14, 18]",93,76,81.72,0,0.0,0,0.0,0,0.0,0,0.0,4,4.3,13,13.98,0,0.0,93
control_4,4.014,9.907,14.856,2.867,60.929,90.638,76.717,6.376,2kc8_A_l93_s902077_mpnn2_model2_af2pred,8.616,2kc8_A_l93_s902077_mpnn2_model2_af2pred,75,20,"[46, 47, 49, 50, 51, 53, 54, 56, 57, 59, 68, 72, 75, 79, 34, 39, 40, 41, 42, 43]",93,72,77.42,3,3.23,0,0.0,0,0.0,0,0.0,9,9.68,9,9.68,0,0.0,93
control_4,3.566,9.101,13.193,3.155,65.593,90.305,78.726,6.295,2kc8_A_l93_s902077_mpnn4_model1_af2pred,6.63,2kc8_A_l93_s902077_mpnn4_model1_af2pred,95,24,"[46, 47, 49, 50, 51, 53, 54, 56, 57, 59, 68, 71, 72, 75, 79, 83, 11, 34, 39, 40, 41, 42, 43, 45]",93,71,76.34,3,3.23,0,0.0,0,0.0,0,0.0,12,12.9,7,7.53,0,0.0,93
control_4,3.584,5.732,8.014,3.276,79.859,89.969,85.259,56.049,2kc8_A_l94_s602452_mpnn11_model1_af2pred,3.996,2kc8_A_l94_s602452_mpnn11_model1_af2pred,60,23,"[47, 48, 51, 56, 57, 60, 64, 67, 70, 71, 74, 75, 76, 78, 79, 83, 84, 87, 90, 91, 93, 94, 44]",94,80,85.11,0,0.0,0,0.0,0,0.0,0,0.0,0,0.0,14,14.89,0,0.0,94
control_4,3.731,7.923,11.675,3.827,68.744,87.646,78.839,5.937,2kc8_A_l94_s703537_mpnn12_model2_af2pred,4.95,2kc8_A_l94_s703537_mpnn12_model2_af2pred,88,21,"[54, 57, 58, 59, 60, 61, 64, 67, 68, 71, 2, 3, 4, 6, 7, 8, 9, 10, 11, 13, 14]",94,76,80.85,0,0.0,0,0.0,0,0.0,0,0.0,3,3.19,15,15.96,0,0.0,94
control_4,4.021,8.772,11.786,2.963,68.24,92.469,81.492,73.433,2kc8_A_l99_s175669_mpnn2_model2_af2pred,4.819,2kc8_A_l99_s175669_mpnn2_model2_af2pred,65,15,"[80, 81, 83, 84, 58, 62, 65, 66, 68, 69, 73, 74, 75, 76, 77]",99,88,88.89,3,3.03,0,0.0,0,0.0,0,0.0,0,0.0,8,8.08,0,0.0,99
control_4,2.535,7.874,7.733,2.816,72.74,90.08,79.548,5.086,2kc8_A_l53_s615033_mpnn19_model1_af2pred,2.817,2kc8_A_l53_s615033_mpnn19_model1_af2pred,73,26,"[46, 47, 50, 51, 2, 6, 10, 13, 14, 17, 18, 21, 22, 25, 28, 29, 31, 32, 33, 35, 36, 39, 40, 42, 43, 44]",53,45,84.91,0,0.0,0,0.0,0,0.0,0,0.0,3,5.66,5,9.43,0,0.0,53
control_4,3.797,8.44,9.812,3.583,70.201,86.415,76.781,61.224,2kc8_A_l56_s231079_mpnn6_model2_af2pred,4.347,2kc8_A_l56_s231079_mpnn6_model2_af2pred,61,22,"[46, 49, 50, 55, 56, 4, 5, 7, 8, 11, 12, 14, 15, 16, 18, 19, 32, 35, 36, 39, 42, 43]",56,49,87.5,0,0.0,0,0.0,0,0.0,0,0.0,0,0.0,7,12.5,0,0.0,56
control_4,3.941,9.225,10.756,3.45,67.254,85.573,74.688,5.03,2kc8_A_l56_s231079_mpnn9_model2_af2pred,5.077,2kc8_A_l56_s231079_mpnn9_model2_af2pred,15,24,"[46, 49, 50, 55, 56, 4, 5, 7, 8, 11, 12, 14, 15, 16, 18, 19, 20, 25, 32, 35, 36, 39, 42, 43]",56,49,87.5,0,0.0,0,0.0,0,0.0,0,0.0,0,0.0,7,12.5,0,0.0,56
control_4,2.832,6.503,8.682,3.076,79.007,89.117,83.279,63.837,2kc8_A_l60_s773117_mpnn15_model2_af2pred,3.296,2kc8_A_l60_s773117_mpnn15_model2_af2pred,93,16,"[15, 18, 20, 21, 23, 24, 25, 27, 28, 29, 30, 33, 36, 37, 40, 41]",60,51,85.0,0,0.0,0,0.0,0,0.0,0,0.0,0,0.0,9,15.0,0,0.0,60
control_4,2.712,8.787,10.97,3.202,68.578,86.946,76.339,5.15,2kc8_A_l60_s773117_mpnn5_model2_af2pred,3.563,2kc8_A_l60_s773117_mpnn5_model2_af2pred,80,15,"[15, 20, 21, 23, 24, 25, 27, 28, 29, 30, 33, 36, 37, 40, 44]",60,51,85.0,0,0.0,0,0.0,0,0.0,0,0.0,0,0.0,9,15.0,0,0.0,60
control_4,3.461,5.67,10.268,2.859,80.064,87.886,83.401,61.388,2kc8_A_l61_s248018_mpnn11_model1_af2pred,4.061,2kc8_A_l61_s248018_mpnn11_model1_af2pred,68,18,"[14, 47, 48, 17, 18, 50, 21, 25, 29, 2, 43, 36, 37, 39, 40, 10, 11, 44]",61,52,85.25,3,4.92,0,0.0,0,0.0,0,0.0,0,0.0,6,9.84,0,0.0,61
control_4,3.471,5.345,8.97,2.897,82.247,88.698,84.999,5.275,2kc8_A_l61_s248018_mpnn7_model1_af2pred,4.287,2kc8_A_l61_s248018_mpnn7_model1_af2pred,4,20,"[47, 48, 50, 51, 2, 10, 11, 14, 17, 18, 21, 25, 29, 36, 37, 39, 40, 41, 43, 44]",61,52,85.25,3,4.92,0,0.0,0,0.0,0,0.0,0,0.0,6,9.84,0,0.0,61
control_4,3.397,5.793,7.866,4.117,82.071,86.829,84.101,5.242,2kc8_A_l61_s408248_mpnn1_model2_af2pred,3.715,2kc8_A_l61_s408248_mpnn1_model2_af2pred,78,20,"[46, 47, 48, 50, 51, 54, 55, 58, 59, 25, 28, 29, 32, 33, 34, 35, 36, 38, 39, 43]",61,42,68.85,3,4.92,0,0.0,0,0.0,0,0.0,3,4.92,13,21.31,0,0.0,61
control_4,3.369,5.042,6.059,3.001,84.907,89.702,86.63,58.516,2kc8_A_l46_s939603_mpnn18_model1_af2pred,3.471,2kc8_A_l46_s939603_mpnn18_model1_af2pred,49,19,"[3, 7, 10, 11, 14, 15, 18, 22, 23, 24, 25, 26, 27, 28, 30, 31, 34, 35, 37]",46,34,73.91,3,6.52,0,0.0,0,0.0,0,0.0,4,8.7,5,10.87,0,0.0,46
control_4,3.294,5.277,6.341,2.747,84.069,89.517,86.054,62.777,2kc8_A_l47_s125218_mpnn1_model2_af2pred,3.844,2kc8_A_l47_s125218_mpnn1_model2_af2pred,71,22,"[46, 5, 8, 9, 12, 13, 15, 16, 19, 20, 23, 28, 29, 31, 32, 35, 38, 39, 40, 42, 43, 45]",47,41,87.23,0,0.0,0,0.0,0,0.0,0,0.0,3,6.38,3,6.38,0,0.0,47
control_4,3.339,5.13,6.005,2.505,84.442,90.682,86.715,4.896,2kc8_A_l47_s125218_mpnn2_model1_af2pred,3.681,2kc8_A_l47_s125218_mpnn2_model1_af2pred,56,19,"[46, 5, 8, 9, 12, 13, 15, 16, 19, 23, 28, 31, 32, 35, 38, 39, 42, 43, 45]",47,41,87.23,0,0.0,0,0.0,0,0.0,0,0.0,3,6.38,3,6.38,0,0.0,47
control_4,4.029,10.795,12.514,2.974,60.421,81.409,68.171,60.471,2kc8_A_l48_s960716_mpnn14_model2_af2pred,5.514,2kc8_A_l48_s960716_mpnn14_model2_af2pred,3,22,"[46, 47, 1, 4, 5, 8, 12, 15, 19, 23, 28, 29, 32, 33, 35, 36, 39, 40, 41, 42, 43, 44]",48,40,83.33,0,0.0,0,0.0,0,0.0,0,0.0,6,12.5,2,4.17,0,0.0,48
control_4,3.906,10.965,13.703,3.556,59.795,78.425,66.674,4.896,2kc8_A_l48_s960716_mpnn19_model2_af2pred,5.3,2kc8_A_l48_s960716_mpnn19_model2_af2pred,98,20,"[46, 47, 1, 4, 5, 8, 12, 15, 19, 28, 32, 33, 36, 37, 39, 40, 41, 42, 43, 44]",48,40,83.33,0,0.0,0,0.0,0,0.0,0,0.0,6,12.5,2,4.17,0,0.0,48
control_4,3.421,5.322,7.673,3.808,83.214,86.372,84.41,58.597,2kc8_A_l50_s333236_mpnn1_model2_af2pred,3.495,2kc8_A_l50_s333236_mpnn1_model2_af2pred,66,22,"[50, 5, 6, 10, 12, 14, 15, 16, 18, 19, 20, 21, 22, 23, 26, 29, 30, 33, 34, 37, 38, 41]",50,14,28.0,0,0.0,0,0.0,19,38.0,0,0.0,11,22.0,6,12.0,0,0.0,50
control_4,3.413,5.718,8.429,3.734,80.399,85.755,82.428,4.53,2kc8_A_l50_s333236_mpnn2_model2_af2pred,3.967,2kc8_A_l50_s333236_mpnn2_model2_af2pred,7,20,"[5, 6, 10, 12, 14, 16, 18, 19, 20, 21, 22, 23, 26, 29, 30, 33, 34, 37, 38, 41]",50,14,28.0,0,0.0,0,0.0,19,38.0,0,0.0,11,22.0,6,12.0,0,0.0,50
control_4,2.004,8.384,8.52,3.093,69.441,87.743,76.626,60.653,2kc8_A_l53_s615033_mpnn13_model1_af2pred,2.841,2kc8_A_l53_s615033_mpnn13_model1_af2pred,14,25,"[46, 47, 50, 51, 2, 6, 10, 13, 14, 17, 18, 21, 22, 25, 28, 29, 32, 33, 35, 36, 39, 40, 42, 43, 44]",53,45,84.91,0,0.0,0,0.0,0,0.0,0,0.0,3,5.66,5,9.43,0,0.0,53
control_4,3.657,9.96,17.88,2.543,59.476,91.599,77.88,66.554,2kc8_A_l110_s826170_mpnn1_model2_af2pred,4.141,2kc8_A_l110_s826170_mpnn1_model2_af2pred,82,25,"[49, 50, 52, 53, 56, 57, 60, 61, 64, 86, 89, 91, 92, 93, 94, 95, 97, 98, 101, 102, 109, 35, 38, 42, 43]",110,95,86.36,0,0.0,0,0.0,0,0.0,1,0.91,7,6.36,7,6.36,0,0.0,110
control_4,3.584,10.039,18.308,3.07,58.925,89.503,76.444,6.524,2kc8_A_l110_s826170_mpnn8_model2_af2pred,3.974,2kc8_A_l110_s826170_mpnn8_model2_af2pred,62,25,"[49, 50, 52, 53, 56, 57, 60, 61, 64, 89, 91, 92, 93, 94, 95, 97, 98, 100, 101, 102, 109, 35, 38, 42, 43]",110,95,86.36,0,0.0,0,0.0,0,0.0,1,0.91,7,6.36,7,6.36,0,0.0,110
control_4,3.973,10.133,15.019,3.888,60.092,86.018,75.116,66.946,2kc8_A_l113_s167637_mpnn18_model2_af2pred,5.139,2kc8_A_l113_s167637_mpnn18_model2_af2pred,19,22,"[71, 72, 74, 75, 78, 79, 82, 83, 86, 90, 2, 3, 4, 5, 7, 8, 9, 11, 12, 14, 15, 18]",113,91,80.53,3,2.65,0,0.0,0,0.0,0,0.0,11,9.73,8,7.08,0,0.0,113
control_4,3.753,7.082,8.789,3.345,74.334,83.494,77.532,68.571,2kc8_A_l44_s605014_mpnn1_model1_af2pred,4.009,2kc8_A_l44_s605014_mpnn1_model1_af2pred,69,20,"[1, 2, 3, 4, 9, 16, 17, 20, 24, 27, 28, 31, 32, 34, 35, 36, 38, 39, 42, 43]",44,36,81.82,0,0.0,0,0.0,0,0.0,0,0.0,4,9.09,4,9.09,0,0.0,44
control_4,5.022,10.208,12.204,3.57,60.947,74.38,65.638,4.895,2kc8_A_l44_s874280_mpnn11_model2_af2pred,6.713,2kc8_A_l44_s874280_mpnn11_model2_af2pred,10,23,"[3, 6, 7, 9, 10, 11, 13, 14, 17, 21, 23, 25, 26, 28, 29, 32, 33, 35, 36, 41, 42, 43, 44]",44,32,72.73,0,0.0,0,0.0,0,0.0,0,0.0,0,0.0,12,27.27,0,0.0,44
control_4,4.684,9.337,11.853,3.745,64.63,74.132,67.948,4.866,2kc8_A_l44_s874280_mpnn6_model1_af2pred,6.134,2kc8_A_l44_s874280_mpnn6_model1_af2pred,8,22,"[6, 7, 9, 10, 11, 13, 14, 17, 21, 23, 25, 26, 28, 29, 32, 33, 35, 36, 41, 42, 43, 44]",44,31,70.45,0,0.0,0,0.0,0,0.0,0,0.0,4,9.09,9,20.45,0,0.0,44
control_4,3.648,7.397,8.668,2.504,74.42,88.283,79.332,67.121,2kc8_A_l45_s982844_mpnn2_model1_af2pred,5.216,2kc8_A_l45_s982844_mpnn2_model1_af2pred,51,15,"[16, 17, 19, 20, 21, 23, 24, 25, 27, 28, 30, 31, 5, 8, 12]",45,37,82.22,0,0.0,0,0.0,0,0.0,0,0.0,0,0.0,8,17.78,0,0.0,45
control_4,3.621,6.884,7.758,2.129,76.357,90.342,81.312,4.91,2kc8_A_l45_s982844_mpnn4_model2_af2pred,5.613,2kc8_A_l45_s982844_mpnn4_model2_af2pred,58,16,"[16, 17, 19, 20, 21, 23, 24, 25, 27, 28, 30, 31, 32, 5, 8, 12]",45,37,82.22,0,0.0,0,0.0,0,0.0,0,0.0,0,0.0,8,17.78,0,0.0,45
control_4,4.055,8.516,14.8,2.759,65.872,91.881,80.353,62.245,2kc8_A_l103_s212499_mpnn12_model2_af2pred,6.504,2kc8_A_l103_s212499_mpnn12_model2_af2pred,54,23,"[57, 60, 64, 95, 1, 2, 3, 4, 6, 7, 9, 10, 11, 13, 14, 16, 17, 18, 20, 21, 35, 39, 42]",103,68,66.02,0,0.0,0,0.0,0,0.0,0,0.0,15,14.56,20,19.42,0,0.0,103
control_4,2.982,5.949,7.598,4.151,80.838,90.556,86.249,6.756,2kc8_A_l103_s652470_mpnn3_model2_af2pred,3.108,2kc8_A_l103_s652470_mpnn3_model2_af2pred,17,26,"[57, 58, 61, 62, 66, 67, 68, 69, 71, 72, 75, 76, 78, 79, 83, 6, 7, 8, 9, 10, 11, 13, 14, 15, 17, 18]",103,82,79.61,3,2.91,0,0.0,0,0.0,0,0.0,4,3.88,14,13.59,0,0.0,103
control_4,2.921,5.757,7.233,3.956,81.917,91.859,87.453,6.697,2kc8_A_l103_s652470_mpnn6_model2_af2pred,3.105,2kc8_A_l103_s652470_mpnn6_model2_af2pred,25,24,"[57, 58, 61, 62, 66, 67, 68, 69, 71, 72, 75, 76, 78, 79, 83, 6, 7, 8, 10, 11, 14, 15, 17, 18]",103,80,77.67,3,2.91,0,0.0,0,0.0,0,0.0,7,6.8,13,12.62,0,0.0,103
control_4,4.2,9.32,25.956,2.812,63.464,93.424,80.356,59.119,2kc8_A_l106_s595935_mpnn18_model2_af2pred,13.496,2kc8_A_l106_s595935_mpnn18_model2_af2pred,38,2,"[58, 59]",106,86,81.13,3,2.83,0,0.0,0,0.0,0,0.0,7,6.6,10,9.43,0,0.0,106
control_4,2.216,7.593,7.803,2.723,73.48,92.632,84.41,74.494,2kc8_A_l109_s858076_mpnn19_model2_af2pred,3.235,2kc8_A_l109_s858076_mpnn19_model2_af2pred,67,25,"[84, 87, 88, 90, 91, 92, 93, 94, 95, 97, 98, 99, 102, 103, 105, 106, 24, 27, 29, 34, 35, 38, 39, 42, 43]",109,85,77.98,0,0.0,0,0.0,0,0.0,0,0.0,6,5.5,18,16.51,0,0.0,109
control_4,2.108,7.942,8.195,2.648,72.067,92.803,83.901,6.981,2kc8_A_l109_s858076_mpnn3_model1_af2pred,3.073,2kc8_A_l109_s858076_mpnn3_model1_af2pred,18,29,"[46, 84, 86, 87, 88, 90, 91, 92, 93, 94, 95, 97, 98, 99, 102, 103, 105, 106, 24, 26, 27, 28, 29, 34, 35, 38, 39, 42, 43]",109,88,80.73,0,0.0,0,0.0,0,0.0,0,0.0,4,3.67,17,15.6,0,0.0,109
control_4,3.108,8.912,10.387,3.205,68.572,91.997,81.94,6.957,2kc8_A_l109_s913237_mpnn1_model2_af2pred,3.538,2kc8_A_l109_s913237_mpnn1_model2_af2pred,30,22,"[46, 49, 50, 52, 53, 54, 56, 78, 81, 82, 85, 89, 100, 101, 102, 103, 104, 105, 106, 107, 108, 109]",109,83,76.15,0,0.0,0,0.0,4,3.67,0,0.0,4,3.67,18,16.51,0,0.0,109
control_4,2.774,9.75,11.166,3.235,64.927,91.189,79.914,6.892,2kc8_A_l109_s913237_mpnn2_model2_af2pred,3.754,2kc8_A_l109_s913237_mpnn2_model2_af2pred,76,22,"[46, 49, 50, 52, 53, 54, 56, 78, 81, 82, 85, 86, 89, 100, 102, 103, 104, 105, 106, 107, 108, 109]",109,83,76.15,0,0.0,0,0.0,4,3.67,0,0.0,4,3.67,18,16.51,0,0.0,109
control_4,4.213,9.889,12.896,2.853,61.61,88.317,74.544,5.392,2kc8_A_l77_s700333_mpnn18_model2_af2pred,5.229,2kc8_A_l77_s700333_mpnn18_model2_af2pred,81,16,"[46, 15, 18, 19, 22, 23, 26, 28, 31, 33, 34, 37, 38, 41, 42, 45]",77,66,85.71,0,0.0,0,0.0,0,0.0,0,0.0,0,0.0,11,14.29,0,0.0,77
control_4,3.755,8.594,11.176,3.201,68.849,89.849,79.087,58.319,2kc8_A_l78_s103630_mpnn5_model2_af2pred,4.545,2kc8_A_l78_s103630_mpnn5_model2_af2pred,72,19,"[47, 50, 51, 56, 59, 63, 2, 3, 5, 6, 8, 9, 10, 12, 13, 14, 15, 16, 17]",78,66,84.62,3,3.85,0,0.0,0,0.0,0,0.0,5,6.41,4,5.13,0,0.0,78
control_4,3.679,9.258,13.029,3.212,65.393,89.114,76.957,5.404,2kc8_A_l78_s103630_mpnn8_model2_af2pred,4.159,2kc8_A_l78_s103630_mpnn8_model2_af2pred,20,19,"[47, 50, 51, 52, 59, 63, 2, 3, 5, 6, 8, 9, 10, 12, 13, 14, 15, 16, 17]",78,65,83.33,3,3.85,0,0.0,0,0.0,0,0.0,4,5.13,6,7.69,0,0.0,78
control_4,3.698,9.106,15.966,2.292,62.793,90.57,76.51,63.309,2kc8_A_l80_s54013_mpnn3_model2_af2pred,4.69,2kc8_A_l80_s54013_mpnn3_model2_af2pred,34,17,"[14, 16, 17, 19, 20, 21, 23, 24, 25, 1, 2, 4, 5, 36, 8, 9, 12]",80,61,76.25,0,0.0,0,0.0,0,0.0,0,0.0,10,12.5,9,11.25,0,0.0,80
control_4,3.528,6.196,10.207,2.229,77.712,92.514,85.022,5.505,2kc8_A_l80_s54013_mpnn7_model2_af2pred,4.63,2kc8_A_l80_s54013_mpnn7_model2_af2pred,90,17,"[14, 16, 17, 19, 20, 21, 23, 24, 25, 1, 2, 4, 5, 36, 8, 9, 12]",80,61,76.25,0,0.0,0,0.0,0,0.0,0,0.0,10,12.5,9,11.25,0,0.0,80
control_4,3.992,10.463,13.571,3.596,59.536,83.63,71.509,59.283,2kc8_A_l81_s572167_mpnn13_model1_af2pred,5.484,2kc8_A_l81_s572167_mpnn13_model1_af2pred,12,18,"[20, 40, 72, 23, 24, 76, 27, 30, 31, 2, 34, 75, 8, 41, 42, 43, 44, 77]",81,45,55.56,8,9.88,0,0.0,0,0.0,0,0.0,5,6.17,23,28.4,0,0.0,81
control_4,4.153,10.326,13.803,3.4,59.219,83.153,71.112,5.905,2kc8_A_l81_s572167_mpnn5_model2_af2pred,5.624,2kc8_A_l81_s572167_mpnn5_model2_af2pred,99,22,"[72, 73, 74, 75, 76, 77, 2, 5, 8, 20, 23, 24, 27, 30, 31, 34, 35, 40, 41, 42, 43, 44]",81,45,55.56,4,4.94,0,0.0,0,0.0,0,0.0,10,12.35,22,27.16,0,0.0,81
control_4,5.434,9.419,9.17,2.976,67.118,89.362,78.24,59.495,2kc8_A_l82_s996982_mpnn10_model1_af2pred,8.072,2kc8_A_l82_s996982_mpnn10_model1_af2pred,6,26,"[47, 48, 51, 52, 55, 56, 57, 58, 59, 60, 61, 62, 63, 64, 65, 66, 81, 3, 33, 36, 37, 40, 41, 42, 44, 45]",82,34,41.46,0,0.0,0,0.0,26,31.71,0,0.0,13,15.85,9,10.98,0,0.0,82
control_4,3.824,7.61,10.972,3.974,72.43,87.094,79.286,62.296,2kc8_A_l72_s131985_mpnn1_model2_af2pred,4.463,2kc8_A_l72_s131985_mpnn1_model2_af2pred,74,19,"[58, 71, 6, 9, 11, 12, 14, 15, 17, 18, 19, 21, 22, 23, 24, 25, 26, 28, 29]",72,61,84.72,0,0.0,0,0.0,0,0.0,0,0.0,0,0.0,11,15.28,0,0.0,72
control_4,3.866,7.437,10.215,3.876,73.463,87.71,80.124,5.407,2kc8_A_l72_s131985_mpnn3_model2_af2pred,5.062,2kc8_A_l72_s131985_mpnn3_model2_af2pred,46,20,"[71, 6, 9, 10, 11, 12, 14, 15, 17, 18, 19, 21, 22, 23, 24, 25, 26, 29, 32, 33]",72,61,84.72,0,0.0,0,0.0,0,0.0,0,0.0,0,0.0,11,15.28,0,0.0,72
control_4,3.647,7.131,7.775,2.689,75.962,91.886,83.407,5.448,2kc8_A_l72_s863033_mpnn3_model1_af2pred,4.211,2kc8_A_l72_s863033_mpnn3_model1_af2pred,92,25,"[46, 48, 49, 1, 2, 3, 4, 8, 12, 15, 16, 19, 20, 23, 31, 34, 35, 37, 38, 39, 41, 42, 43, 44, 45]",72,61,84.72,0,0.0,0,0.0,0,0.0,0,0.0,0,0.0,11,15.28,0,0.0,72
control_4,3.563,8.184,9.248,3.621,71.42,90.401,80.36,62.566,2kc8_A_l73_s679551_mpnn1_model1_af2pred,4.553,2kc8_A_l73_s679551_mpnn1_model1_af2pred,53,25,"[50, 53, 54, 57, 58, 61, 64, 65, 68, 10, 14, 15, 17, 18, 19, 21, 22, 24, 25, 26, 28, 29, 30, 32, 33]",73,66,90.41,0,0.0,0,0.0,0,0.0,0,0.0,4,5.48,3,4.11,0,0.0,73
control_4,3.123,5.271,5.994,2.444,84.86,94.029,89.27,59.079,2kc8_A_l76_s267002_mpnn1_model2_af2pred,3.265,2kc8_A_l76_s267002_mpnn1_model2_af2pred,24,22,"[46, 49, 50, 53, 54, 61, 64, 68, 71, 72, 74, 75, 28, 29, 32, 33, 35, 38, 39, 41, 42, 45]",76,65,85.53,0,0.0,0,0.0,0,0.0,0,0.0,4,5.26,7,9.21,0,0.0,76
control_4,3.311,7.072,8.234,2.523,75.921,92.751,84.016,5.455,2kc8_A_l76_s267002_mpnn3_model2_af2pred,3.538,2kc8_A_l76_s267002_mpnn3_model2_af2pred,5,22,"[46, 49, 50, 53, 54, 61, 64, 68, 71, 72, 74, 75, 28, 29, 32, 33, 35, 38, 39, 41, 42, 45]",76,64,84.21,0,0.0,0,0.0,0,0.0,0,0.0,4,5.26,8,10.53,0,0.0,76
control_4,4.075,7.469,8.34,2.53,74.468,93.78,83.82,62.897,2kc8_A_l77_s405501_mpnn3_model2_af2pred,4.892,2kc8_A_l77_s405501_mpnn3_model2_af2pred,37,22,"[46, 47, 49, 11, 12, 14, 15, 18, 22, 30, 31, 32, 34, 35, 36, 38, 39, 40, 42, 43, 44, 45]",77,64,83.12,0,0.0,0,0.0,0,0.0,0,0.0,7,9.09,6,7.79,0,0.0,77
control_4,3.472,6.104,7.251,2.562,79.379,93.743,86.335,5.942,2kc8_A_l77_s405501_mpnn6_model1_af2pred,4.169,2kc8_A_l77_s405501_mpnn6_model1_af2pred,91,21,"[46, 47, 49, 11, 12, 14, 15, 18, 21, 22, 32, 34, 35, 36, 38, 39, 40, 42, 43, 44, 45]",77,64,83.12,0,0.0,0,0.0,0,0.0,0,0.0,7,9.09,6,7.79,0,0.0,77
control_4,2.45,9.021,10.647,3.194,65.895,84.704,74.283,57.968,2kc8_A_l66_s158319_mpnn1_model2_af2pred,2.793,2kc8_A_l66_s158319_mpnn1_model2_af2pred,0,24,"[48, 49, 52, 53, 56, 2, 5, 6, 8, 9, 10, 12, 13, 16, 17, 19, 20, 23, 24, 26, 27, 30, 41, 45]",66,59,89.39,0,0.0,0,0.0,0,0.0,0,0.0,0,0.0,7,10.61,0,0.0,66
control_4,2.108,8.239,8.467,2.911,70.062,88.814,78.424,5.392,2kc8_A_l66_s158319_mpnn3_model2_af2pred,2.701,2kc8_A_l66_s158319_mpnn3_model2_af2pred,23,26,"[48, 49, 52, 53, 56, 2, 3, 5, 6, 8, 9, 10, 12, 13, 16, 17, 19, 20, 23, 24, 26, 27, 30, 34, 41, 45]",66,59,89.39,0,0.0,0,0.0,0,0.0,0,0.0,0,0.0,7,10.61,0,0.0,66
control_4,3.361,5.359,6.645,2.955,82.638,90.96,86.38,62.024,2kc8_A_l67_s262142_mpnn12_model1_af2pred,3.628,2kc8_A_l67_s262142_mpnn12_model1_af2pred,31,21,"[49, 50, 51, 53, 54, 55, 58, 59, 61, 62, 65, 1, 26, 27, 29, 30, 31, 33, 34, 37, 38]",67,45,67.16,3,4.48,0,0.0,0,0.0,0,0.0,11,16.42,8,11.94,0,0.0,67
control_4,3.306,5.903,7.56,3.028,79.758,90.201,84.454,5.613,2kc8_A_l67_s262142_mpnn16_model1_af2pred,3.532,2kc8_A_l67_s262142_mpnn16_model1_af2pred,89,20,"[49, 50, 51, 53, 54, 55, 58, 59, 62, 65, 1, 25, 26, 27, 30, 31, 33, 34, 37, 38]",67,45,67.16,3,4.48,0,0.0,0,0.0,0,0.0,11,16.42,8,11.94,0,0.0,67
control_4,3.531,7.377,8.977,3.176,72.498,87.778,79.369,5.412,2kc8_A_l67_s758164_mpnn11_model2_af2pred,3.972,2kc8_A_l67_s758164_mpnn11_model2_af2pred,32,20,"[46, 10, 13, 14, 16, 17, 18, 20, 21, 22, 24, 25, 26, 28, 29, 36, 37, 39, 42, 43]",67,57,85.07,0,0.0,0,0.0,0,0.0,0,0.0,4,5.97,6,8.96,0,0.0,67
control_4,3.862,9.578,12.48,3.339,62.371,84.805,72.459,5.39,2kc8_A_l67_s758164_mpnn7_model2_af2pred,5.272,2kc8_A_l67_s758164_mpnn7_model2_af2pred,16,16,"[14, 46, 47, 17, 18, 20, 21, 24, 25, 28, 36, 37, 39, 42, 43, 13]",67,57,85.07,0,0.0,0,0.0,0,0.0,0,0.0,4,5.97,6,8.96,0,0.0,67
control_4,3.672,10.532,17.505,2.988,58.441,87.878,72.101,62.165,2kc8_A_l71_s446381_mpnn3_model2_af2pred,5.731,2kc8_A_l71_s446381_mpnn3_model2_af2pred,59,13,"[47, 48, 51, 52, 22, 24, 25, 28, 31, 34, 35, 41, 44]",71,54,76.06,3,4.23,0,0.0,0,0.0,0,0.0,4,5.63,10,14.08,0,0.0,71
control_4,3.675,6.298,8.629,2.84,78.019,91.654,84.346,5.451,2kc8_A_l71_s446381_mpnn4_model2_af2pred,5.812,2kc8_A_l71_s446381_mpnn4_model2_af2pred,45,16,"[47, 48, 51, 52, 22, 23, 24, 25, 28, 31, 32, 34, 35, 41, 44, 45]",71,56,78.87,0,0.0,0,0.0,0,0.0,0,0.0,4,5.63,11,15.49,0,0.0,71
control_4,3.835,8.026,10.223,4.51,73.761,84.947,78.533,5.232,2kc8_A_l61_s408248_mpnn3_model2_af2pred,4.457,2kc8_A_l61_s408248_mpnn3_model2_af2pred,48,20,"[46, 47, 48, 50, 51, 52, 54, 55, 58, 59, 25, 28, 29, 32, 33, 34, 35, 36, 39, 43]",61,42,68.85,0,0.0,0,0.0,0,0.0,0,0.0,7,11.48,12,19.67,0,0.0,61
control_4,3.88,6.893,7.883,3.036,75.39,88.736,81.136,57.16,2kc8_A_l62_s404561_mpnn1_model2_af2pred,4.45,2kc8_A_l62_s404561_mpnn1_model2_af2pred,1,22,"[5, 8, 9, 10, 12, 13, 14, 16, 17, 20, 21, 24, 25, 26, 27, 30, 31, 34, 35, 37, 38, 41]",62,47,75.81,3,4.84,0,0.0,0,0.0,0,0.0,0,0.0,12,19.35,0,0.0,62
control_4,3.298,5.527,6.77,2.761,81.903,90.58,85.639,5.059,2kc8_A_l62_s404561_mpnn2_model2_af2pred,3.423,2kc8_A_l62_s404561_mpnn2_model2_af2pred,63,20,"[5, 8, 9, 12, 13, 16, 17, 20, 21, 24, 25, 26, 27, 28, 30, 31, 34, 35, 37, 38]",62,48,77.42,3,4.84,0,0.0,0,0.0,0,0.0,0,0.0,11,17.74,0,0.0,62
control_4,3.764,9.129,12.265,2.562,66.039,91.227,77.08,61.762,2kc8_A_l64_s465947_mpnn10_model2_af2pred,4.995,2kc8_A_l64_s465947_mpnn10_model2_af2pred,87,18,"[46, 48, 49, 23, 24, 27, 31, 32, 33, 34, 35, 37, 38, 39, 41, 42, 44, 45]",64,57,89.06,0,0.0,0,0.0,0,0.0,0,0.0,5,7.81,2,3.12,0,0.0,64
control_4,3.292,5.224,6.176,2.876,84.307,92.665,87.971,5.355,2kc8_A_l64_s496925_mpnn1_model2_af2pred,3.619,2kc8_A_l64_s496925_mpnn1_model2_af2pred,33,22,"[46, 48, 49, 51, 52, 53, 55, 56, 4, 7, 11, 26, 27, 30, 34, 37, 38, 39, 41, 42, 44, 45]",64,53,82.81,0,0.0,0,0.0,0,0.0,0,0.0,0,0.0,11,17.19,0,0.0,64
control_4,3.423,5.65,7.078,3.581,82.159,90.396,85.769,5.41,2kc8_A_l64_s496925_mpnn2_model1_af2pred,4.07,2kc8_A_l64_s496925_mpnn2_model1_af2pred,21,20,"[46, 48, 49, 51, 52, 53, 7, 11, 23, 26, 27, 30, 34, 37, 38, 39, 41, 42, 44, 45]",64,53,82.81,0,0.0,0,0.0,0,0.0,0,0.0,2,3.12,9,14.06,0,0.0,64
control_4,2.905,7.987,8.281,2.753,72.172,91.909,80.899,61.757,2kc8_A_l65_s169200_mpnn3_model2_af2pred,3.081,2kc8_A_l65_s169200_mpnn3_model2_af2pred,55,24,"[46, 49, 50, 52, 53, 56, 57, 59, 60, 61, 64, 1, 2, 3, 4, 5, 6, 7, 8, 9, 14, 19, 20, 45]",65,34,52.31,0,0.0,0,0.0,14,21.54,2,3.08,10,15.38,5,7.69,0,0.0,65
control_4,2.721,7.692,8.258,2.936,73.523,91.51,81.476,5.484,2kc8_A_l65_s169200_mpnn5_model2_af2pred,3.055,2kc8_A_l65_s169200_mpnn5_model2_af2pred,29,22,"[46, 49, 50, 52, 53, 56, 57, 59, 60, 61, 64, 1, 2, 3, 4, 5, 6, 7, 8, 9, 19, 45]",65,34,52.31,0,0.0,0,0.0,15,23.08,2,3.08,10,15.38,4,6.15,0,0.0,65
control_4,3.53,6.266,9.175,3.113,76.862,90.171,83.675,54.797,2kc8_A_l86_s351741_mpnn10_model2_af2pred,3.759,2kc8_A_l86_s351741_mpnn10_model2_af2pred,64,29,"[67, 70, 71, 73, 74, 75, 77, 78, 80, 81, 82, 84, 85, 86, 1, 5, 9, 12, 13, 16, 17, 20, 28, 30, 31, 35, 36, 39, 43]",86,66,76.74,0,0.0,0,0.0,0,0.0,0,0.0,11,12.79,9,10.47,0,0.0,86
control_4,3.626,7.516,9.817,3.068,71.526,89.839,80.9,6.075,2kc8_A_l86_s351741_mpnn5_model2_af2pred,3.722,2kc8_A_l86_s351741_mpnn5_model2_af2pred,86,28,"[67, 70, 71, 73, 74, 75, 76, 77, 78, 79, 80, 81, 82, 84, 85, 1, 5, 9, 12, 13, 16, 17, 20, 28, 30, 31, 36, 39]",86,68,79.07,0,0.0,0,0.0,0,0.0,0,0.0,11,12.79,7,8.14,0,0.0,86
control_4,3.303,5.255,6.855,2.21,83.702,94.813,89.39,6.136,2kc8_A_l86_s489238_mpnn16_model2_af2pred,5.431,2kc8_A_l86_s489238_mpnn16_model2_af2pred,39,17,"[47, 16, 48, 19, 20, 30, 62, 32, 33, 65, 36, 37, 69, 40, 41, 43, 44]",86,69,80.23,0,0.0,0,0.0,0,0.0,0,0.0,8,9.3,9,10.47,0,0.0,86
control_4,4.255,10.165,12.506,2.264,62.196,91.971,77.438,6.029,2kc8_A_l86_s489238_mpnn4_model2_af2pred,7.447,2kc8_A_l86_s489238_mpnn4_model2_af2pred,9,16,"[47, 16, 48, 23, 62, 63, 33, 66, 36, 37, 69, 39, 40, 41, 43, 44]",86,69,80.23,0,0.0,0,0.0,0,0.0,0,0.0,8,9.3,9,10.47,0,0.0,86
control_4,4.635,9.527,11.178,3.461,65.206,89.442,77.752,80.138,2kc8_A_l88_s125155_mpnn14_model2_af2pred,6.399,2kc8_A_l88_s125155_mpnn14_model2_af2pred,22,20,"[66, 69, 72, 73, 76, 77, 79, 80, 81, 83, 84, 87, 10, 11, 14, 15, 18, 21, 22, 25]",88,68,77.27,3,3.41,0,0.0,0,0.0,2,2.27,4,4.55,11,12.5,0,0.0,88
control_4,5.297,9.45,10.046,3.345,67.154,90.357,79.165,6.32,2kc8_A_l88_s125155_mpnn17_model2_af2pred,7.312,2kc8_A_l88_s125155_mpnn17_model2_af2pred,50,24,"[65, 66, 69, 70, 72, 73, 76, 77, 79, 80, 81, 83, 84, 87, 10, 11, 14, 15, 17, 18, 21, 22, 25, 34]",88,69,78.41,0,0.0,0,0.0,0,0.0,2,2.27,7,7.95,10,11.36,0,0.0,88
control_4,1.783,8.156,9.776,3.452,69.127,90.207,80.099,76.005,2kc8_A_l89_s733898_mpnn3_model1_af2pred,2.135,2kc8_A_l89_s733898_mpnn3_model1_af2pred,43,25,"[46, 47, 49, 50, 51, 53, 57, 19, 20, 23, 24, 26, 27, 28, 30, 31, 33, 34, 35, 36, 37, 38, 39, 40, 43]",89,72,80.9,0,0.0,0,0.0,0,0.0,1,1.12,4,4.49,12,13.48,0,0.0,89
control_4,2.263,8.238,9.945,3.518,69.452,90.367,80.338,6.49,2kc8_A_l89_s733898_mpnn8_model2_af2pred,2.467,2kc8_A_l89_s733898_mpnn8_model2_af2pred,70,23,"[46, 47, 49, 50, 51, 53, 54, 57, 23, 24, 26, 27, 28, 30, 31, 33, 34, 35, 36, 38, 39, 40, 43]",89,72,80.9,0,0.0,0,0.0,0,0.0,0,0.0,4,4.49,13,14.61,0,0.0,89
control_4,4.88,10.149,17.375,2.716,58.837,90.273,76.187,61.76,2kc8_A_l101_s684379_mpnn19_model2_af2pred,6.448,2kc8_A_l101_s684379_mpnn19_model2_af2pred,26,18,"[14, 15, 16, 18, 19, 22, 91, 95, 1, 99, 4, 5, 38, 8, 9, 11, 12, 13]",101,83,82.18,3,2.97,0,0.0,0,0.0,0,0.0,3,2.97,12,11.88,0,0.0,101
control_4,4.103,9.013,12.305,2.62,64.723,91.921,79.8,57.476,2kc8_A_l102_s907303_mpnn3_model2_af2pred,4.746,2kc8_A_l102_s907303_mpnn3_model2_af2pred,77,21,"[46, 48, 49, 50, 52, 53, 73, 20, 23, 24, 27, 30, 31, 36, 37, 38, 39, 41, 42, 43, 45]",102,85,83.33,3,2.94,0,0.0,0,0.0,0,0.0,5,4.9,9,8.82,0,0.0,102
control_4,4.035,8.966,12.525,2.616,65.0,91.943,79.936,6.305,2kc8_A_l102_s907303_mpnn5_model2_af2pred,4.834,2kc8_A_l102_s907303_mpnn5_model2_af2pred,2,22,"[46, 48, 49, 50, 52, 73, 76, 77, 80, 20, 23, 24, 27, 30, 31, 36, 38, 39, 41, 42, 43, 45]",102,81,79.41,9,8.82,0,0.0,0,0.0,0,0.0,0,0.0,12,11.76,0,0.0,102
control_4,3.07,8.601,8.888,3.17,69.082,89.139,79.11,5.747,2kc8_A_l82_s996982_mpnn8_model2_af2pred,4.969,2kc8_A_l82_s996982_mpnn8_model2_af2pred,40,22,"[47, 48, 51, 52, 55, 57, 58, 59, 60, 61, 62, 63, 64, 65, 81, 3, 36, 37, 40, 41, 44, 45]",82,34,41.46,0,0.0,0,0.0,30,36.59,0,0.0,9,10.98,8,9.76,0,0.0,82
control_5,3.937,10.653,24.535,2.796,57.727,91.994,76.029,51.2,2kc8_A_l94_s875274_mpnn1_model2_af2pred,5.13,2kc8_A_l94_s875274_mpnn1_model2_af2pred,17,9,"[85, 88, 59, 62, 65, 66, 69, 73, 74]",94,76,80.85,6,6.38,0,0.0,0,0.0,0,0.0,2,2.13,10,10.64,0,0.0,94
control_5,3.923,9.734,24.149,2.826,60.839,91.869,77.412,4.123,2kc8_A_l94_s875274_mpnn4_model2_af2pred,6.213,2kc8_A_l94_s875274_mpnn4_model2_af2pred,39,7,"[88, 59, 65, 66, 69, 70, 73]",94,75,79.79,9,9.57,0,0.0,0,0.0,0,0.0,0,0.0,10,10.64,0,0.0,94
control_5,3.8,10.14,17.576,3.161,59.73,89.873,75.908,61.252,2kc8_A_l95_s778512_mpnn1_model1_af2pred,4.208,2kc8_A_l95_s778512_mpnn1_model1_af2pred,9,17,"[46, 15, 19, 22, 23, 26, 27, 28, 29, 30, 31, 32, 35, 36, 39, 8, 12]",95,73,76.84,3,3.16,0,0.0,0,0.0,0,0.0,11,11.58,8,8.42,0,0.0,95
control_5,4.005,9.653,16.137,2.83,61.605,91.141,77.457,4.315,2kc8_A_l95_s778512_mpnn4_model2_af2pred,5.269,2kc8_A_l95_s778512_mpnn4_model2_af2pred,55,15,"[46, 15, 16, 19, 22, 23, 26, 28, 29, 30, 31, 32, 35, 36, 39]",95,73,76.84,3,3.16,0,0.0,0,0.0,0,0.0,11,11.58,8,8.42,0,0.0,95
control_5,3.987,9.461,17.013,2.853,62.077,90.706,77.591,61.371,2kc8_A_l97_s197684_mpnn2_model2_af2pred,4.949,2kc8_A_l97_s197684_mpnn2_model2_af2pred,37,14,"[78, 80, 81, 82, 84, 85, 86, 24, 88, 91, 92, 95, 74, 77]",97,85,87.63,0,0.0,0,0.0,0,0.0,0,0.0,0,0.0,12,12.37,0,0.0,97
control_5,3.545,6.544,11.509,2.541,75.463,93.263,85.109,4.348,2kc8_A_l97_s197684_mpnn4_model2_af2pred,4.299,2kc8_A_l97_s197684_mpnn4_model2_af2pred,72,15,"[78, 80, 81, 82, 84, 85, 86, 24, 88, 89, 91, 92, 69, 74, 77]",97,84,86.6,0,0.0,0,0.0,0,0.0,0,0.0,0,0.0,13,13.4,0,0.0,97
control_5,3.095,10.033,13.207,3.898,62.566,87.518,76.214,55.413,2kc8_A_l99_s471542_mpnn1_model2_af2pred,3.783,2kc8_A_l99_s471542_mpnn1_model2_af2pred,73,22,"[46, 49, 50, 85, 1, 2, 4, 5, 7, 8, 11, 12, 29, 30, 31, 33, 34, 37, 38, 41, 42, 45]",99,87,87.88,0,0.0,0,0.0,0,0.0,0,0.0,4,4.04,8,8.08,0,0.0,99
control_5,4.006,9.543,16.276,3.629,60.78,87.445,75.431,59.528,2kc8_A_l100_s620097_mpnn2_model2_af2pred,4.877,2kc8_A_l100_s620097_mpnn2_model2_af2pred,27,24,"[46, 47, 48, 49, 50, 51, 56, 59, 60, 61, 63, 64, 66, 67, 68, 70, 71, 74, 75, 78, 83, 84, 1, 2]",100,67,67.0,4,4.0,0,0.0,0,0.0,2,2.0,11,11.0,16,16.0,0,0.0,100
control_5,3.953,9.314,13.053,3.427,63.343,88.534,77.184,4.707,2kc8_A_l100_s620097_mpnn8_model2_af2pred,5.366,2kc8_A_l100_s620097_mpnn8_model2_af2pred,64,26,"[46, 47, 48, 49, 50, 51, 56, 59, 60, 62, 63, 64, 66, 67, 68, 70, 71, 72, 74, 78, 83, 84, 2, 3, 4, 41]",100,67,67.0,4,4.0,0,0.0,0,0.0,2,2.0,16,16.0,11,11.0,0,0.0,100
control_5,4.172,9.564,14.923,3.17,62.111,90.037,77.455,4.387,2kc8_A_l100_s777551_mpnn12_model2_af2pred,5.646,2kc8_A_l100_s777551_mpnn12_model2_af2pred,20,16,"[79, 82, 52, 84, 85, 55, 87, 88, 89, 59, 60, 91, 92, 31, 32, 63]",100,81,81.0,0,0.0,0,0.0,0,0.0,0,0.0,11,11.0,8,8.0,0,0.0,100
control_5,3.771,9.209,14.454,3.142,63.566,90.516,78.373,4.397,2kc8_A_l100_s777551_mpnn8_model2_af2pred,4.853,2kc8_A_l100_s777551_mpnn8_model2_af2pred,2,20,"[52, 54, 55, 56, 59, 60, 63, 83, 84, 85, 87, 88, 89, 91, 92, 96, 100, 28, 31, 32]",100,81,81.0,0,0.0,0,0.0,0,0.0,0,0.0,11,11.0,8,8.0,0,0.0,100
control_5,3.972,8.784,9.526,2.204,68.779,94.167,82.791,57.31,2kc8_A_l101_s496642_mpnn10_model2_af2pred,4.955,2kc8_A_l101_s496642_mpnn10_model2_af2pred,12,24,"[2, 3, 6, 7, 10, 11, 14, 17, 21, 27, 28, 29, 31, 32, 33, 34, 35, 36, 37, 38, 39, 40, 42, 43]",101,85,84.16,0,0.0,0,0.0,0,0.0,0,0.0,8,7.92,8,7.92,0,0.0,101
control_5,3.59,6.348,8.489,2.484,78.01,91.123,84.141,3.741,2kc8_A_l72_s20220_mpnn7_model2_af2pred,3.937,2kc8_A_l72_s20220_mpnn7_model2_af2pred,52,17,"[47, 16, 48, 50, 51, 57, 58, 60, 61, 64, 65, 11, 68, 44, 43, 12, 13]",72,60,83.33,0,0.0,0,0.0,0,0.0,0,0.0,4,5.56,8,11.11,0,0.0,72
control_5,3.763,8.62,13.218,3.699,66.85,87.106,76.39,54.649,2kc8_A_l73_s261854_mpnn2_model2_af2pred,4.255,2kc8_A_l73_s261854_mpnn2_model2_af2pred,31,22,"[53, 54, 57, 60, 61, 64, 67, 68, 9, 12, 16, 17, 19, 20, 22, 23, 24, 26, 27, 30, 31, 32]",73,62,84.93,3,4.11,0,0.0,0,0.0,0,0.0,4,5.48,4,5.48,0,0.0,73
control_5,3.831,8.768,13.699,3.313,65.597,87.479,75.903,3.77,2kc8_A_l73_s261854_mpnn4_model2_af2pred,5.392,2kc8_A_l73_s261854_mpnn4_model2_af2pred,65,20,"[53, 54, 57, 60, 61, 64, 12, 13, 16, 17, 19, 20, 22, 23, 24, 26, 27, 30, 31, 32]",73,62,84.93,3,4.11,0,0.0,0,0.0,0,0.0,4,5.48,4,5.48,0,0.0,73
control_5,3.691,6.061,8.805,3.111,78.691,87.889,83.054,55.66,2kc8_A_l74_s230187_mpnn2_model2_af2pred,4.571,2kc8_A_l74_s230187_mpnn2_model2_af2pred,42,22,"[46, 66, 4, 5, 8, 13, 14, 16, 17, 20, 21, 23, 24, 25, 28, 29, 31, 32, 39, 40, 42, 43]",74,55,74.32,0,0.0,0,0.0,0,0.0,0,0.0,6,8.11,13,17.57,0,0.0,74
control_5,3.865,7.436,9.789,3.229,71.985,86.139,78.699,3.673,2kc8_A_l74_s230187_mpnn4_model1_af2pred,4.657,2kc8_A_l74_s230187_mpnn4_model1_af2pred,32,24,"[46, 66, 4, 5, 8, 13, 14, 16, 17, 20, 21, 23, 24, 25, 28, 31, 32, 34, 36, 37, 39, 40, 42, 43]",74,55,74.32,0,0.0,0,0.0,0,0.0,0,0.0,6,8.11,13,17.57,0,0.0,74
control_5,3.637,8.479,10.965,2.422,66.856,89.708,77.696,3.673,2kc8_A_l74_s996375_mpnn5_model2_af2pred,4.741,2kc8_A_l74_s996375_mpnn5_model2_af2pred,80,18,"[48, 50, 56, 57, 59, 60, 61, 64, 33, 34, 67, 36, 37, 38, 68, 40, 41, 44]",74,57,77.03,0,0.0,0,0.0,0,0.0,0,0.0,11,14.86,6,8.11,0,0.0,74
control_5,4.36,8.029,11.014,3.218,68.682,88.134,77.974,59.68,2kc8_A_l75_s919080_mpnn5_model2_af2pred,5.446,2kc8_A_l75_s919080_mpnn5_model2_af2pred,94,22,"[46, 47, 49, 50, 53, 54, 55, 57, 58, 61, 62, 65, 7, 8, 12, 13, 15, 16, 20, 39, 42, 43]",75,54,72.0,6,8.0,0,0.0,0,0.0,0,0.0,0,0.0,15,20.0,0,0.0,75
control_5,4.355,9.081,11.611,3.167,65.593,87.137,75.885,3.832,2kc8_A_l75_s919080_mpnn7_model2_af2pred,5.155,2kc8_A_l75_s919080_mpnn7_model2_af2pred,71,20,"[46, 47, 49, 50, 54, 55, 57, 58, 61, 62, 65, 7, 12, 13, 15, 16, 20, 39, 42, 43]",75,54,72.0,6,8.0,0,0.0,0,0.0,0,0.0,0,0.0,15,20.0,0,0.0,75
control_5,3.792,8.312,12.426,4.221,67.865,84.845,76.033,60.015,2kc8_A_l76_s803864_mpnn12_model2_af2pred,4.683,2kc8_A_l76_s803864_mpnn12_model2_af2pred,21,22,"[47, 70, 72, 73, 74, 75, 76, 1, 3, 7, 20, 24, 33, 34, 35, 36, 37, 40, 41, 43, 44, 45]",76,54,71.05,0,0.0,0,0.0,0,0.0,0,0.0,3,3.95,19,25.0,0,0.0,76
control_5,5.986,9.744,10.502,3.933,63.756,83.941,73.596,50.739,2kc8_A_l78_s540024_mpnn7_model2_af2pred,7.328,2kc8_A_l78_s540024_mpnn7_model2_af2pred,70,27,"[47, 51, 54, 58, 61, 62, 65, 66, 8, 11, 12, 15, 16, 19, 20, 22, 23, 24, 26, 27, 30, 31, 35, 38, 39, 40, 43]",78,67,85.9,0,0.0,0,0.0,0,0.0,0,0.0,0,0.0,11,14.1,0,0.0,78
control_5,3.353,5.329,6.549,2.616,82.761,92.587,87.583,59.98,2kc8_A_l79_s532648_mpnn3_model2_af2pred,3.668,2kc8_A_l79_s532648_mpnn3_model2_af2pred,44,19,"[47, 48, 49, 50, 51, 52, 1, 2, 7, 10, 11, 13, 14, 17, 38, 40, 41, 44, 45]",79,65,82.28,0,0.0,0,0.0,0,0.0,0,0.0,5,6.33,9,11.39,0,0.0,79
control_5,3.387,6.66,8.89,2.706,75.468,90.915,83.047,3.919,2kc8_A_l79_s532648_mpnn4_model2_af2pred,4.043,2kc8_A_l79_s532648_mpnn4_model2_af2pred,24,18,"[14, 47, 48, 17, 49, 51, 52, 45, 1, 2, 38, 7, 40, 41, 10, 11, 44, 13]",79,65,82.28,0,0.0,0,0.0,0,0.0,0,0.0,5,6.33,9,11.39,0,0.0,79
control_5,3.983,9.192,12.206,2.577,63.843,88.61,75.996,3.934,2kc8_A_l79_s781183_mpnn4_model2_af2pred,4.687,2kc8_A_l79_s781183_mpnn4_model2_af2pred,18,21,"[46, 47, 49, 50, 53, 67, 70, 71, 74, 77, 1, 3, 4, 7, 8, 11, 38, 39, 42, 43, 45]",79,63,79.75,3,3.8,0,0.0,0,0.0,0,0.0,0,0.0,13,16.46,0,0.0,79
control_5,3.845,10.545,18.163,3.035,57.807,86.838,72.233,60.214,2kc8_A_l81_s147019_mpnn1_model2_af2pred,5.81,2kc8_A_l81_s147019_mpnn1_model2_af2pred,45,15,"[78, 50, 54, 58, 27, 59, 61, 30, 62, 65, 66, 68, 69, 76, 77]",81,59,72.84,0,0.0,0,0.0,0,0.0,0,0.0,4,4.94,18,22.22,0,0.0,81
control_5,3.549,7.148,9.264,2.81,73.38,90.652,81.963,3.923,2kc8_A_l81_s147019_mpnn2_model2_af2pred,4.052,2kc8_A_l81_s147019_mpnn2_model2_af2pred,89,17,"[78, 81, 53, 54, 57, 58, 27, 59, 61, 62, 65, 66, 68, 69, 7, 76, 77]",81,58,71.6,0,0.0,0,0.0,0,0.0,0,0.0,4,4.94,19,23.46,0,0.0,81
control_5,3.356,4.949,6.567,2.806,85.475,94.186,89.804,3.906,2kc8_A_l81_s842060_mpnn13_model1_af2pred,4.1,2kc8_A_l81_s842060_mpnn13_model1_af2pred,22,16,"[46, 47, 16, 48, 49, 52, 53, 23, 24, 27, 37, 39, 41, 42, 44, 45]",81,69,85.19,0,0.0,0,0.0,0,0.0,0,0.0,7,8.64,5,6.17,0,0.0,81
control_5,3.714,5.929,6.117,2.382,81.302,91.6,84.95,3.267,2kc8_A_l45_s6670_mpnn4_model1_af2pred,4.471,2kc8_A_l45_s6670_mpnn4_model1_af2pred,81,20,"[6, 7, 10, 11, 13, 14, 16, 17, 18, 20, 21, 26, 27, 31, 32, 35, 36, 39, 42, 43]",45,38,84.44,0,0.0,0,0.0,0,0.0,0,0.0,4,8.89,3,6.67,0,0.0,45
control_5,2.357,8.073,9.758,4.5,71.532,82.51,75.532,58.094,2kc8_A_l47_s307859_mpnn3_model1_af2pred,2.447,2kc8_A_l47_s307859_mpnn3_model1_af2pred,62,18,"[14, 15, 17, 18, 19, 40, 21, 22, 26, 1, 2, 3, 4, 5, 6, 7, 8, 11]",47,34,72.34,0,0.0,0,0.0,5,10.64,0,0.0,0,0.0,8,17.02,0,0.0,47
control_5,2.759,7.066,8.852,3.991,75.729,85.299,79.216,3.217,2kc8_A_l47_s307859_mpnn5_model1_af2pred,2.877,2kc8_A_l47_s307859_mpnn5_model1_af2pred,30,20,"[1, 2, 3, 4, 5, 6, 7, 8, 9, 11, 14, 15, 17, 18, 19, 21, 22, 26, 37, 40]",47,34,72.34,0,0.0,0,0.0,5,10.64,0,0.0,0,0.0,8,17.02,0,0.0,47
control_5,4.457,9.523,9.813,3.446,68.258,85.396,74.83,56.733,2kc8_A_l51_s868882_mpnn6_model2_af2pred,5.454,2kc8_A_l51_s868882_mpnn6_model2_af2pred,60,22,"[1, 2, 3, 8, 11, 15, 18, 19, 22, 26, 28, 30, 31, 33, 34, 35, 37, 38, 41, 42, 44, 45]",51,43,84.31,0,0.0,0,0.0,0,0.0,0,0.0,0,0.0,8,15.69,0,0.0,51
control_5,4.186,9.579,10.187,3.575,67.975,85.055,74.525,3.272,2kc8_A_l51_s868882_mpnn7_model2_af2pred,5.234,2kc8_A_l51_s868882_mpnn7_model2_af2pred,41,20,"[48, 1, 3, 11, 15, 18, 19, 22, 26, 30, 31, 33, 34, 35, 37, 38, 41, 42, 44, 45]",51,43,84.31,0,0.0,0,0.0,0,0.0,0,0.0,0,0.0,8,15.69,0,0.0,51
control_5,2.969,9.643,13.24,3.578,61.619,79.704,68.88,56.908,2kc8_A_l55_s540793_mpnn10_model2_af2pred,4.84,2kc8_A_l55_s540793_mpnn10_model2_af2pred,92,25,"[50, 51, 52, 53, 54, 55, 3, 6, 7, 10, 13, 14, 17, 21, 25, 26, 27, 28, 33, 34, 37, 38, 41, 44, 45]",55,44,80.0,0,0.0,0,0.0,0,0.0,1,1.82,0,0.0,10,18.18,0,0.0,55
control_5,3.17,9.926,14.295,3.933,60.8,77.675,67.575,3.406,2kc8_A_l55_s540793_mpnn11_model2_af2pred,6.129,2kc8_A_l55_s540793_mpnn11_model2_af2pred,19,21,"[50, 51, 52, 53, 54, 55, 3, 10, 13, 14, 17, 18, 21, 25, 27, 28, 34, 38, 41, 44, 45]",55,44,80.0,0,0.0,0,0.0,2,3.64,0,0.0,0,0.0,9,16.36,0,0.0,55
control_5,2.261,8.93,9.806,3.734,67.548,84.835,74.488,3.378,2kc8_A_l55_s552878_mpnn17_model2_af2pred,2.588,2kc8_A_l55_s552878_mpnn17_model2_af2pred,49,21,"[46, 47, 49, 50, 53, 1, 2, 5, 8, 9, 12, 16, 34, 35, 37, 38, 39, 41, 42, 43, 45]",55,47,85.45,0,0.0,0,0.0,0,0.0,0,0.0,4,7.27,4,7.27,0,0.0,55
control_5,3.718,10.726,17.447,3.13,56.933,89.388,75.381,4.638,2kc8_A_l108_s735892_mpnn4_model2_af2pred,4.572,2kc8_A_l108_s735892_mpnn4_model2_af2pred,43,20,"[61, 65, 72, 75, 77, 78, 80, 81, 82, 84, 85, 88, 1, 2, 6, 10, 13, 15, 16, 19]",108,95,87.96,0,0.0,0,0.0,0,0.0,0,0.0,0,0.0,13,12.04,0,0.0,108
control_5,3.7,8.637,13.016,2.78,65.583,90.946,80.114,54.062,2kc8_A_l110_s47637_mpnn2_model2_af2pred,5.109,2kc8_A_l110_s47637_mpnn2_model2_af2pred,93,25,"[77, 2, 3, 6, 7, 9, 10, 11, 13, 14, 15, 17, 18, 21, 22, 24, 25, 27, 28, 32, 36, 39, 40, 42, 43]",110,85,77.27,11,10.0,0,0.0,0,0.0,0,0.0,6,5.45,8,7.27,0,0.0,110
control_5,3.413,5.827,7.487,2.559,80.531,93.55,87.99,4.584,2kc8_A_l110_s47637_mpnn7_model2_af2pred,4.037,2kc8_A_l110_s47637_mpnn7_model2_af2pred,83,21,"[3, 6, 7, 9, 10, 13, 14, 17, 18, 21, 24, 25, 26, 27, 28, 32, 36, 39, 40, 42, 43]",110,85,77.27,12,10.91,0,0.0,0,0.0,0,0.0,5,4.55,8,7.27,0,0.0,110
control_5,4.179,8.745,10.979,3.852,68.409,91.17,81.5,58.73,2kc8_A_l111_s535712_mpnn17_model2_af2pred,4.534,2kc8_A_l111_s535712_mpnn17_model2_af2pred,82,21,"[46, 86, 89, 90, 91, 93, 94, 96, 97, 98, 100, 101, 106, 107, 108, 110, 111, 30, 35, 36, 39]",111,98,88.29,0,0.0,0,0.0,0,0.0,0,0.0,4,3.6,9,8.11,0,0.0,111
control_5,4.153,8.853,11.756,3.83,67.578,90.432,80.772,59.021,2kc8_A_l112_s201776_mpnn5_model2_af2pred,5.046,2kc8_A_l112_s201776_mpnn5_model2_af2pred,47,23,"[46, 49, 52, 53, 56, 57, 60, 63, 24, 25, 27, 28, 31, 32, 34, 35, 37, 38, 39, 41, 43, 44, 45]",112,98,87.5,0,0.0,0,0.0,0,0.0,0,0.0,3,2.68,11,9.82,0,0.0,112
control_5,4.13,9.63,12.36,3.911,64.632,90.214,79.401,4.763,2kc8_A_l112_s201776_mpnn6_model1_af2pred,4.829,2kc8_A_l112_s201776_mpnn6_model1_af2pred,16,24,"[46, 49, 52, 53, 56, 57, 60, 63, 24, 25, 27, 28, 29, 31, 32, 34, 35, 37, 38, 39, 41, 43, 44, 45]",112,98,87.5,0,0.0,0,0.0,0,0.0,0,0.0,3,2.68,11,9.82,0,0.0,112
control_5,3.864,6.911,9.077,2.519,75.377,93.214,85.713,59.849,2kc8_A_l113_s672375_mpnn4_model2_af2pred,4.704,2kc8_A_l113_s672375_mpnn4_model2_af2pred,78,25,"[48, 49, 50, 52, 53, 104, 106, 107, 109, 110, 13, 16, 17, 19, 20, 22, 24, 26, 27, 28, 29, 30, 31, 33, 34]",113,88,77.88,5,4.42,0,0.0,0,0.0,0,0.0,4,3.54,16,14.16,0,0.0,113
control_5,3.92,10.076,14.907,2.588,60.853,77.551,66.77,58.289,2kc8_A_l45_s6670_mpnn2_model2_af2pred,4.688,2kc8_A_l45_s6670_mpnn2_model2_af2pred,57,15,"[14, 16, 17, 21, 26, 27, 42, 32, 35, 43, 6, 39, 10, 11, 13]",45,38,84.44,0,0.0,0,0.0,0,0.0,0,0.0,4,8.89,3,6.67,0,0.0,45
control_5,5.259,9.164,11.296,3.201,66.552,91.302,80.507,4.433,2kc8_A_l106_s491075_mpnn19_model2_af2pred,5.778,2kc8_A_l106_s491075_mpnn19_model2_af2pred,100,20,"[53, 57, 90, 91, 93, 94, 97, 98, 100, 101, 102, 104, 105, 106, 10, 11, 12, 14, 15, 18]",106,76,71.7,6,5.66,0,0.0,0,0.0,0,0.0,4,3.77,20,18.87,0,0.0,106
control_5,5.02,10.672,16.791,2.856,57.113,89.738,75.508,4.437,2kc8_A_l106_s894227_mpnn4_model2_af2pred,6.442,2kc8_A_l106_s894227_mpnn4_model2_af2pred,88,13,"[79, 83, 84, 86, 87, 89, 90, 91, 93, 94, 97, 98, 5]",106,90,84.91,0,0.0,0,0.0,0,0.0,0,0.0,0,0.0,16,15.09,0,0.0,106
control_5,5.049,10.839,17.658,3.051,56.178,89.047,74.711,4.429,2kc8_A_l106_s894227_mpnn5_model2_af2pred,6.776,2kc8_A_l106_s894227_mpnn5_model2_af2pred,14,14,"[79, 83, 84, 86, 87, 89, 90, 91, 93, 94, 97, 98, 5, 101]",106,89,83.96,0,0.0,0,0.0,0,0.0,0,0.0,3,2.83,14,13.21,0,0.0,106
control_5,4.004,9.786,21.92,3.525,59.696,90.09,76.903,58.642,2kc8_A_l107_s308337_mpnn20_model2_af2pred,6.164,2kc8_A_l107_s308337_mpnn20_model2_af2pred,28,15,"[53, 24, 25, 56, 57, 28, 60, 31, 32, 65, 66, 35, 67, 68, 38]",107,82,76.64,0,0.0,0,0.0,0,0.0,0,0.0,11,10.28,14,13.08,0,0.0,107
control_5,4.114,9.619,23.254,4.239,61.057,88.78,76.752,4.616,2kc8_A_l107_s308337_mpnn4_model2_af2pred,8.803,2kc8_A_l107_s308337_mpnn4_model2_af2pred,85,11,"[22, 24, 25, 28, 31, 32, 65, 66, 35, 67, 38]",107,82,76.64,0,0.0,0,0.0,0,0.0,0,0.0,11,10.28,14,13.08,0,0.0,107
control_5,3.701,9.485,13.532,2.78,63.737,91.096,79.226,4.606,2kc8_A_l107_s784511_mpnn3_model2_af2pred,5.008,2kc8_A_l107_s784511_mpnn3_model2_af2pred,99,17,"[14, 47, 48, 17, 50, 51, 52, 54, 55, 56, 58, 59, 3, 7, 10, 44, 45]",107,85,79.44,3,2.8,0,0.0,0,0.0,0,0.0,8,7.48,11,10.28,0,0.0,107
control_5,3.748,10.111,13.486,3.038,62.087,90.31,78.065,4.719,2kc8_A_l107_s784511_mpnn6_model2_af2pred,5.617,2kc8_A_l107_s784511_mpnn6_model2_af2pred,67,20,"[47, 48, 50, 51, 52, 54, 55, 56, 58, 59, 62, 3, 7, 10, 14, 17, 29, 41, 44, 45]",107,85,79.44,3,2.8,0,0.0,0,0.0,0,0.0,8,7.48,11,10.28,0,0.0,107
control_5,3.533,10.229,16.163,2.978,59.169,90.579,77.023,59.296,2kc8_A_l108_s735892_mpnn13_model2_af2pred,3.948,2kc8_A_l108_s735892_mpnn13_model2_af2pred,86,21,"[61, 65, 72, 75, 77, 78, 80, 81, 82, 84, 85, 87, 88, 1, 2, 6, 10, 13, 15, 16, 19]",108,95,87.96,0,0.0,0,0.0,0,0.0,0,0.0,0,0.0,13,12.04,0,0.0,108
control_5,4.041,8.77,9.182,2.207,69.496,94.279,83.174,4.559,2kc8_A_l101_s496642_mpnn5_model2_af2pred,5.015,2kc8_A_l101_s496642_mpnn5_model2_af2pred,25,23,"[3, 7, 10, 11, 14, 18, 21, 27, 28, 29, 31, 32, 33, 34, 35, 36, 37, 38, 39, 40, 41, 42, 43]",101,85,84.16,0,0.0,0,0.0,0,0.0,0,0.0,8,7.92,8,7.92,0,0.0,101
control_5,4.165,9.021,12.439,2.994,66.958,91.534,80.582,53.607,2kc8_A_l102_s459338_mpnn10_model2_af2pred,5.752,2kc8_A_l102_s459338_mpnn10_model2_af2pred,5,20,"[48, 51, 52, 55, 56, 59, 60, 63, 1, 2, 3, 4, 5, 8, 36, 39, 40, 42, 43, 44]",102,87,85.29,3,2.94,0,0.0,0,0.0,0,0.0,6,5.88,6,5.88,0,0.0,102
control_5,4.13,10.149,16.692,2.864,60.577,91.15,77.525,4.34,2kc8_A_l102_s459338_mpnn12_model2_af2pred,5.952,2kc8_A_l102_s459338_mpnn12_model2_af2pred,29,16,"[39, 48, 52, 55, 56, 59, 1, 2, 3, 4, 5, 35, 36, 40, 43, 44]",102,86,84.31,3,2.94,0,0.0,0,0.0,0,0.0,6,5.88,7,6.86,0,0.0,102
control_5,4.042,9.225,13.59,2.717,64.312,91.441,79.351,4.297,2kc8_A_l102_s553905_mpnn1_model2_af2pred,5.891,2kc8_A_l102_s553905_mpnn1_model2_af2pred,74,19,"[46, 47, 49, 50, 51, 53, 54, 57, 60, 27, 31, 34, 35, 38, 39, 40, 41, 44, 45]",102,78,76.47,3,2.94,0,0.0,0,0.0,0,0.0,4,3.92,17,16.67,0,0.0,102
control_5,4.2,9.048,13.223,2.979,64.886,90.838,79.273,4.303,2kc8_A_l102_s553905_mpnn5_model2_af2pred,5.581,2kc8_A_l102_s553905_mpnn5_model2_af2pred,11,18,"[46, 47, 49, 50, 51, 53, 54, 57, 60, 31, 34, 35, 38, 39, 40, 41, 44, 45]",102,76,74.51,3,2.94,0,0.0,0,0.0,0,0.0,8,7.84,15,14.71,0,0.0,102
control_5,4.21,9.05,13.04,2.637,63.946,92.001,79.566,58.141,2kc8_A_l103_s675425_mpnn2_model1_af2pred,8.732,2kc8_A_l103_s675425_mpnn2_model1_af2pred,51,20,"[46, 47, 49, 50, 52, 53, 54, 56, 57, 59, 60, 61, 63, 64, 71, 100, 31, 34, 35, 38]",103,90,87.38,0,0.0,0,0.0,0,0.0,0,0.0,4,3.88,9,8.74,0,0.0,103
control_5,3.565,10.595,16.739,2.614,58.001,90.934,76.337,4.64,2kc8_A_l103_s675425_mpnn4_model2_af2pred,7.272,2kc8_A_l103_s675425_mpnn4_model2_af2pred,26,21,"[46, 47, 49, 50, 52, 53, 54, 56, 57, 58, 60, 61, 63, 64, 67, 100, 31, 34, 35, 38, 45]",103,89,86.41,0,0.0,0,0.0,0,0.0,0,0.0,4,3.88,10,9.71,0,0.0,103
control_5,5.217,9.382,12.177,3.152,64.745,91.218,79.671,53.851,2kc8_A_l106_s491075_mpnn10_model2_af2pred,5.851,2kc8_A_l106_s491075_mpnn10_model2_af2pred,61,22,"[53, 57, 58, 59, 90, 91, 93, 94, 97, 98, 100, 101, 102, 104, 105, 106, 10, 11, 12, 14, 15, 18]",106,76,71.7,6,5.66,0,0.0,0,0.0,0,0.0,5,4.72,19,17.92,0,0.0,106
control_5,3.644,11.511,22.757,3.888,54.554,79.151,65.614,58.785,2kc8_A_l67_s334963_mpnn1_model2_af2pred,6.117,2kc8_A_l67_s334963_mpnn1_model2_af2pred,35,11,"[29, 33, 3, 36, 37, 43, 7, 40, 41, 11, 45]",67,59,88.06,0,0.0,0,0.0,0,0.0,0,0.0,0,0.0,8,11.94,0,0.0,67
control_5,3.777,11.39,23.421,4.346,54.445,77.014,64.594,3.665,2kc8_A_l67_s334963_mpnn6_model2_af2pred,14.01,2kc8_A_l67_s334963_mpnn6_model2_af2pred,48,7,"[30, 33, 37, 38, 40, 41, 11]",67,59,88.06,0,0.0,0,0.0,0,0.0,0,0.0,0,0.0,8,11.94,0,0.0,67
control_5,3.7,9.965,15.023,2.872,61.461,87.012,72.95,3.62,2kc8_A_l67_s690716_mpnn18_model2_af2pred,5.766,2kc8_A_l67_s690716_mpnn18_model2_af2pred,46,18,"[14, 15, 19, 40, 43, 41, 1, 34, 37, 4, 5, 38, 7, 8, 9, 42, 11, 12]",67,52,77.61,4,5.97,0,0.0,0,0.0,0,0.0,4,5.97,7,10.45,0,0.0,67
control_5,3.981,7.434,9.083,3.172,72.649,87.191,79.294,57.964,2kc8_A_l69_s313605_mpnn9_model2_af2pred,4.332,2kc8_A_l69_s313605_mpnn9_model2_af2pred,34,22,"[1, 2, 6, 7, 10, 11, 13, 14, 17, 18, 21, 22, 31, 32, 34, 35, 36, 38, 39, 41, 42, 45]",69,52,75.36,0,0.0,0,0.0,0,0.0,0,0.0,4,5.8,13,18.84,0,0.0,69
control_5,2.318,6.173,6.967,3.639,79.631,89.758,84.295,54.374,2kc8_A_l70_s451591_mpnn1_model1_af2pred,2.558,2kc8_A_l70_s451591_mpnn1_model1_af2pred,40,28,"[46, 49, 50, 52, 53, 54, 56, 57, 60, 61, 2, 3, 4, 5, 25, 26, 27, 31, 32, 34, 36, 37, 38, 39, 40, 41, 42, 44]",70,36,51.43,0,0.0,0,0.0,16,22.86,0,0.0,5,7.14,13,18.57,0,0.0,70
control_5,2.313,6.491,7.473,3.864,77.865,87.792,82.436,3.556,2kc8_A_l70_s451591_mpnn2_model2_af2pred,2.562,2kc8_A_l70_s451591_mpnn2_model2_af2pred,0,28,"[46, 49, 50, 52, 53, 54, 56, 57, 60, 61, 2, 3, 4, 5, 25, 26, 27, 31, 32, 34, 36, 37, 38, 39, 40, 41, 42, 44]",70,30,42.86,6,8.57,0,0.0,16,22.86,0,0.0,5,7.14,13,18.57,0,0.0,70
control_5,3.579,9.496,15.17,4.444,64.254,84.44,73.622,58.367,2kc8_A_l71_s434942_mpnn4_model2_af2pred,4.108,2kc8_A_l71_s434942_mpnn4_model2_af2pred,69,16,"[47, 48, 49, 50, 52, 53, 54, 56, 57, 60, 34, 35, 38, 41, 42, 44]",71,54,76.06,0,0.0,0,0.0,0,0.0,0,0.0,7,9.86,10,14.08,0,0.0,71
control_5,4.069,9.842,13.996,2.627,61.38,87.811,73.737,58.816,2kc8_A_l72_s20220_mpnn1_model2_af2pred,4.998,2kc8_A_l72_s20220_mpnn1_model2_af2pred,87,18,"[47, 16, 48, 50, 51, 57, 58, 60, 61, 62, 64, 65, 11, 68, 44, 43, 12, 13]",72,59,81.94,0,0.0,0,0.0,0,0.0,0,0.0,4,5.56,9,12.5,0,0.0,72
control_5,3.56,6.297,13.805,2.517,76.448,89.722,82.317,57.651,2kc8_A_l65_s136307_mpnn3_model2_af2pred,4.908,2kc8_A_l65_s136307_mpnn3_model2_af2pred,15,15,"[39, 47, 48, 38, 28, 34, 3, 35, 6, 7, 40, 41, 10, 43, 44]",65,56,86.15,0,0.0,0,0.0,0,0.0,0,0.0,3,4.62,6,9.23,0,0.0,65
control_5,3.535,10.975,21.981,4.126,57.557,84.336,69.398,3.57,2kc8_A_l65_s191459_mpnn3_model1_af2pred,6.302,2kc8_A_l65_s191459_mpnn3_model1_af2pred,36,10,"[48, 17, 49, 21, 24, 25, 28, 38, 41, 45]",65,57,87.69,0,0.0,0,0.0,0,0.0,0,0.0,0,0.0,8,12.31,0,0.0,65
control_5,2.247,7.596,8.636,3.453,72.155,88.467,79.368,3.555,2kc8_A_l65_s81700_mpnn4_model2_af2pred,3.002,2kc8_A_l65_s81700_mpnn4_model2_af2pred,96,22,"[48, 49, 52, 55, 56, 59, 65, 20, 23, 25, 26, 28, 29, 30, 32, 33, 36, 37, 39, 41, 44, 45]",65,54,83.08,0,0.0,0,0.0,0,0.0,0,0.0,3,4.62,8,12.31,0,0.0,65
control_5,2.262,8.575,10.142,3.437,67.764,86.455,76.029,3.56,2kc8_A_l65_s81700_mpnn6_model2_af2pred,2.846,2kc8_A_l65_s81700_mpnn6_model2_af2pred,77,21,"[48, 49, 52, 55, 56, 59, 20, 23, 25, 26, 28, 29, 30, 32, 33, 36, 37, 39, 41, 44, 45]",65,54,83.08,0,0.0,0,0.0,0,0.0,0,0.0,3,4.62,8,12.31,0,0.0,65
control_5,3.366,5.189,7.058,2.936,84.301,91.223,87.388,50.401,2kc8_A_l66_s60619_mpnn1_model2_af2pred,4.213,2kc8_A_l66_s60619_mpnn1_model2_af2pred,75,16,"[14, 46, 18, 20, 22, 23, 24, 25, 27, 28, 29, 31, 32, 33, 35, 36]",66,51,77.27,0,0.0,0,0.0,0,0.0,0,0.0,5,7.58,10,15.15,0,0.0,66
control_5,3.342,5.481,7.429,2.799,83.029,91.443,86.781,3.524,2kc8_A_l66_s60619_mpnn2_model2_af2pred,4.067,2kc8_A_l66_s60619_mpnn2_model2_af2pred,4,15,"[14, 46, 18, 20, 22, 23, 24, 25, 27, 28, 29, 31, 32, 33, 35]",66,51,77.27,0,0.0,0,0.0,0,0.0,0,0.0,5,7.58,10,15.15,0,0.0,66
control_5,3.631,8.346,10.234,2.446,68.193,88.83,77.396,3.504,2kc8_A_l66_s751311_mpnn2_model2_af2pred,5.341,2kc8_A_l66_s751311_mpnn2_model2_af2pred,95,23,"[6, 10, 11, 13, 14, 15, 16, 17, 18, 20, 21, 22, 23, 24, 30, 31, 33, 34, 37, 38, 41, 42, 44]",66,57,86.36,0,0.0,0,0.0,0,0.0,0,0.0,3,4.55,6,9.09,0,0.0,66
control_5,3.595,8.664,11.125,2.224,66.723,89.213,76.752,3.486,2kc8_A_l66_s751311_mpnn6_model1_af2pred,4.724,2kc8_A_l66_s751311_mpnn6_model1_af2pred,66,20,"[6, 10, 11, 13, 14, 16, 17, 18, 20, 21, 22, 24, 30, 31, 33, 34, 37, 38, 41, 44]",66,57,86.36,0,0.0,0,0.0,0,0.0,0,0.0,3,4.55,6,9.09,0,0.0,66
control_5,3.709,8.422,8.76,2.545,70.011,91.574,79.122,3.489,2kc8_A_l60_s136412_mpnn9_model2_af2pred,4.015,2kc8_A_l60_s136412_mpnn9_model2_af2pred,54,26,"[47, 48, 51, 52, 55, 58, 59, 4, 7, 10, 11, 12, 13, 14, 15, 17, 18, 19, 21, 22, 24, 25, 26, 36, 40, 44]",60,53,88.33,3,5.0,0,0.0,0,0.0,0,0.0,0,0.0,4,6.67,0,0.0,60
control_5,3.824,7.549,10.406,3.041,73.513,90.434,80.865,56.823,2kc8_A_l63_s509532_mpnn2_model2_af2pred,4.299,2kc8_A_l63_s509532_mpnn2_model2_af2pred,63,19,"[49, 17, 20, 21, 24, 28, 30, 31, 33, 34, 35, 37, 38, 39, 40, 41, 42, 44, 45]",63,56,88.89,3,4.76,0,0.0,0,0.0,0,0.0,0,0.0,4,6.35,0,0.0,63
control_5,3.768,9.276,14.369,3.429,64.254,84.558,73.076,3.569,2kc8_A_l63_s509532_mpnn4_model2_af2pred,8.321,2kc8_A_l63_s509532_mpnn4_model2_af2pred,33,15,"[46, 17, 20, 21, 24, 42, 31, 34, 35, 37, 38, 41, 10, 44, 45]",63,56,88.89,3,4.76,0,0.0,0,0.0,0,0.0,0,0.0,4,6.35,0,0.0,63
control_5,3.921,10.531,18.47,2.987,58.968,84.464,70.046,3.545,2kc8_A_l63_s928878_mpnn13_model2_af2pred,5.252,2kc8_A_l63_s928878_mpnn13_model2_af2pred,53,14,"[52, 23, 26, 27, 28, 60, 30, 31, 61, 62, 34, 63, 37, 38]",63,52,82.54,0,0.0,0,0.0,0,0.0,0,0.0,0,0.0,11,17.46,0,0.0,63
control_5,3.785,7.782,10.674,3.295,71.376,85.669,77.641,60.098,2kc8_A_l64_s722851_mpnn2_model2_af2pred,3.968,2kc8_A_l64_s722851_mpnn2_model2_af2pred,91,23,"[49, 52, 53, 56, 14, 15, 18, 19, 21, 22, 23, 24, 25, 28, 29, 32, 33, 34, 36, 37, 39, 40, 41]",64,56,87.5,0,0.0,0,0.0,0,0.0,0,0.0,0,0.0,8,12.5,0,0.0,64
control_5,3.72,7.102,8.933,3.15,74.802,87.58,80.403,3.591,2kc8_A_l64_s722851_mpnn4_model2_af2pred,4.636,2kc8_A_l64_s722851_mpnn4_model2_af2pred,6,21,"[49, 52, 53, 14, 15, 18, 19, 21, 22, 23, 24, 25, 29, 32, 33, 34, 36, 37, 40, 41, 45]",64,57,89.06,0,0.0,0,0.0,0,0.0,0,0.0,0,0.0,7,10.94,0,0.0,64
control_5,3.538,5.219,6.228,3.138,84.926,92.799,88.377,3.556,2kc8_A_l64_s754486_mpnn1_model1_af2pred,3.949,2kc8_A_l64_s754486_mpnn1_model1_af2pred,50,26,"[46, 49, 50, 53, 2, 10, 13, 14, 16, 17, 20, 21, 24, 25, 30, 32, 33, 34, 35, 36, 38, 39, 40, 42, 43, 45]",64,55,85.94,0,0.0,0,0.0,0,0.0,0,0.0,0,0.0,9,14.06,0,0.0,64
control_5,3.3,5.237,6.295,2.94,84.197,92.785,87.962,3.535,2kc8_A_l64_s754486_mpnn2_model2_af2pred,3.743,2kc8_A_l64_s754486_mpnn2_model2_af2pred,13,27,"[46, 49, 50, 53, 2, 10, 13, 14, 16, 17, 20, 21, 24, 25, 30, 31, 32, 33, 34, 35, 36, 38, 39, 40, 42, 43, 45]",64,55,85.94,0,0.0,0,0.0,0,0.0,0,0.0,0,0.0,9,14.06,0,0.0,64
control_5,3.036,6.428,7.234,3.464,79.754,90.835,84.203,5.747,2kc8_A_l55_s552878_mpnn1_model2_af2pred,3.309,2kc8_A_l55_s552878_mpnn1_model2_af2pred,84,22,"[46, 47, 49, 50, 53, 2, 5, 8, 9, 12, 15, 16, 19, 34, 35, 37, 38, 39, 41, 42, 43, 45]",55,47,85.45,0,0.0,0,0.0,0,0.0,0,0.0,4,7.27,4,7.27,0,0.0,55
control_5,3.666,10.803,17.356,3.631,58.031,80.261,67.052,57.318,2kc8_A_l56_s18076_mpnn15_model1_af2pred,4.68,2kc8_A_l56_s18076_mpnn15_model1_af2pred,90,16,"[15, 16, 19, 20, 23, 26, 28, 31, 32, 35, 38, 39, 9, 42, 12, 13]",56,51,91.07,0,0.0,0,0.0,0,0.0,0,0.0,0,0.0,5,8.93,0,0.0,56
control_5,3.824,11.6,17.86,3.708,55.108,79.976,65.2,3.405,2kc8_A_l56_s18076_mpnn8_model1_af2pred,5.572,2kc8_A_l56_s18076_mpnn8_model1_af2pred,58,16,"[15, 16, 19, 20, 23, 26, 28, 31, 32, 35, 38, 39, 9, 42, 12, 13]",56,52,92.86,0,0.0,0,0.0,0,0.0,0,0.0,0,0.0,4,7.14,0,0.0,56
control_5,4.019,10.83,17.938,3.794,58.242,82.892,68.245,3.39,2kc8_A_l56_s797730_mpnn2_model2_af2pred,6.281,2kc8_A_l56_s797730_mpnn2_model2_af2pred,97,11,"[47, 20, 21, 24, 25, 28, 33, 36, 37, 40, 41]",56,52,92.86,0,0.0,0,0.0,0,0.0,0,0.0,0,0.0,4,7.14,0,0.0,56
control_5,3.859,11.136,19.628,4.024,57.27,82.186,67.381,3.366,2kc8_A_l56_s797730_mpnn3_model2_af2pred,6.531,2kc8_A_l56_s797730_mpnn3_model2_af2pred,10,11,"[47, 21, 24, 25, 28, 29, 33, 36, 37, 40, 41]",56,52,92.86,0,0.0,0,0.0,0,0.0,0,0.0,0,0.0,4,7.14,0,0.0,56
control_5,2.918,8.83,10.386,4.784,68.926,84.817,75.576,56.929,2kc8_A_l59_s851805_mpnn1_model2_af2pred,4.258,2kc8_A_l59_s851805_mpnn1_model2_af2pred,76,24,"[47, 3, 4, 7, 8, 11, 14, 15, 18, 19, 20, 22, 23, 24, 25, 26, 31, 32, 33, 36, 37, 40, 43, 44]",59,45,76.27,0,0.0,0,0.0,0,0.0,0,0.0,11,18.64,3,5.08,0,0.0,59
control_5,2.673,9.532,11.239,4.799,66.472,84.17,73.878,3.48,2kc8_A_l59_s851805_mpnn2_model2_af2pred,3.617,2kc8_A_l59_s851805_mpnn2_model2_af2pred,3,25,"[47, 3, 7, 8, 11, 12, 14, 15, 16, 18, 19, 20, 21, 22, 23, 24, 26, 31, 32, 33, 36, 37, 40, 43, 44]",59,45,76.27,0,0.0,0,0.0,0,0.0,0,0.0,8,13.56,6,10.17,0,0.0,59
control_5,3.581,8.397,8.976,2.533,69.688,91.518,78.912,56.638,2kc8_A_l60_s136412_mpnn5_model2_af2pred,3.748,2kc8_A_l60_s136412_mpnn5_model2_af2pred,68,27,"[47, 48, 51, 52, 55, 58, 59, 4, 7, 8, 10, 11, 12, 13, 14, 15, 17, 18, 19, 21, 22, 24, 25, 26, 36, 40, 44]",60,53,88.33,3,5.0,0,0.0,0,0.0,0,0.0,0,0.0,4,6.67,0,0.0,60
control_5,3.311,4.778,6.518,3.203,86.763,93.331,90.027,3.908,2kc8_A_l81_s842060_mpnn7_model1_af2pred,4.146,2kc8_A_l81_s842060_mpnn7_model1_af2pred,79,16,"[46, 48, 49, 51, 52, 53, 23, 24, 56, 27, 37, 38, 39, 41, 42, 45]",81,69,85.19,0,0.0,0,0.0,0,0.0,0,0.0,7,8.64,5,6.17,0,0.0,81
control_5,3.908,11.123,20.812,4.118,55.708,85.052,70.469,54.838,2kc8_A_l83_s417276_mpnn1_model1_af2pred,5.614,2kc8_A_l83_s417276_mpnn1_model1_af2pred,1,13,"[50, 21, 53, 54, 24, 25, 57, 58, 28, 61, 32, 39, 40]",83,75,90.36,3,3.61,0,0.0,0,0.0,0,0.0,0,0.0,5,6.02,0,0.0,83
control_5,3.647,10.988,17.162,4.43,57.047,85.167,71.192,4.123,2kc8_A_l83_s417276_mpnn2_model2_af2pred,4.244,2kc8_A_l83_s417276_mpnn2_model2_af2pred,38,19,"[46, 48, 49, 50, 51, 53, 54, 57, 58, 61, 21, 24, 25, 28, 32, 35, 39, 40, 45]",83,75,90.36,3,3.61,0,0.0,0,0.0,0,0.0,2,2.41,3,3.61,0,0.0,83
control_5,3.552,6.322,9.668,2.986,77.202,91.576,84.56,57.352,2kc8_A_l86_s251261_mpnn17_model2_af2pred,3.924,2kc8_A_l86_s251261_mpnn17_model2_af2pred,56,21,"[48, 51, 52, 53, 54, 56, 57, 59, 60, 61, 63, 64, 1, 2, 3, 5, 6, 7, 8, 10, 44]",86,72,83.72,0,0.0,0,0.0,0,0.0,0,0.0,4,4.65,10,11.63,0,0.0,86
control_5,3.455,6.055,10.367,3.3,78.05,90.393,84.368,3.933,2kc8_A_l86_s251261_mpnn20_model2_af2pred,4.094,2kc8_A_l86_s251261_mpnn20_model2_af2pred,98,19,"[48, 51, 52, 53, 54, 56, 57, 59, 60, 61, 63, 64, 68, 1, 2, 5, 6, 7, 44]",86,72,83.72,0,0.0,0,0.0,0,0.0,0,0.0,4,4.65,10,11.63,0,0.0,86
control_5,4.156,9.332,11.729,3.117,65.67,88.731,77.607,55.185,2kc8_A_l88_s835392_mpnn1_model2_af2pred,6.122,2kc8_A_l88_s835392_mpnn1_model2_af2pred,59,22,"[70, 71, 74, 76, 3, 6, 7, 9, 10, 12, 13, 14, 16, 17, 18, 20, 21, 23, 24, 25, 31, 34]",88,74,84.09,0,0.0,0,0.0,0,0.0,0,0.0,7,7.95,7,7.95,0,0.0,88
control_5,4.737,9.707,11.246,3.022,65.347,88.628,77.399,4.116,2kc8_A_l88_s835392_mpnn7_model2_af2pred,5.798,2kc8_A_l88_s835392_mpnn7_model2_af2pred,23,23,"[70, 71, 72, 74, 76, 3, 6, 7, 9, 10, 12, 13, 14, 16, 17, 18, 20, 21, 23, 24, 25, 34, 42]",88,74,84.09,0,0.0,0,0.0,0,0.0,0,0.0,7,7.95,7,7.95,0,0.0,88
control_5,3.845,7.984,10.548,2.696,69.995,92.054,81.414,4.161,2kc8_A_l88_s951424_mpnn15_model2_af2pred,4.955,2kc8_A_l88_s951424_mpnn15_model2_af2pred,8,17,"[78, 80, 81, 82, 84, 21, 85, 88, 27, 30, 31, 34, 38, 73, 74, 75, 77]",88,81,92.05,0,0.0,0,0.0,0,0.0,0,0.0,0,0.0,7,7.95,0,0.0,88
control_5,3.141,9.323,10.28,3.853,66.594,89.84,78.948,61.196,2kc8_A_l93_s214848_mpnn9_model2_af2pred,3.343,2kc8_A_l93_s214848_mpnn9_model2_af2pred,7,29,"[48, 73, 77, 1, 2, 4, 5, 6, 7, 8, 9, 10, 11, 12, 13, 14, 17, 18, 20, 23, 24, 27, 28, 30, 31, 34, 35, 39, 45]",93,69,74.19,0,0.0,0,0.0,6,6.45,0,0.0,4,4.3,14,15.05,0,0.0,93
